          Index           Name           S[m]       Beta1[m]         Alfa1x       Beta2[m]          Alfa2            c11            c12            c21            c22          Dx[m]            Dxp          Dy[m]            Dyp      Q1 [2*PI]      Q2 [2*PI]
              0          DTEMP          0.098        5.05781    -0.00317314        4.93418     -0.0292256      -0.329241      -0.944664       0.039309      -0.330712    -0.00723188    -0.00240635      0.0180764     0.00371209     0.00308359     0.00316247
              1          DTEMP          0.196        5.06033     -0.0225493        4.94186      -0.049104      -0.325389      -0.945186       0.039309      -0.334564     -0.0074677    -0.00240635      0.0184402     0.00371209     0.00616679     0.00632126
              2          DTEMP          0.294        5.06665     -0.0419255        4.95343     -0.0689824      -0.321536      -0.946463       0.039309      -0.338417    -0.00770352    -0.00240635       0.018804     0.00371209     0.00924731     0.00947392
              3          DTEMP          0.392        5.07676     -0.0613017         4.9689     -0.0888608      -0.317684      -0.948494       0.039309      -0.342269    -0.00793934    -0.00240635      0.0191678     0.00371209      0.0123228       0.012618
              4          DTEMP           0.49        5.09068     -0.0806778        4.98827      -0.108739      -0.313832      -0.951281       0.039309      -0.346121    -0.00817516    -0.00240635      0.0195316     0.00371209      0.0153911       0.015751
              5          DTEMP          0.588        5.10839      -0.100054        5.01153      -0.128618       -0.30998      -0.954823       0.039309      -0.349974    -0.00841099    -0.00240635      0.0198953     0.00371209      0.0184498      0.0188708
              6          DTEMP          0.686         5.1299       -0.11943        5.03868      -0.148496      -0.306127       -0.95912       0.039309      -0.353826    -0.00864681    -0.00240635      0.0202591     0.00371209      0.0214969      0.0219748
              7          DTEMP          0.784        5.15521      -0.138806        5.06974      -0.168374      -0.302275      -0.964172       0.039309      -0.357678    -0.00888263    -0.00240635      0.0206229     0.00371209        0.02453       0.025061
              8          DTEMP          0.882        5.18431      -0.158183        5.10469      -0.188253      -0.298423      -0.969979       0.039309       -0.36153    -0.00911845    -0.00240635      0.0209867     0.00371209      0.0275472      0.0281272
              9          DTEMP           0.98        5.21721      -0.177559        5.14353      -0.208131       -0.29457      -0.976541       0.039309      -0.365383    -0.00935427    -0.00240635      0.0213505     0.00371209      0.0305464      0.0311713
             10          DTEMP          1.078        5.25392      -0.196935        5.18627       -0.22801      -0.290718      -0.983858       0.039309      -0.369235     -0.0095901    -0.00240635      0.0217143     0.00371209      0.0335257      0.0341913
             11          DTEMP          1.176        5.29441      -0.216311        5.23291      -0.247888      -0.286866      -0.991931       0.039309      -0.373087    -0.00982592    -0.00240635      0.0220781     0.00371209      0.0364832      0.0371854
             12          DTEMP          1.274        5.33871      -0.235687        5.28345      -0.267766      -0.283014       -1.00076       0.039309       -0.37694     -0.0100617    -0.00240635      0.0224418     0.00371209      0.0394171      0.0401519
             13          DTEMP          1.372         5.3868      -0.255063        5.33788      -0.287645      -0.279161       -1.01034       0.039309      -0.380792     -0.0102976    -0.00240635      0.0228056     0.00371209      0.0423257      0.0430891
             14          DTEMP           1.47        5.43869       -0.27444         5.3962      -0.307523      -0.275309       -1.02068       0.039309      -0.384644     -0.0105334    -0.00240635      0.0231694     0.00371209      0.0452074      0.0459954
             15          DTEMP          1.568        5.49438      -0.293816        5.45843      -0.327402      -0.271457       -1.03177       0.039309      -0.388496     -0.0107692    -0.00240635      0.0235332     0.00371209      0.0480608      0.0488694
             16          DTEMP          1.666        5.55387      -0.313192        5.52455       -0.34728      -0.267604       -1.04362       0.039309      -0.392349      -0.011005    -0.00240635       0.023897     0.00371209      0.0508845      0.0517099
             17          DTEMP          1.764        5.61715      -0.332568        5.59456      -0.367158      -0.263752       -1.05622       0.039309      -0.396201     -0.0112408    -0.00240635      0.0242608     0.00371209      0.0536771      0.0545155
             18          DTEMP          1.862        5.68424      -0.351944        5.66847      -0.387037        -0.2599       -1.06958       0.039309      -0.400053     -0.0114767    -0.00240635      0.0246246     0.00371209      0.0564375      0.0572854
             19          DTEMP           1.96        5.75512       -0.37132        5.74628      -0.406915      -0.256048       -1.08369       0.039309      -0.403906     -0.0117125    -0.00240635      0.0249883     0.00371209      0.0591647      0.0600184
             20          DTEMP          2.058        5.82979      -0.390697        5.82798      -0.426794      -0.252195       -1.09856       0.039309      -0.407758     -0.0119483    -0.00240635      0.0253521     0.00371209      0.0618575      0.0627137
             21          DTEMP          2.156        5.90827      -0.410073        5.91358      -0.446672      -0.248343       -1.11418       0.039309       -0.41161     -0.0121841    -0.00240635      0.0257159     0.00371209      0.0645152      0.0653707
             22          DTEMP          2.254        5.99054      -0.429449        6.00308       -0.46655      -0.244491       -1.13056       0.039309      -0.415462       -0.01242    -0.00240635      0.0260797     0.00371209       0.067137      0.0679886
             23          DTEMP          2.352        6.07661      -0.448825        6.09647      -0.486429      -0.240638       -1.14769       0.039309      -0.419315     -0.0126558    -0.00240635      0.0264435     0.00371209      0.0697223      0.0705669
             24          DTEMP           2.45        6.16648      -0.468201        6.19376      -0.506307      -0.236786       -1.16558       0.039309      -0.423167     -0.0128916    -0.00240635      0.0268073     0.00371209      0.0722704      0.0731052
             25          DTEMP          2.548        6.26015      -0.487577        6.29494      -0.526186      -0.232934       -1.18422       0.039309      -0.427019     -0.0131274    -0.00240635       0.027171     0.00371209      0.0747808      0.0756032
             26          DTEMP          2.646        6.35761      -0.506954        6.40002      -0.546064      -0.229082       -1.20362       0.039309      -0.430872     -0.0133632    -0.00240635      0.0275348     0.00371209      0.0772533      0.0780606
             27          DTEMP          2.744        6.45887       -0.52633          6.509      -0.565942      -0.225229       -1.22377       0.039309      -0.434724     -0.0135991    -0.00240635      0.0278986     0.00371209      0.0796874      0.0804773
             28          DTEMP          2.842        6.56393      -0.545706        6.62187      -0.585821      -0.221377       -1.24468       0.039309      -0.438576     -0.0138349    -0.00240635      0.0282624     0.00371209      0.0820829      0.0828531
             29          DTEMP           2.94        6.67279      -0.565082        6.73864      -0.605699      -0.217525       -1.26634       0.039309      -0.442428     -0.0140707    -0.00240635      0.0286262     0.00371209      0.0844397      0.0851881
             30          DTEMP          3.038        6.78545      -0.584458        6.85931      -0.625578      -0.213672       -1.28876       0.039309      -0.446281     -0.0143065    -0.00240635        0.02899     0.00371209      0.0867578      0.0874823
             31          DTEMP          3.136         6.9019      -0.603835        6.98387      -0.645456       -0.20982       -1.31193       0.039309      -0.450133     -0.0145424    -0.00240635      0.0293538     0.00371209       0.089037      0.0897359
             32          DTEMP          3.234        7.02215      -0.623211        7.11232      -0.665334      -0.205968       -1.33586       0.039309      -0.453985     -0.0147782    -0.00240635      0.0297175     0.00371209      0.0912775       0.091949
             33          DTEMP          3.332         7.1462      -0.642587        7.24468      -0.685213      -0.202116       -1.36055       0.039309      -0.457838      -0.015014    -0.00240635      0.0300813     0.00371209      0.0934793       0.094122
             34          DTEMP           3.43        7.27404      -0.661963        7.38093      -0.705091      -0.198263       -1.38598       0.039309       -0.46169     -0.0152498    -0.00240635      0.0304451     0.00371209      0.0956427       0.096255
             35          DTEMP          3.528        7.40569      -0.681339        7.52107       -0.72497      -0.194411       -1.41218       0.039309      -0.465542     -0.0154856    -0.00240635      0.0308089     0.00371209      0.0977678      0.0983484
             36          DTEMP          3.626        7.54113      -0.700715        7.66512      -0.744848      -0.190559       -1.43913       0.039309      -0.469394     -0.0157215    -0.00240635      0.0311727     0.00371209       0.099855       0.100403
             37          DTEMP          3.724        7.68037      -0.720092        7.81305      -0.764726      -0.186706       -1.46683       0.039309      -0.473247     -0.0159573    -0.00240635      0.0315365     0.00371209       0.101905       0.102418
             38          DTEMP          3.822         7.8234      -0.739468        7.96489      -0.784605      -0.182854       -1.49529       0.039309      -0.477099     -0.0161931    -0.00240635      0.0319003     0.00371209       0.103917       0.104395
             39          DTEMP           3.92        7.97024      -0.758844        8.12062      -0.804483      -0.179002        -1.5245       0.039309      -0.480951     -0.0164289    -0.00240635       0.032264     0.00371209       0.105892       0.106335
             40          DTEMP          4.018        8.12087       -0.77822        8.28025      -0.824362       -0.17515       -1.55447       0.039309      -0.484804     -0.0166648    -0.00240635      0.0326278     0.00371209       0.107831       0.108237
             41          DTEMP          4.116         8.2753      -0.797596        8.44377       -0.84424      -0.171297       -1.58519       0.039309      -0.488656     -0.0169006    -0.00240635      0.0329916     0.00371209       0.109733       0.110102
             42          DTEMP          4.214        8.43353      -0.816972        8.61119      -0.864119      -0.167445       -1.61667       0.039309      -0.492508     -0.0171364    -0.00240635      0.0333554     0.00371209         0.1116       0.111932
             43          DTEMP          4.312        8.59555      -0.836349         8.7825      -0.883997      -0.163593       -1.64891       0.039309       -0.49636     -0.0173722    -0.00240635      0.0337192     0.00371209       0.113432       0.113725
             44          DTEMP           4.41        8.76138      -0.855725        8.95772      -0.903875       -0.15974       -1.68189       0.039309      -0.500213      -0.017608    -0.00240635       0.034083     0.00371209        0.11523       0.115484
             45          DTEMP          4.508          8.931      -0.875101        9.13682      -0.923754      -0.155888       -1.71564       0.039309      -0.504065     -0.0178439    -0.00240635      0.0344468     0.00371209       0.116993       0.117208
             46          DTEMP          4.606        9.10442      -0.894477        9.31983      -0.943632      -0.152036       -1.75014       0.039309      -0.507917     -0.0180797    -0.00240635      0.0348105     0.00371209       0.118723       0.118898
             47          DTEMP          4.704        9.28163      -0.913853        9.50673      -0.963511      -0.148184       -1.78539       0.039309       -0.51177     -0.0183155    -0.00240635      0.0351743     0.00371209       0.120419       0.120555
             48          DTEMP          4.802        9.46265      -0.933229        9.69752      -0.983389      -0.144331        -1.8214       0.039309      -0.515622     -0.0185513    -0.00240635      0.0355381     0.00371209       0.122084       0.122179
             49          DTEMP            4.9        9.64746      -0.952606        9.89222       -1.00327      -0.140479       -1.85816       0.039309      -0.519474     -0.0187871    -0.00240635      0.0359019     0.00371209       0.123716       0.123772
             50          DTEMP          4.998        9.83607      -0.971982        10.0908       -1.02315      -0.136627       -1.89568       0.039309      -0.523326      -0.019023    -0.00240635      0.0362657     0.00371209       0.125317       0.125333
             51          DTEMP          5.096        10.0285      -0.991358        10.2933       -1.04302      -0.132774       -1.93396       0.039309      -0.527179     -0.0192588    -0.00240635      0.0366295     0.00371209       0.126888       0.126864
             52          DTEMP          5.194        10.2247       -1.01073        10.4997        -1.0629      -0.128922       -1.97299       0.039309      -0.531031     -0.0194946    -0.00240635      0.0369932     0.00371209       0.128428       0.128364
             53          DTEMP          5.292        10.4247       -1.03011        10.7099       -1.08278       -0.12507       -2.01277       0.039309      -0.534883     -0.0197304    -0.00240635       0.037357     0.00371209       0.129939       0.129835
             54          DTEMP           5.39        10.6285       -1.04949        10.9241       -1.10266      -0.121218       -2.05331       0.039309      -0.538736     -0.0199663    -0.00240635      0.0377208     0.00371209       0.131421       0.131277
             55          DTEMP          5.488        10.8361       -1.06886        11.1422       -1.12254      -0.117365        -2.0946       0.039309      -0.542588     -0.0202021    -0.00240635      0.0380846     0.00371209       0.132874        0.13269
             56          DTEMP          5.586        11.0475       -1.08824        11.3642       -1.14242      -0.113513       -2.13665       0.039309       -0.54644     -0.0204379    -0.00240635      0.0384484     0.00371209         0.1343       0.134077
             57          DTEMP          5.684        11.2627       -1.10762          11.59       -1.16229      -0.109661       -2.17946       0.039309      -0.550292     -0.0206737    -0.00240635      0.0388122     0.00371209       0.135698       0.135436
             58          DTEMP          5.782        11.4817       -1.12699        11.8198       -1.18217      -0.105808       -2.22302       0.039309      -0.554145     -0.0209095    -0.00240635       0.039176     0.00371209        0.13707       0.136768
             59          DTEMP           5.88        11.7045       -1.14637        12.0534       -1.20205      -0.101956       -2.26733       0.039309      -0.557997     -0.0211454    -0.00240635      0.0395397     0.00371209       0.138415       0.138075
             60          DTEMP          5.978         11.931       -1.16574         12.291       -1.22193     -0.0981039        -2.3124       0.039309      -0.561849     -0.0213812    -0.00240635      0.0399035     0.00371209       0.139735       0.139356
             61          DTEMP          6.076        12.1614       -1.18512        12.5324       -1.24181     -0.0942516       -2.35823       0.039309      -0.565702      -0.021617    -0.00240635      0.0402673     0.00371209        0.14103       0.140613
             62          DTEMP          6.174        12.3956        -1.2045        12.7778       -1.26169     -0.0903994       -2.40481       0.039309      -0.569554     -0.0218528    -0.00240635      0.0406311     0.00371209         0.1423       0.141846
             63          DTEMP          6.272        12.6336       -1.22387         13.027       -1.28156     -0.0865471       -2.45214       0.039309      -0.573406     -0.0220887    -0.00240635      0.0409949     0.00371209       0.143547       0.143055
             64          DTEMP           6.37        12.8754       -1.24325        13.2801       -1.30144     -0.0826948       -2.50023       0.039309      -0.577258     -0.0223245    -0.00240635      0.0413587     0.00371209       0.144769       0.144241
             65          DTEMP          6.468        13.1209       -1.26262        13.5372       -1.32132     -0.0788425       -2.54907       0.039309      -0.581111     -0.0225603    -0.00240635      0.0417225     0.00371209       0.145969       0.145404
             66          DTEMP          6.566        13.3703         -1.282        13.7981        -1.3412     -0.0749902       -2.59867       0.039309      -0.584963     -0.0227961    -0.00240635      0.0420862     0.00371209       0.147147       0.146545
             67          DTEMP          6.664        13.6235       -1.30138        14.0629       -1.36108     -0.0711379       -2.64903       0.039309      -0.588815     -0.0230319    -0.00240635        0.04245     0.00371209       0.148303       0.147665
             68          DTEMP          6.762        13.8805       -1.32075        14.3316       -1.38096     -0.0672856       -2.70014       0.039309      -0.592668     -0.0232678    -0.00240635      0.0428138     0.00371209       0.149437       0.148763
             69          DTEMP           6.86        14.1412       -1.34013        14.6043       -1.40084     -0.0634334         -2.752       0.039309       -0.59652     -0.0235036    -0.00240635      0.0431776     0.00371209        0.15055       0.149842
             70          DTEMP          6.958        14.4058       -1.35951        14.8808       -1.42071     -0.0595811       -2.80462       0.039309      -0.600372     -0.0237394    -0.00240635      0.0435414     0.00371209       0.151643         0.1509
             71          DTEMP          7.056        14.6741       -1.37888        15.1612       -1.44059     -0.0557288         -2.858       0.039309      -0.604224     -0.0239752    -0.00240635      0.0439052     0.00371209       0.152716       0.151938
             72          DTEMP          7.154        14.9463       -1.39826        15.4455       -1.46047     -0.0518765       -2.91213       0.039309      -0.608077     -0.0242111    -0.00240635       0.044269     0.00371209       0.153769       0.152957
             73          DTEMP          7.252        15.2223       -1.41763        15.7337       -1.48035     -0.0480242       -2.96701       0.039309      -0.611929     -0.0244469    -0.00240635      0.0446327     0.00371209       0.154803       0.153958
             74          DTEMP           7.35         15.502       -1.43701        16.0258       -1.50023     -0.0441719       -3.02265       0.039309      -0.615781     -0.0246827    -0.00240635      0.0449965     0.00371209       0.155818        0.15494
             75          DTEMP          7.448        15.7856       -1.45639        16.3218       -1.52011     -0.0403197       -3.07905       0.039309      -0.619634     -0.0249185    -0.00240635      0.0453603     0.00371209       0.156816       0.155904
             76          DTEMP          7.546        16.0729       -1.47576        16.6217       -1.53998     -0.0364674        -3.1362       0.039309      -0.623486     -0.0251543    -0.00240635      0.0457241     0.00371209       0.157795       0.156851
             77          DTEMP          7.644        16.3641       -1.49514        16.9254       -1.55986     -0.0326151       -3.19411       0.039309      -0.627338     -0.0253902    -0.00240635      0.0460879     0.00371209       0.158756       0.157781
             78          DTEMP          7.742         16.659       -1.51451        17.2331       -1.57974     -0.0287628       -3.25277       0.039309       -0.63119      -0.025626    -0.00240635      0.0464517     0.00371209       0.159701       0.158695
             79          DTEMP           7.84        16.9578       -1.53389        17.5447       -1.59962     -0.0249105       -3.31218       0.039309      -0.635043     -0.0258618    -0.00240635      0.0468154     0.00371209       0.160629       0.159592
             80          DTEMP          7.938        17.2603       -1.55327        17.8602        -1.6195     -0.0210582       -3.37235       0.039309      -0.638895     -0.0260976    -0.00240635      0.0471792     0.00371209       0.161541       0.160473
             81          DTEMP          8.036        17.5666       -1.57264        18.1795       -1.63938     -0.0172059       -3.43328       0.039309      -0.642747     -0.0263334    -0.00240635       0.047543     0.00371209       0.162436       0.161338
             82          DTEMP          8.134        17.8768       -1.59202        18.5028       -1.65925     -0.0133537       -3.49496       0.039309        -0.6466     -0.0265693    -0.00240635      0.0479068     0.00371209       0.163317       0.162189
             83          DTEMP          8.232        18.1907        -1.6114          18.83       -1.67913    -0.00950137       -3.55739       0.039309      -0.650452     -0.0268051    -0.00240635      0.0482706     0.00371209       0.164182       0.163024
             84          DTEMP           8.33        18.5084       -1.63077         19.161       -1.69901    -0.00564909       -3.62058       0.039309      -0.654304     -0.0270409    -0.00240635      0.0486344     0.00371209       0.165032       0.163845
             85          DTEMP          8.428          18.83       -1.65015         19.496       -1.71889     -0.0017968       -3.68453       0.039309      -0.658156     -0.0272767    -0.00240635      0.0489982     0.00371209       0.165867       0.164652
             86          DTEMP          8.526        19.1553       -1.66952        19.8348       -1.73877     0.00205548       -3.74923       0.039309      -0.662009     -0.0275126    -0.00240635      0.0493619     0.00371209       0.166688       0.165446
             87          DTEMP          8.624        19.4844        -1.6889        20.1776       -1.75865     0.00590777       -3.81469       0.039309      -0.665861     -0.0277484    -0.00240635      0.0497257     0.00371209       0.167496       0.166225
             88          DTEMP          8.722        19.8173       -1.70828        20.5242       -1.77853     0.00976005        -3.8809       0.039309      -0.669713     -0.0279842    -0.00240635      0.0500895     0.00371209       0.168289       0.166992
             89          DTEMP           8.82        20.1541       -1.72765        20.8748        -1.7984      0.0136123       -3.94786       0.039309      -0.673566       -0.02822    -0.00240635      0.0504533     0.00371209        0.16907       0.167745
             90          DTEMP          8.918        20.4946       -1.74703        21.2292       -1.81828      0.0174646       -4.01558       0.039309      -0.677418     -0.0284558    -0.00240635      0.0508171     0.00371209       0.169837       0.168486
             91          DTEMP          9.016        20.8389        -1.7664        21.5875       -1.83816      0.0213169       -4.08406       0.039309       -0.68127     -0.0286917    -0.00240635      0.0511809     0.00371209       0.170592       0.169215
             92          DTEMP          9.114         21.187       -1.78578        21.9498       -1.85804      0.0251692       -4.15329       0.039309      -0.685122     -0.0289275    -0.00240635      0.0515447     0.00371209       0.171334       0.169931
             93          DTEMP          9.212        21.5389       -1.80516        22.3159       -1.87792      0.0290215       -4.22328       0.039309      -0.688975     -0.0291633    -0.00240635      0.0519084     0.00371209       0.172064       0.170636
             94          DTEMP           9.31        21.8946       -1.82453        22.6859        -1.8978      0.0328738       -4.29402       0.039309      -0.692827     -0.0293991    -0.00240635      0.0522722     0.00371209       0.172783       0.171329
             95          DTEMP          9.408        22.2541       -1.84391        23.0598       -1.91767       0.036726       -4.36551       0.039309      -0.696679      -0.029635    -0.00240635       0.052636     0.00371209       0.173489       0.172011
             96          DTEMP          9.506        22.6175       -1.86329        23.4376       -1.93755      0.0405783       -4.43777       0.039309      -0.700532     -0.0298708    -0.00240635      0.0529998     0.00371209       0.174185       0.172682
             97          DTEMP          9.604        22.9846       -1.88266        23.8193       -1.95743      0.0444306       -4.51077       0.039309      -0.704384     -0.0301066    -0.00240635      0.0533636     0.00371209       0.174869       0.173342
             98          DTEMP          9.702        23.3555       -1.90204        24.2049       -1.97731      0.0482829       -4.58453       0.039309      -0.708236     -0.0303424    -0.00240635      0.0537274     0.00371209       0.175542       0.173992
             99          DTEMP            9.8        23.7302       -1.92141        24.5944       -1.99719      0.0521352       -4.65905       0.039309      -0.712088     -0.0305782    -0.00240635      0.0540912     0.00371209       0.176204       0.174631
            100      G6_DHX_E1            9.8        23.7302       -1.92141        24.5944       -1.99719      0.0521352       -4.65905       0.039309      -0.712088     -0.0305782    -0.00240635      0.0540912     0.00371209       0.176204       0.174631
            101         DXPM06        13.5002        40.6444       -2.64919        42.1517       -2.74774       0.197569         -8.024       0.039297      -0.856922    -0.00458766      0.0164541      0.0678267     0.00371209       0.195211       0.192962
            102       ERDXPM06        13.5002        40.6444       -2.65309        42.1517       -2.74369       0.196798         -8.024      0.0392336      -0.857693    -0.00458766      0.0164536      0.0678267     0.00370557       0.195211       0.192962
            103      G6_DHX_E2        13.5002        40.6444       -2.65101        42.1517       -2.74585       0.197209         -8.024      0.0392674      -0.857282    -0.00458766      0.0164539      0.0678267     0.00370905       0.195211       0.192962
            104        DRIFT_2        14.3761        45.4398       -2.82401        47.1171       -2.92329       0.231602       -8.97771      0.0392674      -0.891675     0.00982364      0.0164539      0.0710753     0.00370905       0.198455        0.19609
            105        DRIFT_2        15.2519        50.5382         -2.997        52.3933       -3.10074       0.265994       -9.99167      0.0392674      -0.926068      0.0242349      0.0164539      0.0743239     0.00370905       0.201364       0.198896
            106        DRIFT_2        16.1278        55.9396          -3.17        57.9804       -3.27818       0.300387       -11.0659      0.0392674      -0.960461      0.0386462      0.0164539      0.0775725     0.00370905       0.203986       0.201425
            107        DRIFT_2        17.0037        61.6441         -3.343        63.8783       -3.45563        0.33478       -12.2003      0.0392674      -0.994853      0.0530575      0.0164539      0.0808212     0.00370905        0.20636       0.203716
            108        DRIFT_2        17.8795        67.6516       -3.51599         70.087       -3.63307       0.369173        -13.395      0.0392674       -1.02925      0.0674688      0.0164539      0.0840698     0.00370905       0.208518       0.205799
            109        DRIFT_2        18.7554        73.9622       -3.68899        76.6065       -3.81052       0.403566         -14.65      0.0392674       -1.06364      0.0818801      0.0164539      0.0873184     0.00370905       0.210489       0.207701
            110        DRIFT_2        19.6313        80.5758       -3.86198        83.4369       -3.98796       0.437958       -15.9652      0.0392674       -1.09803      0.0962914      0.0164539       0.090567     0.00370905       0.212295       0.209445
            111        DRIFT_2        20.5071        87.4924       -4.03498        90.5781        -4.1654       0.472351       -17.3406      0.0392674       -1.13242       0.110703      0.0164539      0.0938156     0.00370905       0.213955       0.211049
            112     YI6_DH0_E1        20.5071        87.4924       -4.03498        90.5781        -4.1654       0.472351       -17.3406      0.0392674       -1.13242       0.110703      0.0164539      0.0938156     0.00370905       0.213955       0.211049
            113         D0MP06        24.0961        118.975       -4.73626        123.087       -4.89251       0.613221       -23.6035      0.0392325       -1.27198       0.142489     0.00125917       0.107127     0.00370905       0.219555       0.216459
            114     YI6_DH0_E2        24.0961        118.975       -4.73626        123.087       -4.89251       0.613221       -23.6035      0.0392325       -1.27198       0.142489     0.00125917       0.107127     0.00370905       0.219555       0.216459
            115        DRIFT_3        24.7284        125.043        -4.8608        129.355       -5.02061       0.638028       -24.8113      0.0392325       -1.29679       0.143285     0.00125917       0.109473     0.00370905        0.22038       0.217257
            116        DRIFT_3        25.3607        131.269       -4.98534        135.785       -5.14872       0.662836       -26.0504      0.0392325        -1.3216       0.144081     0.00125917       0.111818     0.00370905       0.221165       0.218016
            117           Q1I6        26.8007        129.932         5.8766        169.021       -18.8379        2.93859       -28.9643     -0.0900886       0.937653       0.137391       -0.01046       0.123969      0.0133337       0.222886       0.219559
            118        DRIFT_5         27.639        120.272        5.64733        202.085       -20.6029        2.86306       -30.5784     -0.0900886        1.01318       0.128622       -0.01046       0.135147      0.0133337       0.223953       0.220281
            119        DRIFT_5        28.4774        110.995        5.41806        238.108        -22.368        2.78754       -32.0659     -0.0900886         1.0887       0.119853       -0.01046       0.146324      0.0133337       0.225108       0.220889
            120           Q2I6         31.869        148.141       -18.6199         229.34        24.3746       -4.22878       -37.3239      -0.573012       -5.09203       0.121042      0.0111981        0.14234     -0.0155561       0.229783        0.22296
            121        DRIFT_7        32.7994        184.819       -20.8036        186.231        21.9604       -4.76189       -37.6311      -0.573012       -4.55892        0.13146      0.0111981       0.127867     -0.0155561       0.230678       0.223676
            122        DRIFT_7        33.7297        225.561       -22.9872        147.615        19.5461         -5.295       -36.9463      -0.573012       -4.02581       0.141879      0.0111981       0.113394     -0.0155561       0.231403       0.224569
            123           Q3I6        35.8302         266.48        5.10453        102.715          3.528       -1.66068       -32.9778      0.0261089       0.430544        0.14763    -0.00583272      0.0933911    -0.00387285       0.232712       0.227395
            124        DRIFT_9        36.8196        256.479        5.00408        95.8619        3.39848       -1.63485       -30.9344      0.0261089       0.404713        0.14186    -0.00583272      0.0895596    -0.00387285       0.233315       0.228982
            125        DRIFT_9        37.8089        246.677        4.90363        89.2655        3.26897       -1.60902       -28.9422      0.0261089       0.378883       0.136089    -0.00583272       0.085728    -0.00387285       0.233941       0.230684
            126        DRIFT_9        38.7982        237.074        4.80318        82.9255        3.13945       -1.58319        -27.001      0.0261089       0.353052       0.130319    -0.00583272      0.0818964    -0.00387285       0.234592       0.232515
            127        DRIFT_9        39.7876         227.67        4.70273        76.8417        3.00993       -1.55736        -25.111      0.0261089       0.327222       0.124548    -0.00583272      0.0780649    -0.00387285        0.23527       0.234487
            128        DRIFT_9        40.7769        218.464        4.60228        71.0141        2.88041       -1.53153       -23.2721      0.0261089       0.301391       0.118777    -0.00583272      0.0742333    -0.00387285       0.235976       0.236619
            129        DRIFT_9        41.7662        209.457        4.50183        65.4429        2.75089        -1.5057       -21.4842      0.0261089       0.275561       0.113007    -0.00583272      0.0704018    -0.00387285       0.236712       0.238929
            130        DRIFT_9        42.7556        200.648        4.40138        60.1279        2.62138       -1.47987       -19.7475      0.0261089        0.24973       0.107236    -0.00583272      0.0665702    -0.00387285        0.23748       0.241439
            131        DRIFT_9        43.7449        192.039        4.30094        55.0692        2.49186       -1.45404       -18.0619      0.0261089         0.2239       0.101466    -0.00583272      0.0627387    -0.00387285       0.238282       0.244175
            132        DRIFT_9        44.7342        183.628        4.20049        50.2668        2.36234       -1.42821       -16.4274      0.0261089       0.198069      0.0956954    -0.00583272      0.0589071    -0.00387285        0.23912       0.247168
            133        DRIFT_9        45.7236        175.416        4.10004        45.7206        2.23282       -1.40238       -14.8441      0.0261089       0.172239      0.0899248    -0.00583272      0.0550756    -0.00387285       0.239998       0.250453
            134        DRIFT_9        46.7129        167.403        3.99959        41.4307         2.1033       -1.37655       -13.3118      0.0261089       0.146408      0.0841543    -0.00583272       0.051244    -0.00387285       0.240917       0.254071
            135        DRIFT_9        47.7022        159.588        3.89914        37.3971        1.97378       -1.35072       -11.8306      0.0261089       0.120578      0.0783838    -0.00583272      0.0474125    -0.00387285        0.24188       0.258072
            136        DRIFT_9        48.6916        151.973        3.79869        33.6198        1.84427       -1.32489       -10.4006      0.0261089      0.0947475      0.0726133    -0.00583272      0.0435809    -0.00387285       0.242891       0.262513
            137        DRIFT_9        49.6809        144.556        3.69824        30.0987        1.71475       -1.29906       -9.02163      0.0261089       0.068917      0.0668427    -0.00583272      0.0397494    -0.00387285       0.243953       0.267464
            138        DRIFT_9        50.6703        137.338        3.59779         26.834        1.58523       -1.27323        -7.6938      0.0261089      0.0430865      0.0610722    -0.00583272      0.0359178    -0.00387285       0.245071       0.273005
            139        DRIFT_9        51.6596        130.318        3.49734        23.8254        1.45571        -1.2474       -6.41708      0.0261089       0.017256      0.0553017    -0.00583272      0.0320863    -0.00387285       0.246248       0.279234
            140        DRIFT_9        52.6489        123.497        3.39689        21.0732        1.32619       -1.22156       -5.19147      0.0261089    -0.00857444      0.0495312    -0.00583272      0.0282547    -0.00387285       0.247489       0.286264
            141        DRIFT_9        53.6383        116.875        3.29645        18.5772        1.19667       -1.19573       -4.01697      0.0261089     -0.0344049      0.0437606    -0.00583272      0.0244232    -0.00387285         0.2488       0.294225
            142        DRIFT_9        54.6276        110.452          3.196        16.3376        1.06716        -1.1699       -2.89358      0.0261089     -0.0602354      0.0379901    -0.00583272      0.0205916    -0.00387285       0.250186       0.303268
            143        DRIFT_9        55.6169        104.228        3.09555        14.3541       0.937637       -1.14407        -1.8213      0.0261089     -0.0860659      0.0322196    -0.00583272      0.0167601    -0.00387285       0.251653       0.313557
            144        DRIFT_9        56.6063         98.202         2.9951         12.627       0.808119       -1.11824      -0.800132      0.0261089      -0.111896      0.0264491    -0.00583272      0.0129285    -0.00387285       0.253209       0.325263
            145        DRIFT_9        57.5956        92.3751        2.89465        11.1561       0.678601       -1.09241       0.169928      0.0261089      -0.137727      0.0206785    -0.00583272     0.00909695    -0.00387285       0.254863       0.338545
            146        DRIFT_9        58.5849        86.7469         2.7942        9.94155       0.549082       -1.06658        1.08888      0.0261089      -0.163557       0.014908    -0.00583272      0.0052654    -0.00387285       0.256622       0.353519
            147        DRIFT_9        59.5743        81.3174        2.69375        8.98323       0.419564       -1.04075        1.95672      0.0261089      -0.189388      0.0091375    -0.00583272     0.00143385    -0.00387285       0.258497       0.370211
            148        DRIFT_9        60.5636        76.0868         2.5933        8.28119       0.290046       -1.01492        2.77345      0.0261089      -0.215218     0.00336698    -0.00583272     -0.0023977    -0.00387285       0.260498       0.388507
            149        DRIFT_9        61.5529        71.0549        2.49285        7.83542       0.160527      -0.989091        3.53907      0.0261089      -0.241049    -0.00240354    -0.00583272    -0.00622926    -0.00387285        0.26264       0.408104
            150        DRIFT_9        62.5423        66.2217        2.39241        7.64593      0.0310091       -0.96326        4.25358      0.0261089      -0.266879    -0.00817407    -0.00583272     -0.0100608    -0.00387285       0.264935       0.428503
            151        DRIFT_9        63.5316        61.5873        2.29196        7.71271     -0.0985092       -0.93743        4.91698      0.0261089       -0.29271     -0.0139446    -0.00583272     -0.0138924    -0.00387285       0.267401       0.449064
            152        DRIFT_9         64.521        57.1516        2.19151        8.03576      -0.228027      -0.911599        5.52927      0.0261089       -0.31854     -0.0197151    -0.00583272     -0.0177239    -0.00387285       0.270055       0.469118
            153        DRIFT_9        65.5103        52.9147        2.09106        8.61509      -0.357546      -0.885769        6.09044      0.0261089      -0.344371     -0.0254856    -0.00583272     -0.0215555    -0.00387285       0.272919       0.488087
            154        DRIFT_9        66.4996        48.8766        1.99061        9.45069      -0.487064      -0.859938        6.60051      0.0261089      -0.370201     -0.0312562    -0.00583272      -0.025387    -0.00387285       0.276015       0.505573
            155        DRIFT_9         67.489        45.0372        1.89016        10.5426      -0.616582      -0.834108        7.05947      0.0261089      -0.396032     -0.0370267    -0.00583272     -0.0292186    -0.00387285       0.279371       0.521373
            156        DRIFT_9        68.4783        41.3966        1.78971        11.8907      -0.746101      -0.808277        7.46732      0.0261089      -0.421862     -0.0427972    -0.00583272     -0.0330501    -0.00387285       0.283018       0.535455
            157        DRIFT_9        69.4676        37.9547        1.68926        13.4951      -0.875619      -0.782447        7.82406      0.0261089      -0.447693     -0.0485677    -0.00583272     -0.0368817    -0.00387285       0.286991       0.547898
            158        DRIFT_9         70.457        34.7116        1.58881        15.3558       -1.00514      -0.756616        8.12969      0.0261089      -0.473523     -0.0543383    -0.00583272     -0.0407132    -0.00387285        0.29133       0.558844
            159        DRIFT_9        71.4463        31.6672        1.48836        17.4728       -1.13466      -0.730786        8.38421      0.0261089      -0.499353     -0.0601088    -0.00583272     -0.0445448    -0.00387285        0.29608       0.568463
            160        DRIFT_9        72.4356        28.8216        1.38792        19.8461       -1.26417      -0.704955        8.58762      0.0261089      -0.525184     -0.0658793    -0.00583272     -0.0483763    -0.00387285       0.301292       0.576923
            161        DRIFT_9         73.425        26.1748        1.28747        22.4756       -1.39369      -0.679125        8.73992      0.0261089      -0.551014     -0.0716498    -0.00583272     -0.0522079    -0.00387285       0.307026       0.584381
            162          Q4IT6         74.175        24.1784        1.36995        24.7574       -1.65375      -0.713999        8.81977      0.0345498      -0.631288     -0.0758447    -0.00534908     -0.0552433     -0.0042249       0.311768       0.589446
            163       DRIFT_15        74.3051        23.8241        1.35448        25.1902       -1.67337      -0.709505        8.82994      0.0345498      -0.635782     -0.0765405    -0.00534908     -0.0557929     -0.0042249       0.312631       0.590275
            164           Q4I6         76.117        26.0133       -2.67841        23.9038        2.31265       0.732893        8.96149      0.0487916       0.795837     -0.0981938     -0.0191318     -0.0551097      0.0049605         0.3248       0.601471
            165       DRIFT_16        76.9733         30.831       -2.94748        20.1378        2.08523       0.774675        8.97961      0.0487916       0.754055      -0.114577     -0.0191318     -0.0508618      0.0049605       0.329613       0.607685
            166       DRIFT_16        77.8297        36.1094       -3.21655        16.7612         1.8578       0.816457        8.92617      0.0487916       0.712274       -0.13096     -0.0191318      -0.046614      0.0049605       0.333699       0.615106
            167       DRIFT_16         78.686        41.8487       -3.48563        13.7742        1.63038       0.858238        8.80118      0.0487916       0.670492      -0.147343     -0.0191318     -0.0423662      0.0049605       0.337205        0.62408
            168       DRIFT_16        79.5423        48.0488        -3.7547        11.1767        1.40296        0.90002        8.60463      0.0487916        0.62871      -0.163726     -0.0191318     -0.0381184      0.0049605       0.340244       0.635073
            169       DRIFT_16        80.3987        54.7097       -4.02378        8.96863        1.17553       0.941802        8.33652      0.0487916       0.586929      -0.180109     -0.0191318     -0.0338705      0.0049605       0.342903       0.648702
            170       DRIFT_16         81.255        61.8315       -4.29285         7.1501       0.948111       0.983583        7.99685      0.0487916       0.545147      -0.196493     -0.0191318     -0.0296227      0.0049605       0.345246       0.665754
            171          Q5IT6         82.005        68.0062       -3.92172         5.9192       0.696744       0.945511        7.64308      0.0357958        0.44379      -0.210169      -0.017319     -0.0259972     0.00471284       0.347085       0.684164
            172       DRIFT_19         82.136        69.0382       -3.95329        5.74089       0.663856       0.950202        7.57671      0.0357958       0.439098      -0.212439      -0.017319     -0.0253796     0.00471284       0.347389       0.687742
            173           Q5I6         83.246        70.1868        2.95657        5.12967     -0.0932584       0.221614        7.00665     -0.0293911      -0.270359       -0.21979     0.00419498     -0.0214545     0.00242385       0.349881       0.721138
            174       DRIFT_20        83.7913        67.0039         2.8809        5.28983      -0.200476       0.205588        6.74714     -0.0293911      -0.254334      -0.217503     0.00419498     -0.0201329     0.00242385       0.351147       0.737828
            175          QGTTI        83.7913        67.0039         2.8943        5.28983      -0.201534       0.204239        6.74714     -0.0293811      -0.255683      -0.217503     0.00423849     -0.0201329     0.00241982       0.351147       0.737828
            176       DRIFT_21        84.7379        61.6498        2.76183        5.84764      -0.387749       0.176427        6.33811     -0.0293811      -0.227871       -0.21349     0.00423849     -0.0178423     0.00241982       0.353491       0.765048
            177       DRIFT_21        85.6845        56.5465        2.62935          6.758      -0.573964       0.148615        5.98173     -0.0293811      -0.200059      -0.209478     0.00423849     -0.0155517     0.00241982       0.356042       0.789105
            178       DRIFT_21        86.6311         51.694        2.49688         8.0209      -0.760179       0.120802          5.678     -0.0293811      -0.172247      -0.205466     0.00423849     -0.0132611     0.00241982       0.358829       0.809625
            179     YI6_DH5_E1        86.6311         51.694        2.49688         8.0209      -0.760179       0.120802          5.678     -0.0293811      -0.172247      -0.205466     0.00423849     -0.0132611     0.00241982       0.358829       0.809625
            180            D5I        93.5471        23.8259        1.53155         27.945        -2.1207     -0.0824185         5.0546     -0.0293833      0.0303712     -0.0775295      0.0327563     0.00347441     0.00241982       0.390395       0.886049
            181     YI6_DH5_E2        93.5471        23.8259        1.53155         27.945        -2.1207     -0.0824185         5.0546     -0.0293833      0.0303712     -0.0775295      0.0327563     0.00347441     0.00241982       0.390395       0.886049
            182       DRIFT_22        94.3817        21.3671        1.41434        31.6222       -2.28489      -0.106944        5.16921     -0.0293833      0.0548964      -0.050189      0.0327563     0.00549415     0.00241982       0.396284       0.890518
            183       DRIFT_22        95.2164        19.1039        1.29714        35.5735       -2.44909      -0.131469        5.32477     -0.0293833      0.0794217     -0.0228484      0.0327563     0.00751389     0.00241982       0.402861        0.89448
            184       DRIFT_22        96.0511        17.0364        1.17993        39.7989       -2.61328      -0.155994        5.52126     -0.0293833       0.103947     0.00449216      0.0327563     0.00953364     0.00241982       0.410227        0.89801
            185          Q6IT6        96.8011        15.4432       0.948692        43.5694       -2.40378      -0.132064        5.73279     -0.0294349       0.172085      0.0290983      0.0328937      0.0113174     0.00233445       0.417597       0.900874
            186       DRIFT_24        96.9321        15.1966       0.932568        44.2021       -2.42417      -0.135922        5.77315     -0.0294349       0.175942      0.0334091      0.0328937      0.0116233     0.00233445       0.418958       0.901349
            187           Q6I6        98.0421        14.8546      -0.613308        44.7184        1.97615        0.44219        6.14229      0.0318622         0.7728      0.0724369      0.0380671       0.013537     0.00108204       0.430943       0.905251
            188       DRIFT_25        98.5874         15.551      -0.663821         42.596        1.91634       0.459563        6.31308      0.0318622       0.755427       0.093193      0.0380671       0.014127     0.00108204       0.436654        0.90724
            189          SQSK6        98.5874        15.5298      -0.661282        42.5379        1.91211       0.459249        6.30877      0.0319938       0.754912       0.093193        0.03807       0.014127     0.00110068       0.436654        0.90724
            190       DRIFT_26        99.4848        16.7912      -0.744338        39.1942        1.81388       0.487961        6.54834      0.0319938         0.7262       0.127357        0.03807      0.0151147     0.00110068       0.445503       0.910738
            191       DRIFT_26        100.382        18.2017      -0.827393        36.0268        1.71565       0.516672        6.73637      0.0319938       0.697489       0.161521        0.03807      0.0161025     0.00110068       0.453677       0.914539
            192       DRIFT_26         101.28        19.7612      -0.910449        33.0356        1.61742       0.545384        6.87287      0.0319938       0.668778       0.195686        0.03807      0.0170902     0.00110068        0.46121        0.91868
            193       DRIFT_26        102.177        21.4698      -0.993504        30.2208        1.51919       0.574095        6.95784      0.0319938       0.640066        0.22985        0.03807       0.018078     0.00110068       0.468147         0.9232
            194       DRIFT_26        103.074        23.3275       -1.07656        27.5823        1.42096       0.602806        6.99127      0.0319938       0.611355       0.264014        0.03807      0.0190657     0.00110068       0.474531       0.928148
            195       DRIFT_26        103.972        25.3343       -1.15962        25.1201        1.32273       0.631518        6.97318      0.0319938       0.582643       0.298178        0.03807      0.0200535     0.00110068       0.480407       0.933575
            196       DRIFT_26        104.869        27.4901       -1.24267        22.8342         1.2245       0.660229        6.90355      0.0319938       0.553932       0.332342        0.03807      0.0210412     0.00110068        0.48582        0.93954
            197       DRIFT_26        105.767         29.795       -1.32573        20.7246        1.12627       0.688941         6.7824      0.0319938        0.52522       0.366507        0.03807       0.022029     0.00110068       0.490812       0.946108
            198       DRIFT_26        106.664         32.249       -1.40878        18.7913        1.02805       0.717652        6.60971      0.0319938       0.496509       0.400671        0.03807      0.0230167     0.00110068        0.49542       0.953348
            199     YI6_DH6_E1        106.664         32.249       -1.40878        18.7913        1.02805       0.717652        6.60971      0.0319938       0.496509       0.400671        0.03807      0.0230167     0.00110068        0.49542       0.953348
            200             DS        109.613        41.3586       -1.67967        13.6792       0.705204        0.81196        5.67878      0.0319551       0.401888       0.530944      0.0502668      0.0262631     0.00110068       0.508287       0.982794
            201     YI6_DH6_E2        109.613        41.3586       -1.67967        13.6792       0.705204        0.81196        5.67878      0.0319551       0.401888       0.530944      0.0502668      0.0262631     0.00110068       0.508287       0.982794
            202       DRIFT_27        110.403        44.0684       -1.75262        12.6339       0.618786       0.837188        5.33511      0.0319551        0.37666       0.570629      0.0502668      0.0271321     0.00110068        0.51123       0.992358
            203       DRIFT_27        111.192        46.8934       -1.82556        11.7251       0.532369       0.862417        4.95161      0.0319551       0.351431       0.610315      0.0502668      0.0280011     0.00110068       0.513995        1.00269
            204          QGTTI        111.192        46.8934       -1.81619        11.7251       0.530024       0.861426        4.95161      0.0317125       0.350441       0.610315      0.0501447      0.0280011     0.00110628       0.513995        1.00269
            205       DRIFT_28        111.738        48.9016       -1.86618        11.1794       0.470443       0.878722        4.66349      0.0317125       0.333146       0.637663      0.0501447      0.0286044     0.00110628       0.515807        1.01027
            206           Q7I6        112.668        48.6236         2.1575        11.2345      -0.531194       0.508281        4.15314     -0.0376338     -0.0225217       0.659427    -0.00362651      0.0307486     0.00353556       0.518803        1.02366
            207       DRIFT_29        113.646        44.5121        2.04369        12.3836      -0.642885        0.47145        3.66971     -0.0376338      0.0143088       0.655878    -0.00362651      0.0342087     0.00353556       0.522152        1.03688
            208       DRIFT_29        114.625        40.6234        1.92987        13.7512      -0.754576        0.43462        3.25837     -0.0376338      0.0511393       0.652329    -0.00362651      0.0376688     0.00353556       0.525815        1.04883
            209       DRIFT_29        115.604        36.9574        1.81606        15.3374      -0.866268       0.397789        2.91912     -0.0376338      0.0879698       0.648779    -0.00362651      0.0411289     0.00353556       0.529835        1.05956
            210       DRIFT_29        116.582        33.5142        1.70224        17.1423      -0.977959       0.360959        2.65196     -0.0376338         0.1248        0.64523    -0.00362651       0.044589     0.00353556       0.534261        1.06917
            211       DRIFT_29        117.561        30.2938        1.58843        19.1658       -1.08965       0.324128        2.45689     -0.0376338       0.161631       0.641681    -0.00362651      0.0480491     0.00353556        0.53915        1.07777
            212       DRIFT_29         118.54        27.2961        1.47461        21.4079       -1.20134       0.287298         2.3339     -0.0376338       0.198461       0.638132    -0.00362651      0.0515092     0.00353556       0.544568        1.08546
            213       DRIFT_29        119.518        24.5212        1.36079        23.8686       -1.31303       0.250467        2.28301     -0.0376338       0.235292       0.634583    -0.00362651      0.0549693     0.00353556        0.55059        1.09236
            214       DRIFT_29        120.497        21.9691        1.24698        26.5479       -1.42472       0.213637         2.3042     -0.0376338       0.272122       0.631034    -0.00362651      0.0584294     0.00353556       0.557303        1.09855
            215       DRIFT_29        121.475        19.6398        1.13316        29.4458       -1.53642       0.176806        2.39748     -0.0376338       0.308953       0.627485    -0.00362651      0.0618895     0.00353556       0.564804        1.10412
            216       DRIFT_29        122.454        17.5332        1.01935        32.5624       -1.64811       0.139976        2.56285     -0.0376338       0.345783       0.623936    -0.00362651      0.0653496     0.00353556       0.573202        1.10915
            217       DRIFT_29        123.433        15.6494       0.905534        35.8975        -1.7598       0.103145        2.80031     -0.0376338       0.382614       0.620387    -0.00362651      0.0688097     0.00353556        0.58261        1.11371
            218       DRIFT_29        124.411        13.9884       0.791718        39.4513       -1.87149      0.0663147        3.10986     -0.0376338       0.419444       0.616838    -0.00362651      0.0722698     0.00353556       0.593145        1.11785
            219       DRIFT_29         125.39        12.5502       0.677903        43.2237       -1.98318      0.0294842         3.4915     -0.0376338       0.456275       0.613288    -0.00362651      0.0757299     0.00353556       0.604911        1.12162
            220       DRIFT_29        126.369        11.3347       0.564088        47.2147       -2.09487    -0.00734633        3.94522     -0.0376338       0.493105       0.609739    -0.00362651        0.07919     0.00353556       0.617985        1.12507
            221           QDA6        127.479        11.3296      -0.559387         47.079        2.21297       0.373518          4.522      0.0409286       0.883305       0.636731      0.0526694      0.0790789    -0.00373401       0.633865        1.12875
            222       DRIFT_32        128.024        11.9741      -0.622573         44.703        2.14467       0.395834         4.7878      0.0409286       0.860989       0.665449      0.0526694       0.077043    -0.00373401       0.641318        1.13064
            223          SQSK6        128.024        11.9617      -0.620345        44.6568        2.14085        0.39563        4.78532      0.0410612       0.860543       0.665449      0.0526848       0.077043    -0.00360092       0.641318        1.13064
            224       DRIFT_33        128.812        13.0114      -0.711584        41.3601        2.04232        0.42799        5.12621      0.0410612       0.828183        0.70697      0.0526848      0.0742051    -0.00360092       0.651379        1.13356
            225       DRIFT_33          129.6        14.2049      -0.802823        38.2186        1.94378        0.46035         5.4161      0.0410612       0.795823        0.74849      0.0526848      0.0713672    -0.00360092        0.66061        1.13672
            226     YI6_DH8_E1          129.6        14.2049      -0.802823        38.2186        1.94378        0.46035         5.4161      0.0410612       0.795823        0.74849      0.0526848      0.0713672    -0.00360092        0.66061        1.13672
            227              D        139.041        39.6396       -1.88998        12.6605       0.763463       0.847548         4.9218      0.0409563       0.407699        1.42875      0.0914109      0.0373721    -0.00360092       0.725715        1.20731
            228     YI6_DH8_E2        139.041        39.6396       -1.88998        12.6605       0.763463       0.847548         4.9218      0.0409563       0.407699        1.42875      0.0914109      0.0373721    -0.00360092       0.725715        1.20731
            229       DRIFT_34        139.829        42.6902       -1.98088        11.5347       0.664932       0.879825        4.54972      0.0409563       0.375421         1.5008      0.0914109      0.0345343    -0.00360092       0.728764         1.2177
            230       DRIFT_34        140.617         45.884       -2.07178        10.5643         0.5664       0.912103        4.12676      0.0409563       0.343144        1.57284      0.0914109      0.0316964    -0.00360092       0.731598        1.22907
            231          SQSK6        140.617        45.8431       -2.06838        10.5549       0.564319       0.911696        4.12492      0.0410921       0.342991        1.57284      0.0914172      0.0316964    -0.00328636       0.731598        1.22907
            232       DRIFT_35        141.162        48.1329       -2.13116        9.97667        0.49621       0.934102        3.80262      0.0410921       0.320586        1.62268      0.0914172      0.0299045    -0.00328636       0.733446        1.23753
            233           QFA6        142.272        48.0488        2.20443        9.98823      -0.506969       0.617416        3.11122     -0.0428231      0.0161478        1.64221     -0.0565259      0.0276998   -0.000719155       0.737059        1.25557
            234       DRIFT_36         143.23        43.9371         2.0876        11.0751      -0.627532       0.576392        2.57451     -0.0428231      0.0571718        1.58806     -0.0565259      0.0270108   -0.000719155       0.740377        1.27008
            235       DRIFT_36        144.188        40.0492        1.97077        12.3929      -0.748095       0.535368         2.1164     -0.0428231      0.0981959        1.53391     -0.0565259      0.0263219   -0.000719155       0.744012        1.28311
            236       DRIFT_36        145.146        36.3851        1.85395        13.9417      -0.868658       0.494344         1.7369     -0.0428231        0.13922        1.47975     -0.0565259      0.0256329   -0.000719155       0.748007        1.29472
            237       DRIFT_36        146.104        32.9449        1.73712        15.7216      -0.989221        0.45332        1.43599     -0.0428231       0.180244         1.4256     -0.0565259       0.024944   -0.000719155       0.752411        1.30503
            238       DRIFT_36        147.062        29.7286         1.6203        17.7324       -1.10978       0.412296        1.21369     -0.0428231       0.221268        1.37145     -0.0565259       0.024255   -0.000719155       0.757284        1.31416
            239       DRIFT_36         148.02         26.736        1.50347        19.9742       -1.23035       0.371272        1.06999     -0.0428231       0.262292         1.3173     -0.0565259      0.0235661   -0.000719155       0.762693        1.32227
            240       DRIFT_36        148.978        23.9673        1.38665         22.447       -1.35091       0.330248        1.00489     -0.0428231       0.303316        1.26315     -0.0565259      0.0228772   -0.000719155       0.768717        1.32947
            241       DRIFT_36        149.936        21.4225        1.26982        25.1508       -1.47147       0.289224        1.01839     -0.0428231        0.34434          1.209     -0.0565259      0.0221882   -0.000719155       0.775448        1.33589
            242       DRIFT_36        150.894        19.1014          1.153        28.0856       -1.59203         0.2482        1.11049     -0.0428231       0.385364        1.15485     -0.0565259      0.0214993   -0.000719155       0.782988        1.34163
            243     YI6_DH9_E1        150.894        19.1014          1.153        28.0856       -1.59203         0.2482        1.11049     -0.0428231       0.385364        1.15485     -0.0565259      0.0214993   -0.000719155       0.782988        1.34163
            244             DS        153.844        13.3587       0.793973        38.5716       -1.96322       0.121881         1.8875     -0.0428324       0.511611        1.00605     -0.0443702      0.0193782   -0.000719155       0.812543        1.35591
            245     YI6_DH9_E2        153.844        13.3587       0.793973        38.5716       -1.96322       0.121881         1.8875     -0.0428324       0.511611        1.00605     -0.0443702      0.0193782   -0.000719155       0.812543        1.35591
            246       DRIFT_38        154.465        12.4188       0.718109        41.0609       -2.04145      0.0952562        2.14631     -0.0428324       0.538235       0.978472     -0.0443702      0.0189312   -0.000719155       0.820227        1.35839
            247       DRIFT_38        155.087        11.5732       0.642244        43.6474       -2.11968      0.0686317        2.43821     -0.0428324        0.56486       0.950891     -0.0443702      0.0184841   -0.000719155       0.828483        1.36073
            248           SDPI        155.837        10.6785       0.550709        46.8978       -2.21406      0.0365073        2.83448     -0.0428324       0.596984       0.917614     -0.0443702      0.0179448   -0.000719155       0.839228        1.36337
            249       DRIFT_40        155.968        10.5362       0.534715        47.4802       -2.23056      0.0308941        2.90866     -0.0428324       0.602597       0.911799     -0.0443702      0.0178505   -0.000719155       0.841195        1.36381
            250             QD        157.078        10.5624      -0.559136        47.4432        2.26269       0.331884        3.56594      0.0447343       0.912129       0.909834      0.0407996      0.0161398    -0.00233634       0.858268        1.36747
            251       DRIFT_41        157.623        11.2091      -0.626896        45.0141        2.19236       0.356276        3.86902      0.0447343       0.887738        0.93208      0.0407996      0.0148659    -0.00233634       0.866246        1.36935
            252          SQSK6        157.623        11.1998      -0.624748        44.9765         2.1889       0.356127         3.8674      0.0448699       0.887367        0.93208      0.0408026      0.0148659    -0.00214992       0.866246        1.36935
            253       DRIFT_42        158.411        12.2616      -0.722579        41.6064        2.08742       0.391489         4.2582      0.0448699       0.852006       0.964237      0.0408026      0.0131715    -0.00214992       0.876958        1.37225
            254       DRIFT_42        159.199        13.4776      -0.820411        38.3962        1.98595        0.42685        4.59326      0.0448699       0.816644       0.996393      0.0408026      0.0114772    -0.00214992       0.886721        1.37539
            255    YI6_DH10_E1        159.199        13.4776      -0.820411        38.3962        1.98595        0.42685        4.59326      0.0448699       0.816644       0.996393      0.0408026      0.0114772    -0.00214992       0.886721        1.37539
            256              D         168.64        39.9758        -1.9845        12.3841       0.769865       0.849406        4.27481      0.0446979       0.392699        1.56389      0.0794006    -0.00881819    -0.00214984       0.953361        1.44665
            257    YI6_DH10_E2         168.64        39.9758        -1.9845        12.3841       0.769865       0.849406        4.27481      0.0446979       0.392699        1.56389      0.0794006    -0.00881819    -0.00214984       0.953361        1.44665
            258       DRIFT_43         169.26        42.4849       -2.06111        11.4787       0.690103       0.877128        3.97437      0.0446979       0.364977        1.61313      0.0794006     -0.0101515    -0.00214984       0.955756        1.45494
            259       DRIFT_43         169.88         45.089       -2.13773        10.6721       0.610342       0.904849        3.63955      0.0446979       0.337256        1.66238      0.0794006     -0.0114848    -0.00214984       0.958011        1.46386
            260           SFPI         170.63        48.3651       -2.23037        9.82897       0.513886       0.938373        3.18871      0.0446979       0.303733        1.72193      0.0794006     -0.0130972    -0.00214984       0.960568        1.47552
            261       DRIFT_45        170.761        48.9518       -2.24656        9.69649       0.497032        0.94423        3.10477      0.0446979       0.297875        1.73233      0.0794006     -0.0133789    -0.00214984       0.960996        1.47766
            262             QF        171.871        48.9255        2.26944        9.70411      -0.504133       0.687822        2.37401     -0.0453224      0.0507248        1.73132     -0.0811999     -0.0164946    -0.00351164       0.964545        1.49623
            263       DRIFT_46        172.579        45.7787        2.18055        10.4817      -0.595524       0.655773        1.94616     -0.0453224      0.0827744         1.6739     -0.0811999     -0.0189779    -0.00351164       0.966923        1.50739
            264       DRIFT_46        173.286        42.7576        2.09165        11.3886      -0.686915       0.623723        1.56363     -0.0453224       0.114824        1.61648     -0.0811999     -0.0214611    -0.00351164       0.969467         1.5177
            265       DRIFT_46        173.993        39.8623        2.00276        12.4247      -0.778306       0.591673        1.22642     -0.0453224       0.146873        1.55906     -0.0811999     -0.0239443    -0.00351164       0.972194        1.52717
            266    YI6_DH11_E1        173.993        39.8623        2.00276        12.4247      -0.778306       0.591673        1.22642     -0.0453224       0.146873        1.55906     -0.0811999     -0.0239443    -0.00351164       0.972194        1.52717
            267              D        183.433        13.2221       0.817593         38.641       -1.99873       0.163424        1.06876     -0.0453898       0.575038       0.975027     -0.0425117      -0.057098    -0.00351201        1.03962        1.59807
            268    YI6_DH11_E2        183.433        13.2221       0.817593         38.641       -1.99873       0.163424        1.06876     -0.0453898       0.575038       0.975027     -0.0425117      -0.057098    -0.00351201        1.03962        1.59807
            269       DRIFT_48        184.054        12.2565       0.739333        41.1699        -2.0789       0.135273         1.3415     -0.0453898       0.603189       0.948661     -0.0425117     -0.0592762    -0.00351201        1.04738        1.60054
            270       DRIFT_48        184.674         11.388       0.661072        43.7983       -2.15907       0.107123        1.64916     -0.0453898       0.631339       0.922296     -0.0425117     -0.0614543    -0.00351201        1.05574        1.60286
            271           SDMI        185.424        10.4673       0.566432        47.1096       -2.25602      0.0730805        2.06785     -0.0453898       0.665382       0.890412     -0.0425117     -0.0640883    -0.00351201        1.06668        1.60549
            272       DRIFT_50        185.555        10.3211       0.549895        47.7031       -2.27296      0.0671322        2.14625     -0.0453898        0.67133       0.884841     -0.0425117     -0.0645486    -0.00351201        1.06869        1.60593
            273             QD        186.665        10.2931      -0.523843        47.7354        2.24492       0.298116        2.84006      0.0454038       0.910502       0.883552      0.0401689     -0.0650295     0.00265301        1.08616        1.60957
            274       DRIFT_51        187.372        11.0959      -0.611396        44.6237        2.15545       0.330223         3.2504      0.0454038       0.878395       0.911957      0.0401689     -0.0631534     0.00265301         1.0967        1.61201
            275       DRIFT_51        188.079        12.0225      -0.698949        41.6385        2.06598        0.36233        3.61533      0.0454038       0.846287       0.940362      0.0401689     -0.0612774     0.00265301        1.10645        1.61462
            276       DRIFT_51        188.786        13.0729      -0.786502        38.7799        1.97651       0.394437        3.93485      0.0454038        0.81418       0.968767      0.0401689     -0.0594013     0.00265301        1.11543        1.61742
            277    YI6_DH12_E1        188.786        13.0729      -0.786502        38.7799        1.97651       0.394437        3.93485      0.0454038        0.81418       0.968767      0.0401689     -0.0594013     0.00265301        1.11543        1.61742
            278              D        198.227          38.92       -1.95004        12.7359       0.782119       0.822765        3.84944      0.0453171       0.385203        1.53072      0.0788665      -0.034353     0.00265343        1.18414        1.68725
            279    YI6_DH12_E2        198.227          38.92       -1.95004        12.7359       0.782119       0.822765        3.84944      0.0453171       0.385203        1.53072      0.0788665      -0.034353     0.00265343        1.18414        1.68725
            280       DRIFT_53        198.847        41.3862       -2.02657        11.8144       0.703634        0.85087        3.56064      0.0453171       0.357097        1.57963      0.0788665     -0.0327073     0.00265343         1.1866         1.6953
            281       DRIFT_53        199.467        43.9474        -2.1031        10.9903       0.625149       0.878976        3.23697      0.0453171       0.328992        1.62855      0.0788665     -0.0310617     0.00265343        1.18892        1.70397
            282           SFMI        200.217        47.1715       -2.19565        10.1238       0.530238       0.912964        2.79899      0.0453171       0.295004         1.6877      0.0788665     -0.0290716     0.00265343        1.19154        1.71529
            283       DRIFT_55        200.348        47.7491       -2.21182        9.98698       0.513653       0.918902        2.71723      0.0453171       0.289065        1.69803      0.0788665     -0.0287239     0.00265343        1.19198        1.71737
            284             QF        201.458        47.7697        2.19385        9.98309      -0.510031       0.698581        2.00342     -0.0447841      0.0755308        1.69818     -0.0785915     -0.0272063    0.000104082        1.19562         1.7354
            285       DRIFT_56        202.166        44.7278         2.1078        10.7675      -0.599292       0.666912        1.58523     -0.0447841         0.1072        1.64261     -0.0785915     -0.0271327    0.000104082        1.19805        1.74626
            286       DRIFT_56        202.873        41.8077        2.02175        11.6782      -0.688552       0.635243        1.21182     -0.0447841       0.138869        1.58703     -0.0785915     -0.0270591    0.000104082        1.20065        1.75631
            287       DRIFT_56         203.58        39.0092        1.93569        12.7152      -0.777813       0.603574       0.883208     -0.0447841       0.170537        1.53146     -0.0785915     -0.0269855    0.000104082        1.20344        1.76555
            288    YI6_DH13_E1         203.58        39.0092        1.93569        12.7152      -0.777813       0.603574       0.883208     -0.0447841       0.170537        1.53146     -0.0785915     -0.0269855    0.000104082        1.20344        1.76555
            289              D        213.021        13.2659       0.789146        38.6696       -1.97204       0.180153       0.790396     -0.0449037       0.593907       0.971704     -0.0399704     -0.0260122    0.000102136        1.27152        1.83555
            290    YI6_DH13_E2        213.021        13.2659       0.789146        38.6696       -1.97204       0.180153       0.790396     -0.0449037       0.593907       0.971704     -0.0399704     -0.0260122    0.000102136        1.27152        1.83555
            291       DRIFT_58        213.641        12.3342       0.713281        41.1643       -2.05045       0.152304        1.06428     -0.0449037       0.621756       0.946914     -0.0399704     -0.0259488    0.000102136        1.27924        1.83802
            292       DRIFT_58        214.261        11.4965       0.637416        43.7563       -2.12886       0.124455         1.3727     -0.0449037       0.649605       0.922125     -0.0399704     -0.0258855    0.000102136        1.28754        1.84035
            293           SDPI        215.011        10.6091       0.545672        47.0207       -2.22368       0.090777        1.79182     -0.0449037       0.683283       0.892147     -0.0399704     -0.0258089    0.000102136        1.29835        1.84298
            294       DRIFT_60        215.142        10.4682       0.529642        47.6057       -2.24025      0.0848923        1.87024     -0.0449037       0.689167       0.886909     -0.0399704     -0.0257955    0.000102136        1.30033        1.84342
            295             QD        216.252        10.4992      -0.558542        47.5778        2.26444       0.291241        2.56266      0.0467663       0.900739       0.888589      0.0430244     -0.0243457     0.00248722        1.31751        1.84707
            296       DRIFT_61        216.959        11.3517      -0.646906        44.4397        2.17337       0.324311        2.97028      0.0467663       0.867668       0.919014      0.0430244     -0.0225869     0.00248722        1.32783        1.84952
            297       DRIFT_61        217.666        12.3291       -0.73527        41.4303        2.08229       0.357382        3.33113      0.0467663       0.834598       0.949438      0.0430244     -0.0208281     0.00248722        1.33735        1.85214
            298       DRIFT_61        218.373        13.4314      -0.823634        38.5497        1.99122       0.390452         3.6452      0.0467663       0.801527       0.979863      0.0430244     -0.0190693     0.00248722         1.3461        1.85496
            299    YI6_DH14_E1        218.373        13.4314      -0.823634        38.5497        1.99122       0.390452         3.6452      0.0467663       0.801527       0.979863      0.0430244     -0.0190693     0.00248722         1.3461        1.85496
            300              D        227.814        40.0756       -1.99714        12.4334       0.775237       0.831452        3.35746      0.0466564       0.359772        1.56862      0.0816874     0.00441116     0.00248714        1.41278        1.92592
            301    YI6_DH14_E2        227.814        40.0756       -1.99714        12.4334       0.775237       0.831452        3.35746      0.0466564       0.359772        1.56862      0.0816874     0.00441116     0.00248714        1.41278        1.92592
            302       DRIFT_63        228.434        42.6007       -2.07434        11.5213       0.695378       0.860388        3.04698      0.0466564       0.330836        1.61928      0.0816874     0.00595367     0.00248714        1.41516        1.93417
            303       DRIFT_63        229.054        45.2216       -2.15154        10.7083       0.615518       0.889324        2.70061      0.0466564         0.3019        1.66995      0.0816874     0.00749618     0.00248714        1.41741        1.94306
            304           SFPI        229.804        48.5189        -2.2449        9.85748       0.518944       0.924316         2.2338      0.0466564       0.266907        1.73121      0.0816874     0.00936154     0.00248714        1.41996        1.95469
            305       DRIFT_65        229.936        49.1094       -2.26121        9.72368       0.502069        0.93043        2.14685      0.0466564       0.260793        1.74192      0.0816874     0.00968748     0.00248714        1.42039        1.95682
            306             QF        231.046        49.0981        2.27108        9.72261      -0.501072       0.765086        1.38759     -0.0468757       0.101219         1.7429      -0.079926      0.0129941     0.00352129        1.42393        1.97534
            307       DRIFT_66        231.753        45.9488        2.18239        10.4956      -0.592065       0.731938       0.941578     -0.0468757       0.134367        1.68638      -0.079926      0.0154841     0.00352129         1.4263        1.98649
            308       DRIFT_66         232.46         42.925         2.0937        11.3973      -0.683059        0.69879       0.542449     -0.0468757       0.167515        1.62986      -0.079926      0.0179742     0.00352129        1.42883        1.99679
            309       DRIFT_66        233.167        40.0266        2.00501        12.4277      -0.774052       0.665642       0.190201     -0.0468757       0.200663        1.57334      -0.079926      0.0204643     0.00352129        1.43155        2.00625
            310    YI6_DH15_E1        233.167        40.0266        2.00501        12.4277      -0.774052       0.665642       0.190201     -0.0468757       0.200663        1.57334      -0.079926      0.0204643     0.00352129        1.43155        2.00625
            311              D        242.608        13.3184       0.822575        38.5127       -1.98905       0.222693     -0.0184358     -0.0469519       0.643718        1.00132     -0.0412404      0.0537084     0.00352151        1.49857        2.07726
            312    YI6_DH15_E2        242.608        13.3184       0.822575        38.5127       -1.98905       0.222693     -0.0184358     -0.0469519       0.643718        1.00132     -0.0412404      0.0537084     0.00352151        1.49857        2.07726
            313       DRIFT_68        243.228        12.3465         0.7445        41.0294       -2.06886       0.193573       0.260741     -0.0469519       0.672837       0.975748     -0.0412404      0.0558924     0.00352151        1.50627        2.07975
            314       DRIFT_68        243.848        11.4715       0.666425        43.6451       -2.14868       0.164454       0.576036     -0.0469519       0.701956       0.950171     -0.0412404      0.0580764     0.00352151        1.51457        2.08208
            315           SDMI        244.598        10.5427       0.572009        46.9405        -2.2452        0.12924        1.00557     -0.0469519        0.73717        0.91924     -0.0412404      0.0607176     0.00352151        1.52543        2.08472
            316       DRIFT_70        244.729        10.3949       0.555511        47.5312       -2.26206       0.123087        1.08605     -0.0469519       0.743323       0.913836     -0.0412404      0.0611791     0.00352151        1.52742        2.08516
            317             QD        245.839        10.3613      -0.524237         47.557        2.23962         0.2564        1.79655      0.0465428       0.881834        0.91552      0.0443008      0.0618448    -0.00233241        1.54478        2.08881
            318       DRIFT_71        246.546        11.1643      -0.611242        44.4528        2.15017       0.289313        2.21555      0.0465428       0.848921       0.946847      0.0443008      0.0601955    -0.00233241        1.55525        2.09126
            319       DRIFT_71        247.253        12.0903      -0.698246        41.4751        2.06071       0.322225          2.588      0.0465428       0.816009       0.978174      0.0443008      0.0585461    -0.00233241        1.56494        2.09388
            320       DRIFT_71         247.96        13.1393      -0.785251        38.6239        1.97126       0.355138         2.9139      0.0465428       0.783096         1.0095      0.0443008      0.0568968    -0.00233241        1.57388        2.09669
            321    YI6_DH16_E1         247.96        13.1393      -0.785251        38.6239        1.97126       0.355138         2.9139      0.0465428       0.783096         1.0095      0.0443008      0.0568968    -0.00233241        1.57388        2.09669
            322              D        257.401        38.9038       -1.94289          12.67       0.777469       0.794593        2.80379      0.0465069       0.343423        1.61053      0.0830154      0.0348658    -0.00233466        1.64242        2.16686
            323    YI6_DH16_E2        257.401        38.9038       -1.94289          12.67       0.777469       0.794593        2.80379      0.0465069       0.343423        1.61053      0.0830154      0.0348658    -0.00233466        1.64242        2.16686
            324       DRIFT_73        258.021        41.3609       -2.01901        11.7544       0.698931       0.823436        2.50609      0.0465069       0.314579        1.66201      0.0830154      0.0334179    -0.00233466        1.64488        2.17495
            325       DRIFT_73        258.642        43.9125       -2.09513        10.9361       0.620393       0.852279        2.17261      0.0465069       0.285736         1.7135      0.0830154      0.0319699    -0.00233466         1.6472        2.18366
            326           SFMI        259.392        47.1242       -2.18718        10.0768       0.525418       0.887159        1.72154      0.0465069       0.250856        1.77576      0.0830154      0.0302189    -0.00233466        1.64982        2.19504
            327       DRIFT_75        259.523        47.6996       -2.20327        9.94125       0.508823       0.893254        1.63735      0.0465069       0.244761        1.78664      0.0830154       0.029913    -0.00233466        1.65026        2.19712
            328             QF        260.633        47.7062        2.19757        9.94421      -0.511578       0.774715       0.900612       -0.04636       0.130026        1.78683     -0.0826768      0.0288167    0.000342544         1.6539        2.21523
            329       DRIFT_76         261.34        44.6593        2.11116        10.7312        -0.6013       0.741932       0.467906       -0.04636        0.16281        1.72836     -0.0826768      0.0290589    0.000342544        1.65634        2.22614
            330       DRIFT_76        262.047        41.7346        2.02475         11.645      -0.691022       0.709148      0.0815647       -0.04636       0.195593         1.6699     -0.0826768      0.0293011    0.000342544        1.65895        2.23621
            331       DRIFT_76        262.754        38.9321        1.93834        12.6858      -0.780744       0.676365      -0.258411       -0.04636       0.228376        1.61144     -0.0826768      0.0295434    0.000342544        1.66174        2.24548
            332    YI6_DH17_E1        262.754        38.9321        1.93834        12.6858      -0.780744       0.676365      -0.258411       -0.04636       0.228376        1.61144     -0.0826768      0.0295434    0.000342544        1.66174        2.24548
            333              D        272.195        13.1673       0.787937        38.7779       -1.98454       0.237735      -0.347809     -0.0465879       0.667505        1.01249     -0.0441754      0.0328019    0.000347867        1.73016        2.31547
            334    YI6_DH17_E2        272.195        13.1673       0.787937        38.7779       -1.98454       0.237735      -0.347809     -0.0465879       0.667505        1.01249     -0.0441754      0.0328019    0.000347867        1.73016        2.31547
            335       DRIFT_78        272.815        12.2373       0.711593        41.2885       -2.06352       0.208842     -0.0633491     -0.0465879       0.696398       0.985098     -0.0441754      0.0330176    0.000347867        1.73793        2.31794
            336       DRIFT_78        273.435         11.402        0.63525         43.897       -2.14251       0.179948        0.25695     -0.0465879       0.725292         0.9577     -0.0441754      0.0332334    0.000347867        1.74629        2.32026
            337           SDPI        274.185        10.5184       0.542928        47.1824       -2.23802       0.145007       0.692163     -0.0465879       0.760233       0.924569     -0.0441754      0.0334943    0.000347867         1.7572        2.32288
            338       DRIFT_80        274.316        10.3782       0.526797        47.7712       -2.25471       0.138902       0.773589     -0.0465879       0.766338        0.91878     -0.0441754      0.0335399    0.000347867         1.7592        2.32332
            339             QD        275.426        10.4077      -0.554319        47.7552         2.2686       0.244515        1.49069      0.0478263       0.874304       0.917417       0.041698      0.0321783    -0.00277969        1.77653        2.32696
            340       DRIFT_81        276.133        11.2545       -0.64314        44.6111        2.17758       0.278335        1.91213      0.0478263       0.840484       0.946903       0.041698      0.0302126    -0.00277969        1.78694         2.3294
            341       DRIFT_81         276.84        12.2269      -0.731962        41.5957        2.08657       0.312155        2.28574      0.0478263       0.806663        0.97639       0.041698       0.028247    -0.00277969        1.79654        2.33201
            342       DRIFT_81        277.548        13.3249      -0.820783        38.7091        1.99555       0.345975        2.61151      0.0478263       0.772843        1.00588       0.041698      0.0262814    -0.00277969        1.80536        2.33481
            343    YI6_DH18_E1        277.548        13.3249      -0.820783        38.7091        1.99555       0.345975        2.61151      0.0478263       0.772843        1.00588       0.041698      0.0262814    -0.00277969        1.80536        2.33481
            344              D        286.988        39.9577       -1.99825        12.5132       0.779845       0.796521         2.3809       0.047657       0.321337        1.58186      0.0803016    4.49724e-05    -0.00277878        1.87242        2.40538
            345    YI6_DH18_E2        286.988        39.9577       -1.99825        12.5132       0.779845       0.796521         2.3809       0.047657       0.321337        1.58186      0.0803016    4.49724e-05    -0.00277878        1.87242        2.40538
            346       DRIFT_83        287.608        42.4844       -2.07575        11.5954        0.70014       0.826078        2.06786       0.047657       0.291781        1.63166      0.0803016    -0.00167841    -0.00277878        1.87481        2.41358
            347       DRIFT_83        288.229        45.1072       -2.15325        10.7764       0.620435       0.855634        1.71816       0.047657       0.262224        1.68146      0.0803016    -0.00340179    -0.00277878        1.87707        2.42241
            348           SFPI        288.979        48.4073       -2.24696        9.91799       0.524047       0.891377         1.2463       0.047657       0.226482        1.74169      0.0803016    -0.00548587    -0.00277878        1.87962        2.43397
            349       DRIFT_85         289.11        48.9984       -2.26334        9.78284       0.507205       0.897623        1.15835       0.047657       0.220236        1.75221      0.0803016    -0.00585003    -0.00277878        1.88005        2.43609
            350             QF         290.22        49.0031        2.25924        9.77549      -0.500353       0.825406       0.388203     -0.0475134       0.150279        1.75117     -0.0821687    -0.00928834    -0.00346898         1.8836         2.4545
            351       DRIFT_86        290.927        45.8702        2.17115        10.5471      -0.590802       0.791807     -0.0654508     -0.0475134       0.183878        1.69306     -0.0821687     -0.0117414    -0.00346898        1.88597        2.46559
            352       DRIFT_86        291.634        42.8619        2.08306        11.4466      -0.681251       0.758208      -0.471586     -0.0475134       0.217476        1.63496     -0.0821687     -0.0141945    -0.00346898        1.88851        2.47585
            353       DRIFT_86        292.341        39.9781        1.99498        12.4741      -0.771699       0.724609      -0.830203     -0.0475134       0.251075        1.57685     -0.0821687     -0.0166476    -0.00346898        1.89123        2.48527
            354    YI6_DH19_E1        292.341        39.9781        1.99498        12.4741      -0.771699       0.724609      -0.830203     -0.0475134       0.251075        1.57685     -0.0821687     -0.0166476    -0.00346898        1.89123        2.48527
            355              D        301.782         13.407       0.819287        38.4129       -1.97476       0.275998        -1.0656     -0.0474675       0.699524       0.984391      -0.043341     -0.0493802    -0.00346472        1.95807        2.55622
            356    YI6_DH19_E2        301.782         13.407       0.819287        38.4129       -1.97476       0.275998        -1.0656     -0.0474675       0.699524       0.984391      -0.043341     -0.0493802    -0.00346472        1.95807        2.55622
            357       DRIFT_88        302.402        12.4387       0.741978        40.9115       -2.05386       0.246559      -0.784676     -0.0474675       0.728963       0.957511      -0.043341      -0.051529    -0.00346472        1.96572        2.55871
            358       DRIFT_88        303.022        11.5663       0.664669        43.5081       -2.13297        0.21712      -0.467234     -0.0474675       0.758402       0.930631      -0.043341     -0.0536778    -0.00346472        1.97395        2.56105
            359           SDMI        303.772        10.6394       0.571178        46.7793       -2.22863       0.181519     -0.0345721     -0.0474675       0.794003       0.898126      -0.043341     -0.0562764    -0.00346472        1.98472         2.5637
            360       DRIFT_90        303.903        10.4919       0.554842        47.3656       -2.24535       0.175299      0.0465091     -0.0474675       0.800224       0.892446      -0.043341     -0.0567304    -0.00346472        1.98669        2.56414
            361             QD        305.013        10.4681      -0.532692        47.3756        2.23666       0.212408       0.760548      0.0470172       0.839159       0.890596      0.0399784     -0.0575672     0.00197024        2.00388        2.56781
            362       DRIFT_91         305.72        11.2828      -0.619413        44.2757        2.14706       0.245656        1.18024      0.0470172       0.805911       0.918866      0.0399784     -0.0561739     0.00197024        2.01424        2.57026
            363       DRIFT_91        306.427        12.2202      -0.706134        41.3025        2.05746       0.278904        1.55291      0.0470172       0.772663       0.947137      0.0399784     -0.0547807     0.00197024        2.02383         2.5729
            364       DRIFT_91        307.135        13.2802      -0.792856         38.456        1.96786       0.312152        1.87856      0.0470172       0.739415       0.975407      0.0399784     -0.0533874     0.00197024        2.03267        2.57572
            365    YI6_DH20_E1        307.135        13.2802      -0.792856         38.456        1.96786       0.312152        1.87856      0.0470172       0.739415       0.975407      0.0399784     -0.0533874     0.00197024        2.03267        2.57572
            366              D        316.575        39.1561       -1.94722         12.582       0.772274       0.756159        1.71984      0.0469995       0.295331        1.53577      0.0787261     -0.0347727     0.00197308         2.1006        2.64631
            367    YI6_DH20_E2        316.575        39.1561       -1.94722         12.582       0.772274       0.756159        1.71984      0.0469995       0.295331        1.53577      0.0787261     -0.0347727     0.00197308         2.1006        2.64631
            368       DRIFT_93        317.195        41.6185       -2.02312        11.6729       0.693584       0.785308        1.41596      0.0469995       0.266183         1.5846      0.0787261      -0.033549     0.00197308        2.10304        2.65446
            369       DRIFT_93        317.816         44.175       -2.09901        10.8614       0.614894       0.814457        1.07593      0.0469995       0.237034        1.63342      0.0787261     -0.0323253     0.00197308        2.10534        2.66323
            370           SFMI        318.566        47.3923       -2.19079        10.0104       0.519734       0.849706       0.616423      0.0469995       0.201784        1.69247      0.0787261     -0.0308455     0.00197308        2.10795        2.67469
            371       DRIFT_95        318.697        47.9687       -2.20683         9.8764       0.503107       0.855866       0.530706      0.0469995       0.195625        1.70279      0.0787261     -0.0305869     0.00197308        2.10839        2.67679
            372             QF        319.807        47.9537        2.21982        9.88678      -0.512779       0.841199      -0.221011     -0.0473421       0.181822         1.7025     -0.0792299     -0.0299341   -0.000786848        2.11201        2.69501
            373       DRIFT_96        320.514        44.8761        2.13241        10.6759       -0.60311       0.807721      -0.663612     -0.0473421         0.2153        1.64648     -0.0792299     -0.0304905   -0.000786848        2.11444        2.70597
            374       DRIFT_96        321.221         41.922          2.045        11.5927      -0.693441       0.774243       -1.05887     -0.0473421       0.248778        1.59045     -0.0792299      -0.031047   -0.000786848        2.11703         2.7161
            375       DRIFT_96        321.928        39.0916        1.95759        12.6373      -0.783772       0.740765       -1.40677     -0.0473421       0.282256        1.53442     -0.0792299     -0.0316034   -0.000786848        2.11981         2.7254
            376    YI7_DH20_E1        321.928        39.0916        1.95759        12.6373      -0.783772       0.740765       -1.40677     -0.0473421       0.282256        1.53442     -0.0792299     -0.0316034   -0.000786848        2.11981         2.7254
            377              D        331.369        13.0879       0.793868        38.8667       -1.99618       0.292885       -1.50577     -0.0476136       0.731279       0.968012     -0.0407315     -0.0390614   -0.000793355         2.1883        2.79546
            378    YI7_DH20_E2        331.369        13.0879       0.793868        38.8667       -1.99618       0.292885       -1.50577     -0.0476136       0.731279       0.968012     -0.0407315     -0.0390614   -0.000793355         2.1883        2.79546
            379       DRIFT_98        331.989        12.1511       0.716617        41.3921       -2.07572       0.263355       -1.21556     -0.0476136       0.760809        0.94275     -0.0407315     -0.0395534   -0.000793355        2.19613        2.79792
            380       DRIFT_98        332.609        11.3101       0.639366        44.0161       -2.15526       0.233826      -0.888732     -0.0476136       0.790339       0.917489     -0.0407315     -0.0400454   -0.000793355        2.20455        2.80023
            381           SDPI        333.359        10.4211       0.545946        47.3212       -2.25145       0.198115      -0.444564     -0.0476136       0.826049        0.88694     -0.0407315     -0.0406405   -0.000793355        2.21556        2.80285
            382      DRIFT_100         333.49        10.2802       0.529622        47.9135       -2.26826       0.191876      -0.361456     -0.0476136       0.832289       0.881602     -0.0407315     -0.0407444   -0.000793355        2.21757        2.80328
            383             QD          334.6         10.294      -0.542519        47.9132        2.26852         0.1924       0.368786      0.0479405       0.832462       0.882156      0.0417384     -0.0394952     0.00302454        2.23508        2.80691
            384      DRIFT_101        335.307        11.1242      -0.631433         44.769        2.17781       0.226301        0.79743      0.0479405       0.798561       0.911672      0.0417384     -0.0373564     0.00302454        2.24561        2.80934
            385      DRIFT_101        336.015        12.0801      -0.720346        41.7531         2.0871       0.260202        1.17813      0.0479405        0.76466       0.941187      0.0417384     -0.0352176     0.00302454        2.25532        2.81194
            386      DRIFT_101        336.722        13.1617       -0.80926        38.8655        1.99639       0.294103        1.51088      0.0479405       0.730759       0.970702      0.0417384     -0.0330788     0.00302454        2.26425        2.81473
            387    YI7_DH19_E1        336.722        13.1617       -0.80926        38.8655        1.99639       0.294103        1.51088      0.0479405       0.730759       0.970702      0.0417384     -0.0330788     0.00302454        2.26425        2.81473
            388              D        346.162        39.6053        -1.9903         12.605       0.785305       0.746309        1.36096      0.0478504        0.27818        1.54734      0.0804061     -0.0045259     0.00302442        2.33208        2.88487
            389    YI7_DH19_E2        346.162        39.6053        -1.9903         12.605       0.785305       0.746309        1.36096      0.0478504        0.27818        1.54734      0.0804061     -0.0045259     0.00302442        2.33208        2.88487
            390      DRIFT_103        346.782        42.1223       -2.06799        11.6803       0.705759       0.775986        1.05223      0.0478504       0.248503        1.59721      0.0804061    -0.00265018     0.00302442        2.33449        2.89301
            391      DRIFT_103        347.403        44.7355       -2.14568        10.8542       0.626214       0.805662       0.706679      0.0478504       0.218827        1.64707      0.0804061   -0.000774454     0.00302442        2.33677        2.90178
            392           SFPI        348.153        48.0245       -2.23963        9.98702        0.53002        0.84155       0.239636      0.0478504       0.182939        1.70738      0.0804061     0.00149386     0.00302442        2.33934        2.91325
            393      DRIFT_105        348.284        48.6137       -2.25605         9.8503       0.513212       0.847821       0.152503      0.0478504       0.176668        1.71792      0.0804061     0.00189021     0.00302442        2.33977        2.91535
            394             QF        349.394        48.6415        2.23185         9.8355      -0.499428       0.869677       -0.61274      -0.047225        0.19711        1.71872     -0.0789726     0.00540201      0.0033569        2.34335        2.93365
            395      DRIFT_106        350.101        45.5465         2.1449        10.6054      -0.589259       0.836282       -1.06473      -0.047225       0.230505        1.66287     -0.0789726     0.00777583      0.0033569        2.34574        2.94468
            396      DRIFT_106        350.808        42.5745        2.05794        11.5023      -0.679089       0.802887       -1.46948      -0.047225         0.2639        1.60703     -0.0789726      0.0101496      0.0033569        2.34829        2.95487
            397      DRIFT_106        351.515        39.7255        1.97099        12.5262       -0.76892       0.769492       -1.82701      -0.047225       0.297295        1.55118     -0.0789726      0.0125235      0.0033569        2.35103        2.96426
            398    YI7_DH18_E1        351.515        39.7255        1.97099        12.5262       -0.76892       0.769492       -1.82701      -0.047225       0.297295        1.55118     -0.0789726      0.0125235      0.0033569        2.35103        2.96426
            399              D        360.956        13.4481       0.811349        38.3576       -1.96696       0.323273       -2.07191     -0.0472745        0.74375       0.988414      -0.040238      0.0442109     0.00335589        2.41798        3.03512
            400    YI7_DH18_E2        360.956        13.4481       0.811349        38.3576       -1.96696       0.323273       -2.07191     -0.0472745        0.74375       0.988414      -0.040238      0.0442109     0.00335589        2.41798        3.03512
            401      DRIFT_108        361.576        12.4891       0.734873        40.8462       -2.04568       0.293953       -1.79295     -0.0472745       0.773069       0.963459      -0.040238      0.0462922     0.00335589         2.4256        3.03761
            402      DRIFT_108        362.196         11.625       0.658397        43.4325        -2.1244       0.264634       -1.47762     -0.0472745       0.802389       0.938503      -0.040238      0.0483735     0.00335589         2.4338        3.03995
            403           SDMI        362.946        10.7068       0.565914        46.6905       -2.21961       0.229178       -1.04771     -0.0472745       0.837845       0.908325      -0.040238      0.0508904     0.00335589         2.4445        3.04261
            404      DRIFT_110        363.077        10.5606       0.549754        47.2744       -2.23624       0.222983      -0.967135     -0.0472745        0.84404       0.903052      -0.040238      0.0513302     0.00335589        2.44647        3.04305
            405             QD        364.187        10.5558      -0.545269         47.269        2.24093       0.165933      -0.259358      0.0469019       0.785384       0.905314      0.0443501      0.0523256    -0.00157811        2.46352        3.04672
            406      DRIFT_111        364.894        11.3884      -0.632178        44.1634        2.15085         0.1991       0.155231      0.0469019       0.752218       0.936676      0.0443501      0.0512096    -0.00157811         2.4738        3.04919
            407      DRIFT_111        365.602        12.3439      -0.719087        41.1852        2.06076       0.232266       0.522912      0.0469019       0.719051       0.968038      0.0443501      0.0500937    -0.00157811        2.48329        3.05182
            408      DRIFT_111        366.309        13.4224      -0.805997        38.3343        1.97067       0.265433       0.843686      0.0469019       0.685885         0.9994      0.0443501      0.0489777    -0.00157811        2.49204        3.05466
            409    YI7_DH17_E1        366.309        13.4224      -0.805997        38.3343        1.97067       0.265433       0.843686      0.0469019       0.685885         0.9994      0.0443501      0.0489777    -0.00157811        2.49204        3.05466
            410              D        375.749        39.6036       -1.96756        12.4475       0.769691       0.709065       0.627996      0.0470103       0.242584        1.60174      0.0832586      0.0340386    -0.00158624        2.55919        3.12576
            411    YI7_DH17_E2        375.749        39.6036       -1.96756        12.4475       0.769691       0.709065       0.627996      0.0470103       0.242584        1.60174      0.0832586      0.0340386    -0.00158624        2.55919        3.12576
            412      DRIFT_113         376.37        42.0914       -2.04384         11.542       0.690349       0.738221       0.320606      0.0470103       0.213429        1.65337      0.0832586      0.0330549    -0.00158624        2.56161          3.134
            413      DRIFT_113         376.99        44.6739       -2.12013        10.7349       0.611007       0.767376     -0.0229492      0.0470103       0.184273        1.70501      0.0832586      0.0320711    -0.00158624        2.56388        3.14287
            414           SFMI         377.74        47.9233       -2.21238        9.89039       0.515059       0.802634       -0.48672      0.0470103       0.149015        1.76745      0.0832586      0.0308814    -0.00158624        2.56646        3.15447
            415      DRIFT_115        377.871        48.5053        -2.2285        9.75759       0.498294       0.808795      -0.573184      0.0470103       0.142855        1.77837      0.0832586      0.0306735    -0.00158624         2.5669        3.15659
            416             QF        378.981        48.4859        2.24534        9.76762      -0.507631       0.897635       -1.33311     -0.0474482       0.229202        1.77926     -0.0816666       0.030461     0.00120006        2.57048        3.17504
            417      DRIFT_116        379.526        46.0744         2.1774        10.3595      -0.577838       0.871764       -1.68347     -0.0474482       0.255073        1.73473     -0.0816666      0.0311153     0.00120006        2.57231        3.18367
            418          QGTJI        379.526        46.0744        2.16818        10.3595      -0.575766       0.871427       -1.68347     -0.0472229       0.254736        1.73473     -0.0813197      0.0311153     0.00119383        2.57231        3.18367
            419      DRIFT_117        380.314        42.7338        2.07067        11.3468       -0.67706       0.834211       -2.14015     -0.0472229       0.291952        1.67064     -0.0813197      0.0320562     0.00119383        2.57514        3.19525
            420      DRIFT_117        381.102        39.5469        1.97315        12.4938      -0.778354       0.796995       -2.53817     -0.0472229       0.329168        1.60655     -0.0813197       0.032997     0.00119383        2.57819        3.20579
            421    YI7_DH16_E1        381.102        39.5469        1.97315        12.4938      -0.778354       0.796995       -2.53817     -0.0472229       0.329168        1.60655     -0.0813197       0.032997     0.00119383        2.57819        3.20579
            422              D        390.543         13.295       0.806355        38.6405       -1.99104        0.35073        -2.7409     -0.0472915        0.77583        1.02145     -0.0426212       0.044264     0.00119303        2.64571        3.27647
            423    YI7_DH16_E2        390.543         13.295       0.806355        38.6405       -1.99104        0.35073        -2.7409     -0.0472915        0.77583        1.02145     -0.0426212       0.044264     0.00119303        2.64571        3.27647
            424      DRIFT_118        391.163        12.3425       0.729375        41.1595       -2.07072         0.3214       -2.45907     -0.0472915        0.80516       0.995014     -0.0426212      0.0450039     0.00119303        2.65342        3.27895
            425      DRIFT_118        391.783        11.4856       0.652395        43.7775        -2.1504        0.29207       -2.14085     -0.0472915        0.83449       0.968581     -0.0426212      0.0457438     0.00119303        2.66171        3.28127
            426           SDPI        392.533        10.5768       0.559302        47.0753       -2.24676       0.256602       -1.70744     -0.0472915       0.869958       0.936615     -0.0426212      0.0466386     0.00119303        2.67255         3.2839
            427      DRIFT_120        392.664        10.4323       0.543036        47.6664       -2.26359       0.250404       -1.62624     -0.0472915       0.876156       0.931029     -0.0426212       0.046795     0.00119303        2.67454        3.28434
            428             QD        393.774        10.4306      -0.541395          47.68        2.25177       0.132306      -0.914336      0.0466439       0.754593       0.932076      0.0445232      0.0456668    -0.00320792         2.6918        3.28798
            429      DRIFT_121        394.481        11.2582      -0.629062         44.559        2.16174        0.16529      -0.497613      0.0466439       0.721609        0.96356      0.0445232      0.0433984    -0.00320792         2.7022        3.29043
            430      DRIFT_121        395.189        12.2099      -0.716729        41.5653        2.07171       0.198274       -0.12754      0.0466439       0.688625       0.995045      0.0445232      0.0411299    -0.00320792         2.7118        3.29304
            431      DRIFT_121        395.896        13.2856      -0.804396         38.699        1.98168       0.231258       0.195885      0.0466439       0.655641        1.02653      0.0445232      0.0388614    -0.00320792        2.72064        3.29585
            432    YI7_DH15_E1        395.896        13.2856      -0.804396         38.699        1.98168       0.231258       0.195885      0.0466439       0.655641        1.02653      0.0445232      0.0388614    -0.00320792        2.72064        3.29585
            433              D        405.336        39.5306       -1.97587        12.5981       0.781397       0.672273      0.0411266      0.0467404       0.214806        1.63041      0.0834116     0.00855081    -0.00321242        2.78822        3.36614
            434    YI7_DH15_E2        405.336        39.5306       -1.97587        12.5981       0.781397       0.672273      0.0411266      0.0467404       0.214806        1.63041      0.0834116     0.00855081    -0.00321242        2.78822        3.36614
            435      DRIFT_123        405.957        42.0291       -2.05281        11.6781        0.70211       0.701261       -0.26057      0.0467404       0.185817        1.68214      0.0834116     0.00655848    -0.00321242        2.79065        3.37428
            436      DRIFT_123        406.577        44.6231       -2.12975        10.8563       0.622822       0.730249      -0.598223      0.0467404       0.156829        1.73387      0.0834116     0.00456616    -0.00321242        2.79292        3.38305
            437           SFPI        407.327        47.8875       -2.22279        9.99402        0.52694       0.765304       -1.05458      0.0467404       0.121774        1.79643      0.0834116     0.00215684    -0.00321242        2.79551        3.39452
            438      DRIFT_125        407.458        48.4723       -2.23905        9.85811       0.510186        0.77143       -1.13972      0.0467404       0.115649        1.80736      0.0834116     0.00173585    -0.00321242        2.79594        3.39662
            439             QF        408.568        48.4774         2.2346        9.85078      -0.503365       0.913124       -1.88948     -0.0465797       0.252427        1.80692     -0.0842053    -0.00180156    -0.00321542        2.79952         3.4149
            440      DRIFT_126        409.113        46.0773        2.16719        10.4375      -0.572741       0.887726       -2.23588     -0.0465797       0.277825          1.761     -0.0842053    -0.00355477    -0.00321542        2.80136        3.42346
            441          QGTJI        409.113        46.0773        2.15798        10.4375      -0.570653       0.887279       -2.23588     -0.0463466       0.277377          1.761     -0.0838531    -0.00355477    -0.00321471        2.80136        3.42346
            442      DRIFT_127        409.901        42.7522        2.06122        11.4159      -0.670747       0.850753       -2.68775     -0.0463466       0.313903        1.69492     -0.0838531    -0.00608826    -0.00321471        2.80419        3.43496
            443      DRIFT_127        410.689        39.5795        1.96447         12.552      -0.770841       0.814228       -3.08205     -0.0463466       0.350428        1.62884     -0.0838531    -0.00862175    -0.00321471        2.80723        3.44544
            444    YI7_DH14_E1        410.689        39.5795        1.96447         12.552      -0.770841       0.814228       -3.08205     -0.0463466       0.350428        1.62884     -0.0838531    -0.00862175    -0.00321471        2.80723        3.44544
            445              D         420.13         13.392       0.807555        38.4398        -1.9718        0.37609       -3.32174     -0.0465069       0.789623        1.01943     -0.0452269     -0.0389756    -0.00321603        2.87446        3.51616
            446    YI7_DH14_E2         420.13         13.392       0.807555        38.4398        -1.9718        0.37609       -3.32174     -0.0465069       0.789623        1.01943     -0.0452269     -0.0389756    -0.00321603        2.87446        3.51616
            447      DRIFT_128         420.75        12.4378       0.731043        40.9345       -2.05067       0.347247       -3.04738     -0.0465069       0.818467       0.991383     -0.0452269     -0.0409702    -0.00321603        2.88211        3.51864
            448      DRIFT_128         421.37        11.5784       0.654531        43.5271       -2.12953       0.318403       -2.73724     -0.0465069        0.84731       0.963334     -0.0452269     -0.0429648    -0.00321603        2.89034        3.52098
            449           SDMI         422.12         10.666       0.562005        46.7929        -2.2249       0.283523        -2.3144     -0.0465069        0.88219       0.929413     -0.0452269     -0.0453768    -0.00321603        2.90109        3.52363
            450      DRIFT_130        422.251        10.5209       0.545837        47.3782       -2.24157       0.277429       -2.23515     -0.0465069       0.888285       0.923486     -0.0452269     -0.0457982    -0.00321603        2.90305        3.52407
            451             QD        423.361         10.522       -0.54686        47.3698        2.24883       0.101843       -1.54117      0.0457097       0.707356        0.92123      0.0411261     -0.0469265     0.00120101        2.92017        3.52774
            452      DRIFT_131        424.069        11.3571      -0.634166        44.2533        2.15841       0.134166       -1.13584      0.0457097       0.675032       0.950312      0.0411261     -0.0460772     0.00120101        2.93048        3.53019
            453      DRIFT_131        424.776        12.3157      -0.721471        41.2646        2.06798        0.16649      -0.776228      0.0457097       0.642709       0.979395      0.0411261     -0.0452279     0.00120101           2.94        3.53283
            454      DRIFT_131        425.483        13.3979      -0.808776        38.4038        1.97756       0.198813      -0.462329      0.0457097       0.610386        1.00848      0.0411261     -0.0443786     0.00120101        2.94876        3.53566
            455    YI7_DH13_E1        425.483        13.3979      -0.808776        38.4038        1.97756       0.198813      -0.462329      0.0457097       0.610386        1.00848      0.0411261     -0.0443786     0.00120101        2.94876        3.53566
            456              D        434.923        39.6759       -1.97485        12.4331       0.771878       0.630771      -0.653586      0.0457844       0.178451        1.58023      0.0800003     -0.0330069     0.00120775        3.01591        3.60674
            457    YI7_DH13_E2        434.923        39.6759       -1.97485        12.4331       0.771878       0.630771      -0.653586      0.0457844       0.178451        1.58023      0.0800003     -0.0330069     0.00120775        3.01591        3.60674
            458      DRIFT_133        435.544         42.173       -2.05145         11.525       0.692276       0.659166      -0.951723      0.0457844       0.150056        1.62984      0.0800003     -0.0322579     0.00120775        3.01832        3.61499
            459      DRIFT_133        436.164        44.7651       -2.12804        10.7157       0.612673       0.687562       -1.28508      0.0457844        0.12166        1.67946      0.0800003     -0.0315088     0.00120775        3.02059        3.62387
            460           SFMI        436.914        48.0267       -2.22067        9.86889        0.51641         0.7219       -1.73526      0.0457844       0.087322        1.73946      0.0800003      -0.030603     0.00120775        3.02317        3.63549
            461      DRIFT_135        437.045        48.6108       -2.23685        9.73574        0.49959         0.7279       -1.81921      0.0457844      0.0813219        1.74994      0.0800003     -0.0304447     0.00120775         3.0236        3.63762
            462             QF        438.155        48.5943        2.25125        9.74185      -0.505283       0.932498       -2.55932     -0.0461547       0.279476        1.74863     -0.0823422     -0.0306492    -0.00157931        3.02717        3.65611
            463      DRIFT_136          438.7        46.1764        2.18316        10.3312      -0.575543       0.907332       -2.90166     -0.0461547       0.304642        1.70373     -0.0823422     -0.0315103    -0.00157931          3.029        3.66477
            464          QGTJI          438.7        46.1764        2.17392        10.3312      -0.573477       0.906752       -2.90166     -0.0459125       0.304061        1.70373     -0.0820014     -0.0315103    -0.00157301          3.029        3.66477
            465      DRIFT_137        439.488        42.8269         2.0762         11.315      -0.674847       0.870569       -3.34812     -0.0459125       0.340245        1.63911     -0.0820014       -0.03275    -0.00157301        3.03183        3.67638
            466      DRIFT_137        440.276        39.6315        1.97848        12.4585      -0.776218       0.834385       -3.73755     -0.0459125       0.376428        1.57448     -0.0820014     -0.0339897    -0.00157301        3.03487        3.68695
            467    YI7_DH12_E1        440.276        39.6315        1.97848        12.4585      -0.776218       0.834385       -3.73755     -0.0459125       0.376428        1.57448     -0.0820014     -0.0339897    -0.00157301        3.03487        3.68695
            468              D        449.717        13.3054       0.809015        38.5698        -1.9893       0.400462       -3.96341     -0.0459678       0.810751        0.98313     -0.0432645     -0.0488333    -0.00157152        3.10229        3.75781
            469    YI7_DH12_E2        449.717        13.3054       0.809015        38.5698        -1.9893       0.400462       -3.96341     -0.0459678       0.810751        0.98313     -0.0432645     -0.0488333    -0.00157152        3.10229        3.75781
            470      DRIFT_138        450.337        12.3498       0.731895        41.0867       -2.06901       0.371953       -3.69128     -0.0459678        0.83926       0.956297     -0.0432645     -0.0498079    -0.00157152        3.10999        3.76029
            471      DRIFT_138        450.957        11.4898       0.654775        43.7025       -2.14872       0.343444       -3.38377     -0.0459678       0.867769       0.929465     -0.0432645     -0.0507826    -0.00157152        3.11828        3.76262
            472           SDPI        451.707        10.5775       0.561514        46.9979       -2.24512       0.308969       -2.96467     -0.0459678       0.902245       0.897017     -0.0432645     -0.0519612    -0.00157152        3.12912        3.76525
            473      DRIFT_140        451.838        10.4325       0.545218        47.5886       -2.26196       0.302944       -2.88613     -0.0459678       0.908269       0.891347     -0.0432645     -0.0521672    -0.00157152         3.1311        3.76569
            474             QD        452.948         10.426      -0.539174         47.606        2.24681      0.0665089       -2.19951      0.0446757       0.664891       0.889577       0.040048     -0.0511726     0.00334792        3.14837        3.76934
            475      DRIFT_141        453.494        11.0508      -0.606674        45.1936        2.17753      0.0908683       -1.88652      0.0446757       0.640531       0.911413       0.040048     -0.0493471     0.00334792        3.15646        3.77121
            476          SQSK8        453.494        11.0553      -0.605145        45.2121        2.17665      0.0908868        -1.8869      0.0448392       0.640662       0.911413      0.0400381     -0.0493471      0.0035302        3.15646        3.77121
            477      DRIFT_142        454.282        12.0859      -0.702536        41.8601        2.07663       0.126224       -1.48148      0.0448392       0.605325       0.942967      0.0400381      -0.046565      0.0035302        3.16732        3.77409
            478      DRIFT_142         455.07          13.27      -0.799928        38.6657        1.97661       0.161562       -1.13175      0.0448392       0.569987       0.974521      0.0400381     -0.0437829      0.0035302        3.17723        3.77721
            479    YI7_DH11_E1         455.07          13.27      -0.799928        38.6657        1.97661       0.161562       -1.13175      0.0448392       0.569987       0.974521      0.0400381     -0.0437829      0.0035302        3.17723        3.77721
            480              D        464.511        39.3611       -1.96286        12.6463        0.77901       0.584807       -1.27184      0.0448201       0.146768        1.53546       0.078788     -0.0104469     0.00353171        3.24499        3.84741
            481    YI7_DH11_E2        464.511        39.3611       -1.96286        12.6463        0.77901       0.584807       -1.27184      0.0448201       0.146768        1.53546       0.078788     -0.0104469     0.00353171        3.24499        3.84741
            482      DRIFT_143        465.131        41.8432       -2.03932        11.7289       0.700208       0.612604       -1.56075      0.0448201       0.118971        1.58433       0.078788    -0.00825654     0.00353171        3.24742        3.85551
            483      DRIFT_143        465.751        44.4202       -2.11579        10.9092       0.621405       0.640401       -1.88414      0.0448201      0.0911739        1.63319       0.078788     -0.0060662     0.00353171        3.24971        3.86425
            484           SFPI        466.501        47.6632       -2.20826        10.0486       0.526109       0.674016       -2.32127      0.0448201      0.0575588        1.69228       0.078788    -0.00341742     0.00353171        3.25231        3.87566
            485      DRIFT_145        466.632        48.2441       -2.22441        9.91288       0.509457        0.67989       -2.40282      0.0448201      0.0516851        1.70261       0.078788    -0.00295459     0.00353171        3.25274        3.87775
            486             QF        467.742        48.2417        2.22654        9.91183      -0.508482       0.938186       -3.12331     -0.0447688       0.301286        1.70244     -0.0790874    0.000880572     0.00343717        3.25634        3.89591
            487      DRIFT_146        468.287        45.8504         2.1592        10.5041      -0.577715       0.913776       -3.45727     -0.0447688       0.325696        1.65932     -0.0790874     0.00275469     0.00343717        3.25819        3.90442
            488          QGTJI        468.287        45.8504        2.15003        10.5041      -0.575614       0.913084       -3.45727     -0.0445211       0.325005        1.65932     -0.0787555     0.00275469     0.00343662        3.25819        3.90442
            489      DRIFT_147        469.075        42.5377        2.05339        11.4901      -0.675501       0.877997       -3.89308     -0.0445211       0.360091        1.59725     -0.0787555     0.00546306     0.00343662        3.26103        3.91585
            490      DRIFT_147        469.863        39.3773        1.95674        12.6335      -0.775387       0.842911       -4.27359     -0.0445211       0.395178        1.53519     -0.0787555     0.00817144     0.00343662        3.26409        3.92627
            491    YI7_DH10_E1        469.863        39.3773        1.95674        12.6335      -0.775387       0.842911       -4.27359     -0.0445211       0.395178        1.53519     -0.0787555     0.00817144     0.00343662        3.26409        3.92627
            492              D        479.304        13.3758       0.798201        38.5094        -1.9634       0.422263       -4.53423     -0.0443184       0.814148       0.975614     -0.0397976      0.0405933     0.00343063        3.33158        3.99663
            493    YI7_DH10_E2        479.304        13.3758       0.798201        38.5094        -1.9634       0.422263       -4.53423     -0.0443184       0.814148       0.975614     -0.0397976      0.0405933     0.00343063        3.33158        3.99663
            494      DRIFT_148        479.924        12.4328       0.722293        40.9933       -2.04159       0.394777       -4.27414     -0.0443184       0.841634       0.950932     -0.0397976       0.042721     0.00343063        3.33923        3.99911
            495      DRIFT_148        480.544         11.584       0.646385        43.5741       -2.11977       0.367291       -3.97995     -0.0443184        0.86912       0.926249     -0.0397976      0.0448486     0.00343063        3.34746        4.00145
            496           SDMI        481.294        10.6833       0.554589        46.8247       -2.21433       0.334052       -3.57865     -0.0443184       0.902359       0.896401     -0.0397976      0.0474216     0.00343063         3.3582        4.00409
            497      DRIFT_150        481.426          10.54        0.53855        47.4073       -2.23085       0.328244       -3.50341     -0.0443184       0.908167       0.891186     -0.0397976      0.0478712     0.00343063        3.36017        4.00453
            498             QD        482.536        10.5583      -0.555578         47.377        2.25715       0.033313       -2.84684      0.0431038       0.604129       0.893312      0.0436615      0.0491281    -0.00118581        3.37724         4.0082
            499      DRIFT_151        483.081         11.201      -0.623161        44.9538        2.18701      0.0568154       -2.54842      0.0431038       0.580627       0.917118      0.0436615      0.0484815    -0.00118581        3.38522        4.01008
            500          SQSK8        483.081        11.2072      -0.621755        44.9786        2.18645       0.056831       -2.54912      0.0432699       0.580787       0.917118      0.0436712      0.0484815    -0.00100239        3.38522        4.01008
            501      DRIFT_152         483.87         12.266      -0.719434        41.6063        2.08499      0.0909926       -2.16243      0.0432699       0.546625       0.951597      0.0436712      0.0476901    -0.00100239        3.39595        4.01298
            502      DRIFT_152         484.66        13.4791      -0.817113        38.3942        1.98352       0.125154       -1.82968      0.0432699       0.512464       0.986075      0.0436712      0.0468987    -0.00100239        3.40573        4.01613
            503     YI7_DH9_E1         484.66        13.4791      -0.817113        38.3942        1.98352       0.125154       -1.82968      0.0432699       0.512464       0.986075      0.0436712      0.0468987    -0.00100239        3.40573        4.01613
            504             DS        487.609        19.3729       -1.18106        27.8117        1.60447       0.252763       -1.06361      0.0432603       0.384925        1.13284      0.0558519      0.0439423    -0.00100239        3.43494        4.03051
            505     YI7_DH9_E2        487.609        19.3729       -1.18106        27.8117        1.60447       0.252763       -1.06361      0.0432603       0.384925        1.13284      0.0558519      0.0439423    -0.00100239        3.43494        4.03051
            506      DRIFT_153        488.577        21.7742       -1.30068         24.827        1.48011       0.294622      -0.976231      0.0432603       0.343066        1.18689      0.0558519      0.0429723    -0.00100239        3.44244        4.03637
            507      DRIFT_153        489.544         24.407       -1.42029         22.083        1.35576       0.336481      -0.969859      0.0432603       0.301207        1.24093      0.0558519      0.0420024    -0.00100239        3.44912        4.04295
            508      DRIFT_153        490.512        27.2714       -1.53991        19.5797         1.2314        0.37834       -1.04449      0.0432603       0.259348        1.29497      0.0558519      0.0410325    -0.00100239        3.45509        4.05036
            509      DRIFT_153         491.48        30.3671       -1.65953         17.317        1.10705       0.420199       -1.20013      0.0432603       0.217489        1.34902      0.0558519      0.0400626    -0.00100239        3.46044        4.05873
            510      DRIFT_153        492.447        33.6944       -1.77914        15.2949       0.982691       0.462058       -1.43678      0.0432603        0.17563        1.40306      0.0558519      0.0390927    -0.00100239        3.46526         4.0682
            511      DRIFT_153        493.415        37.2532       -1.89876        13.5135       0.858336       0.503917       -1.75443      0.0432603       0.133771         1.4571      0.0558519      0.0381228    -0.00100239        3.46961        4.07892
            512      DRIFT_153        494.382        41.0434       -2.01838        11.9728       0.733981       0.545776       -2.15309      0.0432603      0.0919122        1.51114      0.0558519      0.0371528    -0.00100239        3.47354        4.09104
            513      DRIFT_153         495.35        45.0652       -2.13799        10.6727       0.609625       0.587635       -2.63276      0.0432603      0.0500532        1.56519      0.0558519      0.0361829    -0.00100239        3.47713        4.10468
            514           SFMI          496.1        48.3417       -2.23071        9.83058       0.513236        0.62008       -3.06028      0.0432603       0.017608        1.60707      0.0558519      0.0354311    -0.00100239        3.47968        4.11634
            515      DRIFT_155        496.231        48.9285       -2.24691        9.69826       0.496394       0.625749       -3.13997      0.0432603      0.0119387        1.61439      0.0558519      0.0352998    -0.00100239        3.48011        4.11848
            516           QFA8        497.341        49.0179        2.16905        9.68527      -0.484303        0.94584       -3.84563      -0.041296       0.319415        1.59551     -0.0895998      0.0359439     0.00217268        3.48366        4.13705
            517      DRIFT_156        497.886        46.6871        2.10559        10.2513      -0.553804       0.923323       -4.17491      -0.041296       0.341932        1.54665     -0.0895998      0.0371286     0.00217268        3.48547        4.14576
            518          SQSK8        497.886        46.7293        2.10904        10.2606      -0.555851        0.92374       -4.17679     -0.0411606       0.342086        1.54665     -0.0895924      0.0371286     0.00248201        3.48547        4.14576
            519      DRIFT_157        498.674        43.4775        2.01716        11.2159      -0.656391       0.891302       -4.60963     -0.0411606       0.374525        1.47605     -0.0895924      0.0390847     0.00248201        3.48826        4.15747
            520      DRIFT_157        499.463        40.3705        1.92528        12.3297       -0.75693       0.858863       -4.99133     -0.0411606       0.406963        1.40544     -0.0895924      0.0410407     0.00248201        3.49125        4.16814
            521     YI7_DH8_E1        499.463        40.3705        1.92528        12.3297       -0.75693       0.858863       -4.99133     -0.0411606       0.406963        1.40544     -0.0895924      0.0410407     0.00248201        3.49125        4.16814
            522              D        508.903        14.3801       0.826363        37.9917        -1.9613        0.46973       -5.58108     -0.0412669       0.797041       0.742263     -0.0508833      0.0644725     0.00248201        3.55531        4.23998
            523     YI7_DH8_E2        508.903        14.3801       0.826363        37.9917        -1.9613        0.46973       -5.58108     -0.0412669       0.797041       0.742263     -0.0508833      0.0644725     0.00248201        3.55531        4.23998
            524      DRIFT_158        509.691        13.1502       0.734134        41.1623       -2.06184       0.437207        -5.2975     -0.0412669       0.829563       0.702163     -0.0508833      0.0664286     0.00248201        3.56444        4.24315
            525      DRIFT_158        510.479        12.0658       0.641904        44.4914       -2.16238       0.404685       -4.96266     -0.0412669       0.862086       0.662062     -0.0508833      0.0683846     0.00248201         3.5744        4.24608
            526          SQSK8        510.479        12.0787       0.644155        44.5391       -2.16628       0.404903       -4.96532     -0.0411353       0.862548       0.662062     -0.0508697      0.0683846     0.00261442         3.5744        4.24608
            527      DRIFT_159        511.025        11.4111       0.580283        46.9395       -2.23597       0.382473       -4.70356     -0.0411353       0.884977       0.634325     -0.0508697      0.0698101     0.00261442         3.5818        4.24798
            528           QDA8        512.135        11.3767      -0.548255        47.1395        2.06187     -0.0155498       -4.13469      0.0368668        0.47813       0.609242     0.00529539      0.0691639    -0.00376894        3.59759        4.25167
            529      DRIFT_160        513.113        12.5593      -0.660135        43.2105        1.95285      0.0205301       -3.68686      0.0368668        0.44205       0.614425     0.00529539      0.0654754    -0.00376894        3.61063        4.25512
            530      DRIFT_160        514.092        13.9609      -0.772015        39.4948        1.84383        0.05661       -3.30965      0.0368668        0.40597       0.619607     0.00529539      0.0617869    -0.00376894        3.62241        4.25889
            531      DRIFT_160        515.071        15.5815      -0.883894        35.9926         1.7348      0.0926898       -3.00306      0.0368668        0.36989       0.624789     0.00529539      0.0580984    -0.00376894        3.63298        4.26303
            532      DRIFT_160        516.049         17.421      -0.995774        32.7037        1.62578        0.12877       -2.76708      0.0368668        0.33381       0.629972     0.00529539      0.0544099    -0.00376894        3.64244        4.26757
            533      DRIFT_160        517.028        19.4795       -1.10765        29.6283        1.51676        0.16485       -2.60173      0.0368668        0.29773       0.635154     0.00529539      0.0507215    -0.00376894        3.65089        4.27257
            534      DRIFT_160        518.007        21.7571       -1.21953        26.7662        1.40774       0.200929       -2.50699      0.0368668        0.26165       0.640337     0.00529539       0.047033    -0.00376894        3.65846         4.2781
            535      DRIFT_160        518.985        24.2536       -1.33141        24.1175        1.29872       0.237009       -2.48288      0.0368668       0.225571       0.645519     0.00529539      0.0433445    -0.00376894        3.66525        4.28423
            536      DRIFT_160        519.964         26.969       -1.44329        21.6822         1.1897       0.273089       -2.52938      0.0368668       0.189491       0.650701     0.00529539       0.039656    -0.00376894        3.67134        4.29105
            537      DRIFT_160        520.943        29.9035       -1.55517        19.4603        1.08068       0.309169       -2.64651      0.0368668       0.153411       0.655884     0.00529539      0.0359675    -0.00376894        3.67682        4.29863
            538      DRIFT_160        521.921        33.0569       -1.66705        17.4518       0.971654       0.345249       -2.83425      0.0368668       0.117331       0.661066     0.00529539       0.032279    -0.00376894        3.68178        4.30709
            539      DRIFT_160          522.9        36.4294       -1.77893        15.6566       0.862633       0.381329       -3.09261      0.0368668      0.0812511       0.666248     0.00529539      0.0285905    -0.00376894        3.68627        4.31652
            540      DRIFT_160        523.878        40.0208       -1.89081        14.0749       0.753612       0.417409       -3.42159      0.0368668      0.0451712       0.671431     0.00529539       0.024902    -0.00376894        3.69035        4.32702
            541      DRIFT_160        524.857        43.8312       -2.00269        12.7065        0.64459       0.453489        -3.8212      0.0368668     0.00909133       0.676613     0.00529539      0.0212135    -0.00376894        3.69407        4.33868
            542      DRIFT_160        525.836        47.8606       -2.11457        11.5516       0.535569       0.489568       -4.29142      0.0368668     -0.0269885       0.681795     0.00529539       0.017525    -0.00376894        3.69747        4.35155
            543           Q7I8        526.766         48.118        1.84477        11.5104      -0.490189       0.870739       -4.78828     -0.0314786       0.339627       0.660712     -0.0503589      0.0146514    -0.00245197        3.70051        4.36456
            544      DRIFT_163        527.311         46.133        1.79486        12.0771      -0.548955       0.853571       -5.06857     -0.0314786       0.356795       0.633247     -0.0503589      0.0133142    -0.00245197        3.70235        4.37192
            545          QGTTI        527.311         46.133        1.80409        12.0771       -0.55137       0.854585       -5.06857     -0.0317208       0.357808       0.633247     -0.0504856      0.0133142     -0.0024493        3.70235        4.37192
            546      DRIFT_164          528.1        43.3419        1.73127        13.0151      -0.636615       0.829541       -5.44101     -0.0317208       0.382852       0.593389     -0.0504856      0.0113804     -0.0024493        3.70516        4.38195
            547      DRIFT_164         528.89        40.6657        1.65846        14.0876       -0.72186       0.804498        -5.7739     -0.0317208       0.407895       0.553531     -0.0504856     0.00944672     -0.0024493        3.70816        4.39124
            548     YI7_DH6_E1         528.89        40.6657        1.65846        14.0876       -0.72186       0.804498        -5.7739     -0.0317208       0.407895       0.553531     -0.0504856     0.00944672     -0.0024493        3.70816        4.39124
            549             DS        531.839        31.6798        1.38803         19.285       -1.04032       0.710882       -6.66713     -0.0317593       0.501829       0.422623     -0.0382812     0.00222268     -0.0024493        3.72125        4.41987
            550     YI7_DH6_E2        531.839        31.6798        1.38803         19.285       -1.04032       0.710882       -6.66713     -0.0317593       0.501829       0.422623     -0.0382812     0.00222268     -0.0024493        3.72125        4.41987
            551      DRIFT_165        532.737         29.263        1.30513        21.2391       -1.13722       0.682381       -6.82916     -0.0317593        0.53033        0.38827     -0.0382812    2.46575e-05     -0.0024493        3.72594        4.42693
            552      DRIFT_165        533.634        26.9949        1.22223        23.3672       -1.23411        0.65388       -6.94003     -0.0317593       0.558831       0.353916     -0.0382812    -0.00217336     -0.0024493        3.73102        4.43334
            553      DRIFT_165        534.532        24.8756        1.13932        25.6691       -1.33101       0.625379       -6.99975     -0.0317593       0.587332       0.319562     -0.0382812    -0.00437138     -0.0024493        3.73654        4.43917
            554      DRIFT_165        535.429        22.9052        1.05642         28.145        -1.4279       0.596878       -7.00832     -0.0317593       0.615833       0.285208     -0.0382812     -0.0065694     -0.0024493        3.74252        4.44449
            555      DRIFT_165        536.326        21.0835       0.973515        30.7947        -1.5248       0.568377       -6.96573     -0.0317593       0.644334       0.250854     -0.0382812    -0.00876742     -0.0024493        3.74902        4.44934
            556      DRIFT_165        537.224        19.4106       0.890611        33.6184        -1.6217       0.539876       -6.87199     -0.0317593       0.672835       0.216501     -0.0382812     -0.0109654     -0.0024493        3.75609        4.45378
            557      DRIFT_165        538.121        17.8865       0.807707         36.616       -1.71859       0.511375       -6.72709     -0.0317593       0.701336       0.182147     -0.0382812     -0.0131635     -0.0024493        3.76375        4.45785
            558      DRIFT_165        539.019        16.5113       0.724803        39.7875       -1.81549       0.482874       -6.53104     -0.0317593       0.729837       0.147793     -0.0382812     -0.0153615     -0.0024493        3.77207        4.46159
            559      DRIFT_165        539.916        15.2848       0.641899        43.1329       -1.91238       0.454373       -6.28384     -0.0317593       0.758338       0.113439     -0.0382812     -0.0175595     -0.0024493        3.78106        4.46504
            560          SQSK8        539.916        15.3056        0.64441        43.1916       -1.91663       0.454682       -6.28812     -0.0316274       0.758854       0.113439     -0.0382847     -0.0175595    -0.00242662        3.78106        4.46504
            561      DRIFT_166        540.461        14.6303       0.593992        45.3139       -1.97563       0.437437       -6.11286     -0.0316274       0.776099      0.0925645     -0.0382847     -0.0188826    -0.00242662        3.78686          4.467
            562           Q6I8        541.571        14.9919      -0.931494        44.7345        2.47845      -0.136754       -5.73507      0.0298393       0.182596      0.0544004     -0.0311053     -0.0205034   -0.000467119        3.79902        4.47086
            563      DRIFT_167        541.702        15.2382       -0.94782        44.0876        2.45753      -0.132843       -5.69373      0.0298393       0.178685      0.0503241     -0.0311053     -0.0205647   -0.000467119         3.8004        4.47133
            564          Q6IT8        542.452        16.8297       -1.17854        40.2359        2.66754      -0.156111       -5.47691      0.0298381       0.110566      0.0271258     -0.0307884     -0.0208516   -0.000297534        3.80787        4.47416
            565      DRIFT_168        543.287        18.8959       -1.29701        35.9234        2.49919      -0.131206       -5.27511      0.0298381      0.0856613     0.00142778     -0.0307884     -0.0210999   -0.000297534        3.81532        4.47765
            566      DRIFT_168        544.122          21.16       -1.41549         31.892        2.33083      -0.106301       -5.11488      0.0298381      0.0607564     -0.0242703     -0.0307884     -0.0213482   -0.000297534        3.82196        4.48158
            567      DRIFT_168        544.956        23.6218       -1.53397        28.1416        2.16247     -0.0813962       -4.99623      0.0298381      0.0358516     -0.0499683     -0.0307884     -0.0215966   -0.000297534        3.82791        4.48601
            568     YI7_DH5_E1        544.956        23.6218       -1.53397        28.1416        2.16247     -0.0813962       -4.99623      0.0298381      0.0358516     -0.0499683     -0.0307884     -0.0215966   -0.000297534        3.82791        4.48601
            569            D5I        551.872        51.5967       -2.50989        7.87799       0.767483        0.12497       -5.61058      0.0298356      -0.169919      -0.164308    -0.00227465     -0.0236543   -0.000297534        3.85964        4.56289
            570     YI7_DH5_E2        551.872        51.5967       -2.50989        7.87799       0.767483        0.12497       -5.61058      0.0298356      -0.169919      -0.164308    -0.00227465     -0.0236543   -0.000297534        3.85964        4.56289
            571      DRIFT_170        552.819        56.4752       -2.64381        6.60573       0.576549       0.153212       -5.91645      0.0298356      -0.198162      -0.166461    -0.00227465      -0.023936   -0.000297534        3.86243        4.58384
            572      DRIFT_170        553.765        61.6073       -2.77773        5.69495       0.385615       0.181454        -6.2758      0.0298356      -0.226404      -0.168615    -0.00227465     -0.0242176   -0.000297534        3.86499         4.6085
            573      DRIFT_170        554.712        66.9928       -2.91165        5.14564       0.194682       0.209696       -6.68861      0.0298356      -0.254646      -0.170768    -0.00227465     -0.0244993   -0.000297534        3.86733        4.63647
            574          QGTTI        554.712        66.9928       -2.89825        5.14564       0.193653       0.211034       -6.68861      0.0298443      -0.253308      -0.170768     -0.0022405     -0.0244993   -0.000302434        3.86733        4.63647
            575      DRIFT_171        555.257        70.1951       -2.97476        4.99441      0.0837154       0.227307       -6.95066      0.0298443      -0.269581      -0.171989     -0.0022405     -0.0246642   -0.000302434         3.8686        4.65363
            576           Q5I8        556.367        69.0844        3.93854        5.61944      -0.667212       0.951042       -7.52658      -0.035463       0.434339      -0.165101      0.0145391     -0.0263687    -0.00279679        3.87109        4.68785
            577      DRIFT_172        556.498        68.0562        3.90722        5.79873      -0.700915       0.946395       -7.59368      -0.035463       0.438987      -0.163195      0.0145391     -0.0267352    -0.00279679        3.87139         4.6915
            578          Q5IT8        557.248        61.9018        4.28038        7.03862      -0.955946       0.984312       -7.95192     -0.0484204       0.539662      -0.151758      0.0159431     -0.0289245    -0.00304464        3.87323        4.71025
            579      DRIFT_173        558.105        54.7999        4.01309        8.87521       -1.18879       0.942848       -8.29718     -0.0484204       0.581125      -0.138106      0.0159431     -0.0315318    -0.00304464        3.87557        4.72753
            580      DRIFT_173        558.961        48.1557         3.7458        11.1106       -1.42163       0.901384       -8.57143     -0.0484204       0.622589      -0.124453      0.0159431      -0.034139    -0.00304464        3.87822        4.74127
            581      DRIFT_173        559.817        41.9693        3.47851        13.7447       -1.65447        0.85992       -8.77466     -0.0484204       0.664053      -0.110801      0.0159431     -0.0367462    -0.00304464        3.88126        4.75231
            582      DRIFT_173        560.674        36.2407        3.21122        16.7777       -1.88731       0.818457       -8.90688     -0.0484204       0.705517     -0.0971481      0.0159431     -0.0393534    -0.00304464        3.88475        4.76129
            583      DRIFT_173         561.53        30.9699        2.94393        20.2094       -2.12015       0.776993       -8.96809     -0.0484204       0.746981     -0.0834956      0.0159431     -0.0419606    -0.00304464        3.88882        4.76869
            584      DRIFT_173        562.386        26.1568        2.67664        24.0398       -2.35299       0.735529       -8.95828     -0.0484204       0.788444      -0.069843      0.0159431     -0.0445678    -0.00304464        3.89361        4.77487
            585           Q4I8        564.198        24.0189        -1.3837        25.4233        1.66554      -0.708918       -8.84529     -0.0351746      -0.645052     -0.0500073     0.00648322     -0.0434481     0.00425029         3.9057        4.78599
            586      DRIFT_176        564.328        24.3809       -1.39948        24.9925        1.64623      -0.713494       -8.83639     -0.0351746      -0.640477      -0.049164     0.00648322     -0.0428952     0.00425029        3.90655        4.78681
            587          Q4IT8        565.078        26.4217       -1.31715        22.7218        1.38637      -0.678935       -8.76347     -0.0266775      -0.559623     -0.0441848     0.00678932     -0.0398104     0.00397932        3.91125        4.79182
            588      DRIFT_177        566.068        29.1292       -1.41956        20.1044        1.25914      -0.705328       -8.61932     -0.0266775       -0.53323     -0.0374678     0.00678932     -0.0358735     0.00397932        3.91693        4.79919
            589      DRIFT_177        567.057        32.0394       -1.52196        17.7389        1.13191      -0.731721       -8.42294     -0.0266775      -0.506837     -0.0307509     0.00678932     -0.0319366     0.00397932        3.92208        4.80753
            590      DRIFT_177        568.046        35.1522       -1.62437        15.6251        1.00469      -0.758114       -8.17435     -0.0266775      -0.480444      -0.024034     0.00678932     -0.0279997     0.00397932        3.92678          4.817
            591      DRIFT_177        569.036        38.4676       -1.72677         13.763       0.877456      -0.784507       -7.87353     -0.0266775      -0.454051     -0.0173171     0.00678932     -0.0240628     0.00397932        3.93106        4.82774
            592      DRIFT_177        570.025        41.9856       -1.82918        12.1527       0.750227        -0.8109       -7.52048     -0.0266775      -0.427658     -0.0106002     0.00678932     -0.0201259     0.00397932        3.93498        4.83993
            593      DRIFT_177        571.014        45.7063       -1.93158        10.7941       0.622998      -0.837293       -7.11522     -0.0266775      -0.401265    -0.00388327     0.00678932     -0.0161891     0.00397932        3.93857        4.85369
            594      DRIFT_177        572.004        49.6295       -2.03399        9.68726       0.495769      -0.863686       -6.65773     -0.0266775      -0.374872     0.00283365     0.00678932     -0.0122522     0.00397932        3.94188        4.86912
            595      DRIFT_177        572.993        53.7554       -2.13639        8.83217        0.36854      -0.890079       -6.14801     -0.0266775      -0.348479     0.00955056     0.00678932    -0.00831529     0.00397932        3.94493        4.88617
            596      DRIFT_177        573.982         58.084        -2.2388        8.22882       0.241311      -0.916472       -5.58608     -0.0266775      -0.322086      0.0162675     0.00678932    -0.00437841     0.00397932        3.94774        4.90468
            597      DRIFT_177        574.972        62.6151        -2.3412        7.87722       0.114082      -0.942865       -4.97192     -0.0266775      -0.295693      0.0229844     0.00678932   -0.000441524     0.00397932        3.95035        4.92429
            598      DRIFT_177        575.961        67.3489       -2.44361        7.77736     -0.0131475      -0.969258       -4.30554     -0.0266775        -0.2693      0.0297013     0.00678932     0.00349536     0.00397932        3.95278        4.94446
            599      DRIFT_177         576.95        72.2853       -2.54601        7.92925      -0.140377      -0.995651       -3.58693     -0.0266775      -0.242907      0.0364182     0.00678932     0.00743224     0.00397932        3.95504        4.96457
            600      DRIFT_177         577.94        77.4244       -2.64842        8.33288      -0.267606       -1.02204        -2.8161     -0.0266775      -0.216514      0.0431351     0.00678932      0.0113691     0.00397932        3.95714        4.98399
            601      DRIFT_177        578.929         82.766       -2.75082        8.98826      -0.394835       -1.04844       -1.99305     -0.0266775      -0.190121      0.0498521     0.00678932       0.015306     0.00397932        3.95911        5.00222
            602      DRIFT_177        579.918        88.3103       -2.85323        9.89538      -0.522064       -1.07483       -1.11778     -0.0266775      -0.163728       0.056569     0.00678932      0.0192429     0.00397932        3.96095        5.01895
            603      DRIFT_177        580.908        94.0572       -2.95563        11.0542      -0.649293       -1.10122      -0.190279     -0.0266775      -0.137335      0.0632859     0.00678932      0.0231798     0.00397932        3.96268        5.03402
            604      DRIFT_177        581.897        100.007       -3.05804        12.4649      -0.776522       -1.12762       0.789442     -0.0266775      -0.110942      0.0700028     0.00678932      0.0271167     0.00397932         3.9643        5.04745
            605      DRIFT_177        582.886        106.159       -3.16044        14.1272      -0.903751       -1.15401        1.82139     -0.0266775     -0.0845487      0.0767197     0.00678932      0.0310535     0.00397932        3.96583        5.05933
            606      DRIFT_177        583.876        112.514       -3.26285        16.0413       -1.03098        -1.1804        2.90555     -0.0266775     -0.0581557      0.0834366     0.00678932      0.0349904     0.00397932        3.96727         5.0698
            607      DRIFT_177        584.865        119.071       -3.36526        18.2072       -1.15821        -1.2068        4.04194     -0.0266775     -0.0317626      0.0901535     0.00678932      0.0389273     0.00397932        3.96863        5.07902
            608      DRIFT_177        585.854        125.831       -3.46766        20.6247       -1.28544       -1.23319        5.23056     -0.0266775     -0.0053696      0.0968705     0.00678932      0.0428642     0.00397932        3.96992        5.08714
            609      DRIFT_177        586.844        132.794       -3.57007        23.2941       -1.41267       -1.25958         6.4714     -0.0266775      0.0210234       0.103587     0.00678932      0.0468011     0.00397932        3.97114        5.09433
            610      DRIFT_177        587.833        139.959       -3.67247        26.2152        -1.5399       -1.28597        7.76446     -0.0266775      0.0474165       0.110304     0.00678932       0.050738     0.00397932        3.97229         5.1007
            611      DRIFT_177        588.822        147.327       -3.77488         29.388       -1.66713       -1.31237        9.10974     -0.0266775      0.0738095       0.117021     0.00678932      0.0546748     0.00397932        3.97339        5.10638
            612      DRIFT_177        589.812        154.898       -3.87728        32.8125       -1.79435       -1.33876        10.5072     -0.0266775       0.100203       0.123738     0.00678932      0.0586117     0.00397932        3.97443        5.11145
            613      DRIFT_177        590.801        162.671       -3.97969        36.4889       -1.92158       -1.36515         11.957     -0.0266775       0.126596       0.130455     0.00678932      0.0625486     0.00397932        3.97542          5.116
            614      DRIFT_177         591.79        170.647       -4.08209        40.4169       -2.04881       -1.39155        13.4589     -0.0266775       0.152989       0.137172     0.00678932      0.0664855     0.00397932        3.97637         5.1201
            615      DRIFT_177         592.78        178.825        -4.1845        44.5967       -2.17604       -1.41794        15.0131     -0.0266775       0.179382       0.143889     0.00678932      0.0704224     0.00397932        3.97727        5.12381
            616      DRIFT_177        593.769        187.206        -4.2869        49.0283       -2.30327       -1.44433        16.6195     -0.0266775       0.205775       0.150606     0.00678932      0.0743593     0.00397932        3.97813        5.12718
            617      DRIFT_177        594.758         195.79       -4.38931        53.7115        -2.4305       -1.47073        18.2781     -0.0266775       0.232168       0.157323     0.00678932      0.0782961     0.00397932        3.97895        5.13025
            618      DRIFT_177        595.748        204.576       -4.49171        58.6466       -2.55773       -1.49712         19.989     -0.0266775       0.258561        0.16404     0.00678932       0.082233     0.00397932        3.97974        5.13305
            619      DRIFT_177        596.737        213.565       -4.59412        63.8334       -2.68496       -1.52351         21.752     -0.0266775       0.284954       0.170757     0.00678932      0.0861699     0.00397932        3.98049        5.13563
            620      DRIFT_177        597.726        222.757       -4.69652        69.2719       -2.81219       -1.54991        23.5673     -0.0266775       0.311347       0.177473     0.00678932      0.0901068     0.00397932        3.98121        5.13799
            621      DRIFT_177        598.716        232.151       -4.79893        74.9622       -2.93942        -1.5763        25.4348     -0.0266775        0.33774        0.18419     0.00678932      0.0940437     0.00397932         3.9819        5.14018
            622      DRIFT_177        599.705        241.748       -4.90133        80.9042       -3.06665       -1.60269        27.3546     -0.0266775       0.364133       0.190907     0.00678932      0.0979805     0.00397932        3.98257         5.1422
            623      DRIFT_177        600.694        251.547       -5.00374        87.0979       -3.19388       -1.62908        29.3265     -0.0266775       0.390526       0.197624     0.00678932       0.101917     0.00397932        3.98321        5.14408
            624      DRIFT_177        601.684        261.549       -5.10614        93.5434        -3.3211       -1.65548        31.3507     -0.0266775       0.416919       0.204341     0.00678932       0.105854     0.00397932        3.98382        5.14582
            625      DRIFT_177        602.673        271.754       -5.20855        100.241       -3.44833       -1.68187        33.4271     -0.0266775       0.443312       0.211058     0.00678932       0.109791     0.00397932        3.98441        5.14745
            626           Q3I8        604.774        230.035        23.4406         144.09       -19.0855       -5.36788        37.4635         0.5797       -4.07307       0.199711     -0.0173749       0.132053      0.0176434         3.9857        5.15034
            627      DRIFT_187        605.704         188.49        21.2143        181.797        -21.444       -4.82854        38.1664         0.5797       -4.61241       0.183546     -0.0173749       0.148468      0.0176434        3.98641        5.15126
            628      DRIFT_187        606.634        151.087        18.9879        223.893       -23.8024       -4.28921        37.8657         0.5797       -5.15175       0.167381     -0.0173749       0.164883      0.0176434        3.98728        5.15199
            629           Q2I8        610.026        113.214       -5.52753        232.496        21.8336        2.83371        32.5833      0.0932461        1.12376       0.158619      0.0119348       0.168354     -0.0157074        3.99187        5.15411
            630      DRIFT_189        610.864        122.677       -5.76118        197.333        20.1111        2.91188        31.0843      0.0932461        1.04559       0.168624      0.0119348       0.155186     -0.0157074          3.993        5.15474
            631      DRIFT_189        611.703        132.532       -5.99482        165.058        18.3887        2.99005        29.4542      0.0932461       0.967424        0.17863      0.0119348       0.142018     -0.0157074        3.99405        5.15547
            632           Q1I8        613.143        133.898         5.0846        132.621        5.02117       0.676677         26.506     -0.0395204       -1.33205       0.184979    -0.00320358       0.127463    -0.00470765        3.99573        5.15705
            633      DRIFT_191        613.775        127.548        4.95779         126.35         4.8962       0.651688        25.2516     -0.0395204       -1.30706       0.182953    -0.00320358       0.124486    -0.00470765         3.9965        5.15783
            634      DRIFT_191        614.407        121.358        4.83098        120.237        4.77122       0.626698        24.0288     -0.0395204       -1.28207       0.180928    -0.00320358        0.12151    -0.00470765        3.99731        5.15865
            635     YI7_DH0_E1        614.407        121.358        4.83098        120.237        4.77122       0.626698        24.0288     -0.0395204       -1.28207       0.180928    -0.00320358        0.12151    -0.00470765        3.99731        5.15865
            636         D0MM07        617.996        89.2418        4.11689        88.5354        4.06187       0.484794         17.685     -0.0395561        -1.1415       0.142159     -0.0184005       0.104614    -0.00470765         4.0028        5.16419
            637     YI7_DH0_E2        617.996        89.2418        4.11689        88.5354        4.06187       0.484794         17.685     -0.0395561        -1.1415       0.142159     -0.0184005       0.104614    -0.00470765         4.0028        5.16419
            638      DRIFT_193        618.872        82.1845        3.94073        81.5717        3.88876       0.450148         16.291     -0.0395561       -1.10685       0.126042     -0.0184005       0.100491    -0.00470765        4.00443        5.16583
            639      DRIFT_193        619.748        75.4357        3.76457        74.9113        3.71565       0.415503        14.9576     -0.0395561       -1.07221       0.109926     -0.0184005      0.0963674    -0.00470765         4.0062        5.16761
            640      DRIFT_193        620.624        68.9955        3.58841        68.5541        3.54253       0.380857        13.6849     -0.0395561       -1.03756      0.0938099     -0.0184005      0.0922442    -0.00470765        4.00813        5.16955
            641      DRIFT_193          621.5        62.8639        3.41226        62.5002        3.36942       0.346211        12.4729     -0.0395561       -1.00291      0.0776936     -0.0184005      0.0881209    -0.00470765        4.01025        5.17168
            642      DRIFT_193        622.376        57.0408         3.2361        56.7496        3.19631       0.311566        11.3216     -0.0395561      -0.968269      0.0615773     -0.0184005      0.0839977    -0.00470765        4.01258        5.17403
            643      DRIFT_193        623.251        51.5264        3.05994        51.3021         3.0232        0.27692         10.231     -0.0395561      -0.933623       0.045461     -0.0184005      0.0798744    -0.00470765        4.01515        5.17661
            644      DRIFT_193        624.127        46.3205        2.88378        46.1579        2.85009       0.242274         9.2011     -0.0395561      -0.898978      0.0293447     -0.0184005      0.0757512    -0.00470765          4.018        5.17947
            645      DRIFT_193        625.003        41.4232        2.70763         41.317        2.67698       0.207629        8.23186     -0.0395561      -0.864332      0.0132284     -0.0184005      0.0716279    -0.00470765        4.02119        5.18267
            646      G7_DHX_E1        625.003        41.4232        2.70797         41.317        2.67664       0.207561        8.23186     -0.0395507        -0.8644      0.0132284     -0.0184006      0.0716279    -0.00470706        4.02119        5.18267
            647       ERDXPP07        625.003        41.4232        2.70398         41.317        2.68061       0.208352        8.23186     -0.0396138      -0.863608      0.0132284     -0.0183993      0.0716279    -0.00471395        4.02119        5.18267
            648         DXPP07        628.703        24.1494        1.96377        24.1919        1.94753      0.0617444        4.80658     -0.0396267      -0.717618      -0.019958    0.000462336      0.0541852    -0.00471395        4.03985        5.20134
            649          TEMPD        628.703        24.1494        1.96377        24.1919        1.94753      0.0617444        4.80658     -0.0396267      -0.717618      -0.019958    0.000462336      0.0541852    -0.00471395        4.03985        5.20134
            650      G7_DHX_E2        628.703        24.1494        1.96377        24.1919        1.94753      0.0617444        4.80658     -0.0396267      -0.717618      -0.019958    0.000462336      0.0541852    -0.00471395        4.03985        5.20134
            651          DTEMP        628.801        23.7664        1.94406        23.8121        1.92811       0.057861        4.73058     -0.0396267      -0.713735     -0.0199127    0.000462336      0.0537233    -0.00471395         4.0405        5.20199
            652          DTEMP        628.899        23.3873        1.92436        23.4361         1.9087      0.0539776        4.65535     -0.0396267      -0.709852     -0.0198674    0.000462336      0.0532613    -0.00471395        4.04116        5.20265
            653          DTEMP        628.997        23.0121        1.90465        23.0639        1.88928      0.0500942        4.58087     -0.0396267      -0.705968     -0.0198221    0.000462336      0.0527993    -0.00471395        4.04183        5.20332
            654          DTEMP        629.095        22.6407        1.88494        22.6955        1.86986      0.0462107        4.50716     -0.0396267      -0.702085     -0.0197768    0.000462336      0.0523374    -0.00471395        4.04251          5.204
            655          DTEMP        629.193        22.2732        1.86523        22.3309        1.85045      0.0423273         4.4342     -0.0396267      -0.698201     -0.0197315    0.000462336      0.0518754    -0.00471395        4.04321        5.20469
            656          DTEMP        629.291        21.9095        1.84553        21.9701        1.83103      0.0384439        4.36201     -0.0396267      -0.694318     -0.0196862    0.000462336      0.0514134    -0.00471395        4.04392         5.2054
            657          DTEMP        629.389        21.5498        1.82582        21.6131        1.81162      0.0345605        4.29058     -0.0396267      -0.690434     -0.0196408    0.000462336      0.0509515    -0.00471395        4.04463        5.20611
            658          DTEMP        629.487        21.1938        1.80611        21.2599         1.7922       0.030677        4.21991     -0.0396267      -0.686551     -0.0195955    0.000462336      0.0504895    -0.00471395        4.04536        5.20684
            659          DTEMP        629.585        20.8418         1.7864        20.9106        1.77279      0.0267936        4.15001     -0.0396267      -0.682668     -0.0195502    0.000462336      0.0500275    -0.00471395         4.0461        5.20758
            660          DTEMP        629.683        20.4936         1.7667         20.565        1.75337      0.0229102        4.08086     -0.0396267      -0.678784     -0.0195049    0.000462336      0.0495656    -0.00471395        4.04686        5.20833
            661          DTEMP        629.781        20.1492        1.74699        20.2232        1.73395      0.0190268        4.01247     -0.0396267      -0.674901     -0.0194596    0.000462336      0.0491036    -0.00471395        4.04763         5.2091
            662          DTEMP        629.879        19.8087        1.72728        19.8853        1.71454      0.0151434        3.94485     -0.0396267      -0.671017     -0.0194143    0.000462336      0.0486416    -0.00471395        4.04841        5.20987
            663          DTEMP        629.977        19.4721        1.70757        19.5511        1.69512      0.0112599        3.87799     -0.0396267      -0.667134      -0.019369    0.000462336      0.0481797    -0.00471395         4.0492        5.21066
            664          DTEMP        630.075        19.1394        1.68787        19.2208        1.67571     0.00737652        3.81189     -0.0396267       -0.66325     -0.0193237    0.000462336      0.0477177    -0.00471395        4.05001        5.21147
            665          DTEMP        630.173        18.8105        1.66816        18.8943        1.65629      0.0034931        3.74654     -0.0396267      -0.659367     -0.0192784    0.000462336      0.0472557    -0.00471395        4.05083        5.21229
            666          DTEMP        630.271        18.4855        1.64845        18.5715        1.63688   -0.000390318        3.68196     -0.0396267      -0.655484     -0.0192331    0.000462336      0.0467938    -0.00471395        4.05167        5.21312
            667          DTEMP        630.369        18.1643        1.62874        18.2526        1.61746    -0.00427374        3.61815     -0.0396267        -0.6516     -0.0191878    0.000462336      0.0463318    -0.00471395        4.05252        5.21397
            668          DTEMP        630.467         17.847        1.60903        17.9375        1.59805    -0.00815716        3.55509     -0.0396267      -0.647717     -0.0191425    0.000462336      0.0458698    -0.00471395        4.05339        5.21483
            669          DTEMP        630.565        17.5335        1.58933        17.6262        1.57863     -0.0120406        3.49279     -0.0396267      -0.643833     -0.0190971    0.000462336      0.0454079    -0.00471395        4.05427        5.21571
            670          DTEMP        630.663         17.224        1.56962        17.3187        1.55921      -0.015924        3.43126     -0.0396267       -0.63995     -0.0190518    0.000462336      0.0449459    -0.00471395        4.05517         5.2166
            671          DTEMP        630.761        16.9183        1.54991         17.015         1.5398     -0.0198074        3.37048     -0.0396267      -0.636067     -0.0190065    0.000462336      0.0444839    -0.00471395        4.05608        5.21751
            672          DTEMP        630.859        16.6164         1.5302        16.7151        1.52038     -0.0236908        3.31047     -0.0396267      -0.632183     -0.0189612    0.000462336       0.044022    -0.00471395        4.05701        5.21843
            673          DTEMP        630.957        16.3184         1.5105         16.419        1.50097     -0.0275743        3.25122     -0.0396267        -0.6283     -0.0189159    0.000462336        0.04356    -0.00471395        4.05796        5.21937
            674          DTEMP        631.055        16.0243        1.49079        16.1267        1.48155     -0.0314577        3.19273     -0.0396267      -0.624416     -0.0188706    0.000462336       0.043098    -0.00471395        4.05892        5.22033
            675          DTEMP        631.153         15.734        1.47108        15.8382        1.46214     -0.0353411          3.135     -0.0396267      -0.620533     -0.0188253    0.000462336      0.0426361    -0.00471395         4.0599        5.22131
            676          DTEMP        631.251        15.4476        1.45137        15.5535        1.44272     -0.0392245        3.07803     -0.0396267      -0.616649       -0.01878    0.000462336      0.0421741    -0.00471395         4.0609         5.2223
            677          DTEMP        631.349        15.1651        1.43167        15.2727         1.4233     -0.0431079        3.02182     -0.0396267      -0.612766     -0.0187347    0.000462336      0.0417121    -0.00471395        4.06192        5.22331
            678          DTEMP        631.447        14.8864        1.41196        14.9956        1.40389     -0.0469914        2.96638     -0.0396267      -0.608883     -0.0186894    0.000462336      0.0412502    -0.00471395        4.06296        5.22434
            679          DTEMP        631.545        14.6116        1.39225        14.7223        1.38447     -0.0508748        2.91169     -0.0396267      -0.604999     -0.0186441    0.000462336      0.0407882    -0.00471395        4.06402        5.22539
            680          DTEMP        631.643        14.3406        1.37254        14.4529        1.36506     -0.0547582        2.85777     -0.0396267      -0.601116     -0.0185987    0.000462336      0.0403262    -0.00471395         4.0651        5.22646
            681          DTEMP        631.741        14.0736        1.35284        14.1872        1.34564     -0.0586416        2.80461     -0.0396267      -0.597232     -0.0185534    0.000462336      0.0398643    -0.00471395        4.06619        5.22755
            682          DTEMP        631.839        13.8103        1.33313        13.9254        1.32623     -0.0625251        2.75221     -0.0396267      -0.593349     -0.0185081    0.000462336      0.0394023    -0.00471395        4.06731        5.22866
            683          DTEMP        631.937         13.551        1.31342        13.6674        1.30681     -0.0664085        2.70057     -0.0396267      -0.589465     -0.0184628    0.000462336      0.0389403    -0.00471395        4.06845        5.22979
            684          DTEMP        632.035        13.2955        1.29371        13.4131         1.2874     -0.0702919        2.64969     -0.0396267      -0.585582     -0.0184175    0.000462336      0.0384784    -0.00471395        4.06961        5.23095
            685          DTEMP        632.133        13.0438        1.27401        13.1627        1.26798     -0.0741753        2.59957     -0.0396267      -0.581699     -0.0183722    0.000462336      0.0380164    -0.00471395         4.0708        5.23212
            686          DTEMP        632.231        12.7961         1.2543        12.9161        1.24856     -0.0780587        2.55021     -0.0396267      -0.577815     -0.0183269    0.000462336      0.0375544    -0.00471395        4.07201        5.23332
            687          DTEMP        632.329        12.5522        1.23459        12.6733        1.22915     -0.0819422        2.50162     -0.0396267      -0.573932     -0.0182816    0.000462336      0.0370925    -0.00471395        4.07324        5.23453
            688          DTEMP        632.427        12.3121        1.21488        12.4342        1.20973     -0.0858256        2.45378     -0.0396267      -0.570048     -0.0182363    0.000462336      0.0366305    -0.00471395        4.07449        5.23578
            689          DTEMP        632.525        12.0759        1.19518         12.199        1.19032      -0.089709        2.40671     -0.0396267      -0.566165      -0.018191    0.000462336      0.0361685    -0.00471395        4.07577        5.23704
            690          DTEMP        632.623        11.8436        1.17547        11.9676         1.1709     -0.0935924         2.3604     -0.0396267      -0.562282     -0.0181457    0.000462336      0.0357066    -0.00471395        4.07708        5.23833
            691          DTEMP        632.721        11.6151        1.15576          11.74        1.15149     -0.0974758        2.31485     -0.0396267      -0.558398     -0.0181003    0.000462336      0.0352446    -0.00471395         4.0784        5.23965
            692          DTEMP        632.819        11.3905        1.13605        11.5163        1.13207      -0.101359        2.27006     -0.0396267      -0.554515      -0.018055    0.000462336      0.0347826    -0.00471395        4.07976        5.24099
            693          DTEMP        632.917        11.1698        1.11634        11.2963        1.11266      -0.105243        2.22603     -0.0396267      -0.550631     -0.0180097    0.000462336      0.0343207    -0.00471395        4.08114        5.24236
            694          DTEMP        633.015        10.9529        1.09664        11.0801        1.09324      -0.109126        2.18276     -0.0396267      -0.546748     -0.0179644    0.000462336      0.0338587    -0.00471395        4.08255        5.24375
            695          DTEMP        633.113        10.7399        1.07693        10.8677        1.07382       -0.11301        2.14025     -0.0396267      -0.542864     -0.0179191    0.000462336      0.0333967    -0.00471395        4.08399        5.24517
            696          DTEMP        633.211        10.5308        1.05722        10.6592        1.05441      -0.116893        2.09851     -0.0396267      -0.538981     -0.0178738    0.000462336      0.0329348    -0.00471395        4.08546        5.24662
            697          DTEMP        633.309        10.3255        1.03751        10.4544        1.03499      -0.120776        2.05752     -0.0396267      -0.535098     -0.0178285    0.000462336      0.0324728    -0.00471395        4.08695         5.2481
            698          DTEMP        633.407        10.1241        1.01781        10.2534        1.01558       -0.12466         2.0173     -0.0396267      -0.531214     -0.0177832    0.000462336      0.0320108    -0.00471395        4.08848        5.24961
            699          DTEMP        633.505        9.92651       0.998099        10.0563       0.996161      -0.128543        1.97784     -0.0396267      -0.527331     -0.0177379    0.000462336      0.0315489    -0.00471395        4.09004        5.25114
            700          DTEMP        633.603        9.73282       0.978392        9.86295       0.976746      -0.132427        1.93914     -0.0396267      -0.523447     -0.0176926    0.000462336      0.0310869    -0.00471395        4.09162        5.25271
            701          DTEMP        633.701        9.54298       0.958684        9.67341        0.95733       -0.13631         1.9012     -0.0396267      -0.519564     -0.0176473    0.000462336      0.0306249    -0.00471395        4.09324        5.25431
            702          DTEMP        633.799        9.35701       0.938976        9.48768       0.937915      -0.140193        1.86402     -0.0396267       -0.51568     -0.0176019    0.000462336      0.0301629    -0.00471395        4.09489        5.25593
            703          DTEMP        633.897         9.1749       0.919269        9.30575       0.918499      -0.144077         1.8276     -0.0396267      -0.511797     -0.0175566    0.000462336       0.029701    -0.00471395        4.09658        5.25759
            704          DTEMP        633.995        8.99666       0.899561        9.12762       0.899083       -0.14796        1.79195     -0.0396267      -0.507914     -0.0175113    0.000462336       0.029239    -0.00471395        4.09829        5.25929
            705          DTEMP        634.093        8.82228       0.879853        8.95331       0.879668      -0.151844        1.75705     -0.0396267       -0.50403      -0.017466    0.000462336       0.028777    -0.00471395        4.10004        5.26101
            706          DTEMP        634.191        8.65176       0.860146        8.78279       0.860252      -0.155727        1.72292     -0.0396267      -0.500147     -0.0174207    0.000462336      0.0283151    -0.00471395        4.10183        5.26277
            707          DTEMP        634.289         8.4851       0.840438        8.61609       0.840837      -0.159611        1.68955     -0.0396267      -0.496263     -0.0173754    0.000462336      0.0278531    -0.00471395        4.10365        5.26456
            708          DTEMP        634.387         8.3223       0.820731        8.45319       0.821421      -0.163494        1.65694     -0.0396267       -0.49238     -0.0173301    0.000462336      0.0273911    -0.00471395         4.1055        5.26639
            709          DTEMP        634.485        8.16337       0.801023        8.29409       0.802005      -0.167377        1.62509     -0.0396267      -0.488497     -0.0172848    0.000462336      0.0269292    -0.00471395         4.1074        5.26826
            710          DTEMP        634.583         8.0083       0.781315         8.1388        0.78259      -0.171261          1.594     -0.0396267      -0.484613     -0.0172395    0.000462336      0.0264672    -0.00471395        4.10933        5.27015
            711          DTEMP        634.681         7.8571       0.761608        7.98732       0.763174      -0.175144        1.56367     -0.0396267       -0.48073     -0.0171942    0.000462336      0.0260052    -0.00471395        4.11129        5.27209
            712          DTEMP        634.779        7.70975         0.7419        7.83964       0.743759      -0.179028         1.5341     -0.0396267      -0.476846     -0.0171489    0.000462336      0.0255433    -0.00471395         4.1133        5.27406
            713          DTEMP        634.877        7.56627       0.722193        7.69576       0.724343      -0.182911         1.5053     -0.0396267      -0.472963     -0.0171036    0.000462336      0.0250813    -0.00471395        4.11534        5.27607
            714          DTEMP        634.975        7.42665       0.702485        7.55569       0.704927      -0.186795        1.47725     -0.0396267      -0.469079     -0.0170582    0.000462336      0.0246193    -0.00471395        4.11742        5.27811
            715          DTEMP        635.073         7.2909       0.682777        7.41943       0.685512      -0.190678        1.44997     -0.0396267      -0.465196     -0.0170129    0.000462336      0.0241574    -0.00471395        4.11954         5.2802
            716          DTEMP        635.171          7.159        0.66307        7.28697       0.666096      -0.194561        1.42345     -0.0396267      -0.461313     -0.0169676    0.000462336      0.0236954    -0.00471395         4.1217        5.28232
            717          DTEMP        635.269        7.03097       0.643362        7.15832        0.64668      -0.198445        1.39768     -0.0396267      -0.457429     -0.0169223    0.000462336      0.0232334    -0.00471395         4.1239        5.28448
            718          DTEMP        635.367        6.90681       0.623655        7.03347       0.627265      -0.202328        1.37268     -0.0396267      -0.453546      -0.016877    0.000462336      0.0227715    -0.00471395        4.12613        5.28668
            719          DTEMP        635.465         6.7865       0.603947        6.91243       0.607849      -0.206212        1.34845     -0.0396267      -0.449662     -0.0168317    0.000462336      0.0223095    -0.00471395        4.12841        5.28891
            720          DTEMP        635.563        6.67006       0.584239         6.7952       0.588434      -0.210095        1.32497     -0.0396267      -0.445779     -0.0167864    0.000462336      0.0218475    -0.00471395        4.13073        5.29119
            721          DTEMP        635.661        6.55748       0.564532        6.68177       0.569018      -0.213978        1.30225     -0.0396267      -0.441895     -0.0167411    0.000462336      0.0213856    -0.00471395        4.13309         5.2935
            722          DTEMP        635.759        6.44876       0.544824        6.57214       0.549602      -0.217862         1.2803     -0.0396267      -0.438012     -0.0166958    0.000462336      0.0209236    -0.00471395        4.13549        5.29586
            723          DTEMP        635.857        6.34391       0.525117        6.46632       0.530187      -0.221745         1.2591     -0.0396267      -0.434129     -0.0166505    0.000462336      0.0204616    -0.00471395        4.13793        5.29825
            724          DTEMP        635.955        6.24292       0.505409        6.36431       0.510771      -0.225629        1.23867     -0.0396267      -0.430245     -0.0166052    0.000462336      0.0199997    -0.00471395        4.14041        5.30068
            725          DTEMP        636.053        6.14579       0.485701         6.2661       0.491356      -0.229512          1.219     -0.0396267      -0.426362     -0.0165598    0.000462336      0.0195377    -0.00471395        4.14292        5.30315
            726          DTEMP        636.151        6.05252       0.465994         6.1717        0.47194      -0.233396        1.20009     -0.0396267      -0.422478     -0.0165145    0.000462336      0.0190757    -0.00471395        4.14548        5.30566
            727          DTEMP        636.249        5.96312       0.446286         6.0811       0.452524      -0.237279        1.18194     -0.0396267      -0.418595     -0.0164692    0.000462336      0.0186138    -0.00471395        4.14808         5.3082
            728          DTEMP        636.347        5.87758       0.426579        5.99431       0.433109      -0.241162        1.16455     -0.0396267      -0.414712     -0.0164239    0.000462336      0.0181518    -0.00471395        4.15071        5.31079
            729          DTEMP        636.445         5.7959       0.406871        5.91132       0.413693      -0.245046        1.14792     -0.0396267      -0.410828     -0.0163786    0.000462336      0.0176898    -0.00471395        4.15338        5.31341
            730          DTEMP        636.543        5.71808       0.387163        5.83214       0.394278      -0.248929        1.13206     -0.0396267      -0.406945     -0.0163333    0.000462336      0.0172279    -0.00471395        4.15609        5.31607
            731          DTEMP        636.641        5.64413       0.367456        5.75676       0.374862      -0.252813        1.11695     -0.0396267      -0.403061      -0.016288    0.000462336      0.0167659    -0.00471395        4.15884        5.31876
            732          DTEMP        636.739        5.57404       0.347748        5.68519       0.355446      -0.256696        1.10261     -0.0396267      -0.399178     -0.0162427    0.000462336      0.0163039    -0.00471395        4.16162        5.32148
            733          DTEMP        636.837        5.50781       0.328041        5.61743       0.336031       -0.26058        1.08902     -0.0396267      -0.395294     -0.0161974    0.000462336       0.015842    -0.00471395        4.16444        5.32424
            734          DTEMP        636.935        5.44545       0.308333        5.55347       0.316615      -0.264463         1.0762     -0.0396267      -0.391411     -0.0161521    0.000462336        0.01538    -0.00471395        4.16728        5.32704
            735          DTEMP        637.033        5.38695       0.288625        5.49332       0.297199      -0.268346        1.06414     -0.0396267      -0.387528     -0.0161068    0.000462336       0.014918    -0.00471395        4.17016        5.32986
            736          DTEMP        637.131        5.33231       0.268918        5.43697       0.277784       -0.27223        1.05284     -0.0396267      -0.383644     -0.0160614    0.000462336      0.0144561    -0.00471395        4.17307        5.33271
            737          DTEMP        637.229        5.28153        0.24921        5.38443       0.258368      -0.276113        1.04231     -0.0396267      -0.379761     -0.0160161    0.000462336      0.0139941    -0.00471395        4.17601         5.3356
            738          DTEMP        637.327        5.23462       0.229503        5.33569       0.238953      -0.279997        1.03253     -0.0396267      -0.375877     -0.0159708    0.000462336      0.0135321    -0.00471395        4.17898        5.33851
            739          DTEMP        637.425        5.19157       0.209795        5.29076       0.219537       -0.28388        1.02351     -0.0396267      -0.371994     -0.0159255    0.000462336      0.0130702    -0.00471395        4.18197        5.34144
            740          DTEMP        637.523        5.15238       0.190087        5.24963       0.200121      -0.287763        1.01526     -0.0396267       -0.36811     -0.0158802    0.000462336      0.0126082    -0.00471395        4.18499         5.3444
            741          DTEMP        637.621        5.11705        0.17038        5.21231       0.180706      -0.291647        1.00776     -0.0396267      -0.364227     -0.0158349    0.000462336      0.0121462    -0.00471395        4.18803        5.34738
            742          DTEMP        637.719        5.08559       0.150672        5.17879        0.16129       -0.29553        1.00103     -0.0396267      -0.360344     -0.0157896    0.000462336      0.0116843    -0.00471395        4.19108        5.35039
            743          DTEMP        637.817        5.05799       0.130965        5.14908       0.141875      -0.299414       0.995061     -0.0396267       -0.35646     -0.0157443    0.000462336      0.0112223    -0.00471395        4.19416        5.35341
            744          DTEMP        637.915        5.03425       0.111257        5.12318       0.122459      -0.303297       0.989851     -0.0396267      -0.352577      -0.015699    0.000462336      0.0107603    -0.00471395        4.19725        5.35644
            745          DTEMP        638.013        5.01438      0.0915493        5.10108       0.103043      -0.307181       0.985402     -0.0396267      -0.348693     -0.0156537    0.000462336      0.0102984    -0.00471395        4.20035         5.3595
            746          DTEMP        638.111        4.99836      0.0718417        5.08278      0.0836277      -0.311064       0.981715     -0.0396267       -0.34481     -0.0156084    0.000462336     0.00983639    -0.00471395        4.20347        5.36256
            747          DTEMP        638.209        4.98622      0.0521341         5.0683      0.0642121      -0.314947       0.978788     -0.0396267      -0.340927      -0.015563    0.000462336     0.00937442    -0.00471395        4.20659        5.36563
            748          DTEMP        638.307        4.97793      0.0324265        5.05761      0.0447965      -0.318831       0.976623     -0.0396267      -0.337043     -0.0155177    0.000462336     0.00891246    -0.00471395        4.20973        5.36871
            749          DTEMP        638.405         4.9735      0.0127189        5.05074      0.0253809      -0.322714       0.975218     -0.0396267       -0.33316     -0.0154724    0.000462336     0.00845049    -0.00471395        4.21286         5.3718
            750          DTEMP        638.503        4.97294    -0.00698873        5.04766     0.00596528      -0.326598       0.974575     -0.0396267      -0.329276     -0.0154271    0.000462336     0.00798852    -0.00471395          4.216        5.37489
            751          DTEMP        638.601        4.97624     -0.0266963         5.0484     -0.0134503      -0.330481       0.974693     -0.0396267      -0.325393     -0.0153818    0.000462336     0.00752655    -0.00471395        4.21913        5.37798
            752          DTEMP        638.699        4.98341     -0.0464039        5.05294     -0.0328659      -0.334365       0.975573     -0.0396267      -0.321509     -0.0153365    0.000462336     0.00706459    -0.00471395        4.22226        5.38107
            753          DTEMP        638.797        4.99443     -0.0661115        5.06128     -0.0522816      -0.338248       0.977213     -0.0396267      -0.317626     -0.0152912    0.000462336     0.00660262    -0.00471395        4.22539        5.38415
            754          DTEMP        638.895        5.00932     -0.0858192        5.07343     -0.0716972      -0.342131       0.979615     -0.0396267      -0.313743     -0.0152459    0.000462336     0.00614065    -0.00471395        4.22851        5.38723
            755          DTEMP        638.993        5.02808      -0.105527        5.08939     -0.0911128      -0.346015       0.982777     -0.0396267      -0.309859     -0.0152006    0.000462336     0.00567869    -0.00471395        4.23162         5.3903
            756          DTEMP        639.091        5.05069      -0.125234        5.10915      -0.110528      -0.349898       0.986701     -0.0396267      -0.305976     -0.0151553    0.000462336     0.00521672    -0.00471395        4.23471        5.39336
            757          DTEMP        639.189        5.07717      -0.144942        5.13271      -0.129944      -0.353782       0.991386     -0.0396267      -0.302092       -0.01511    0.000462336     0.00475475    -0.00471395        4.23779         5.3964
            758          DTEMP        639.287        5.10751       -0.16465        5.16009       -0.14936      -0.357665       0.996832     -0.0396267      -0.298209     -0.0150647    0.000462336     0.00429278    -0.00471395        4.24086        5.39943
            759          DTEMP        639.385        5.14171      -0.184357        5.19126      -0.168775      -0.361548        1.00304     -0.0396267      -0.294326     -0.0150193    0.000462336     0.00383082    -0.00471395         4.2439        5.40245
            760          DTEMP        639.483        5.17977      -0.204065        5.22625      -0.188191      -0.365432        1.01001     -0.0396267      -0.290442      -0.014974    0.000462336     0.00336885    -0.00471395        4.24692        5.40544
            761          DTEMP        639.581         5.2217      -0.223772        5.26503      -0.207606      -0.369315        1.01774     -0.0396267      -0.286559     -0.0149287    0.000462336     0.00290688    -0.00471395        4.24992        5.40842
            762          DTEMP        639.679        5.26749       -0.24348        5.30763      -0.227022      -0.373199        1.02623     -0.0396267      -0.282675     -0.0148834    0.000462336     0.00244491    -0.00471395         4.2529        5.41137
            763          DTEMP        639.777        5.31715      -0.263188        5.35403      -0.246438      -0.377082        1.03548     -0.0396267      -0.278792     -0.0148381    0.000462336     0.00198295    -0.00471395        4.25584        5.41429
            764          DTEMP        639.875        5.37066      -0.282895        5.40423      -0.265853      -0.380966        1.04549     -0.0396267      -0.274908     -0.0147928    0.000462336     0.00152098    -0.00471395        4.25876        5.41719
            765          DTEMP        639.973        5.42804      -0.302603        5.45824      -0.285269      -0.384849        1.05627     -0.0396267      -0.271025     -0.0147475    0.000462336     0.00105901    -0.00471395        4.26165        5.42007
            766          DTEMP        640.071        5.48928       -0.32231        5.51606      -0.304685      -0.388732         1.0678     -0.0396267      -0.267142     -0.0147022    0.000462336    0.000597045    -0.00471395        4.26451        5.42291
            767          DTEMP        640.169        5.55439      -0.342018        5.57768        -0.3241      -0.392616         1.0801     -0.0396267      -0.263258     -0.0146569    0.000462336    0.000135078    -0.00471395        4.26733        5.42572
            768          DTEMP        640.267        5.62335      -0.361726         5.6431      -0.343516      -0.396499        1.09316     -0.0396267      -0.259375     -0.0146116    0.000462336   -0.000326889    -0.00471395        4.27012         5.4285
            769          DTEMP        640.365        5.69618      -0.381433        5.71234      -0.362931      -0.400383        1.10698     -0.0396267      -0.255491     -0.0145663    0.000462336   -0.000788856    -0.00471395        4.27288        5.43125
            770          DTEMP        640.463        5.77288      -0.401141        5.78537      -0.382347      -0.404266        1.12156     -0.0396267      -0.251608     -0.0145209    0.000462336    -0.00125082    -0.00471395         4.2756        5.43396
            771          DTEMP        640.561        5.85343      -0.420848        5.86222      -0.401763       -0.40815         1.1369     -0.0396267      -0.247724     -0.0144756    0.000462336    -0.00171279    -0.00471395        4.27828        5.43664
            772          DTEMP        640.659        5.93785      -0.440556        5.94286      -0.421178      -0.412033          1.153     -0.0396267      -0.243841     -0.0144303    0.000462336    -0.00217476    -0.00471395        4.28093        5.43928
            773          DTEMP        640.757        6.02613      -0.460264        6.02732      -0.440594      -0.415916        1.16986     -0.0396267      -0.239958      -0.014385    0.000462336    -0.00263673    -0.00471395        4.28354        5.44189
            774          DTEMP        640.855        6.11827      -0.479971        6.11558      -0.460009        -0.4198        1.18749     -0.0396267      -0.236074     -0.0143397    0.000462336    -0.00309869    -0.00471395        4.28611        5.44446
            775          DTEMP        640.953        6.21428      -0.499679        6.20764      -0.479425      -0.423683        1.20587     -0.0396267      -0.232191     -0.0142944    0.000462336    -0.00356066    -0.00471395        4.28864        5.44699
            776          DTEMP        641.051        6.31415      -0.519386        6.30351      -0.498841      -0.427567        1.22502     -0.0396267      -0.228307     -0.0142491    0.000462336    -0.00402263    -0.00471395        4.29113        5.44948
            777          DTEMP        641.149        6.41788      -0.539094        6.40319      -0.518256       -0.43145        1.24493     -0.0396267      -0.224424     -0.0142038    0.000462336    -0.00448459    -0.00471395        4.29358        5.45194
            778          DTEMP        641.247        6.52547      -0.558802        6.50667      -0.537672      -0.435333         1.2656     -0.0396267      -0.220541     -0.0141585    0.000462336    -0.00494656    -0.00471395        4.29599        5.45435
            779          DTEMP        641.345        6.63693      -0.578509        6.61395      -0.557087      -0.439217        1.28703     -0.0396267      -0.216657     -0.0141132    0.000462336    -0.00540853    -0.00471395        4.29836        5.45673
            780          DTEMP        641.443        6.75225      -0.598217        6.72505      -0.576503        -0.4431        1.30922     -0.0396267      -0.212774     -0.0140679    0.000462336     -0.0058705    -0.00471395        4.30069        5.45907
            781          DTEMP        641.541        6.87143      -0.617924        6.83994      -0.595919      -0.446984        1.33217     -0.0396267       -0.20889     -0.0140225    0.000462336    -0.00633246    -0.00471395        4.30298        5.46137
            782          DTEMP        641.639        6.99447      -0.637632        6.95865      -0.615334      -0.450867        1.35588     -0.0396267      -0.205007     -0.0139772    0.000462336    -0.00679443    -0.00471395        4.30523        5.46363
            783          DTEMP        641.737        7.12138       -0.65734        7.08115       -0.63475      -0.454751        1.38036     -0.0396267      -0.201123     -0.0139319    0.000462336     -0.0072564    -0.00471395        4.30744        5.46585
            784          DTEMP        641.835        7.25215      -0.677047        7.20747      -0.654166      -0.458634         1.4056     -0.0396267       -0.19724     -0.0138866    0.000462336    -0.00771837    -0.00471395        4.30961        5.46804
            785          DTEMP        641.933        7.38678      -0.696755        7.33759      -0.673581      -0.462517        1.43159     -0.0396267      -0.193357     -0.0138413    0.000462336    -0.00818033    -0.00471395        4.31174        5.47018
            786          DTEMP        642.031        7.52528      -0.716463        7.47151      -0.692997      -0.466401        1.45835     -0.0396267      -0.189473      -0.013796    0.000462336     -0.0086423    -0.00471395        4.31383        5.47229
            787          DTEMP        642.129        7.66764       -0.73617        7.60924      -0.712412      -0.470284        1.48587     -0.0396267       -0.18559     -0.0137507    0.000462336    -0.00910427    -0.00471395        4.31588        5.47436
            788          DTEMP        642.227        7.81386      -0.755878        7.75078      -0.731828      -0.474168        1.51415     -0.0396267      -0.181706     -0.0137054    0.000462336    -0.00956623    -0.00471395         4.3179        5.47639
            789          DTEMP        642.325        7.96394      -0.775585        7.89612      -0.751244      -0.478051        1.54319     -0.0396267      -0.177823     -0.0136601    0.000462336     -0.0100282    -0.00471395        4.31988        5.47838
            790          DTEMP        642.423        8.11789      -0.795293        8.04526      -0.770659      -0.481935          1.573     -0.0396267      -0.173939     -0.0136148    0.000462336     -0.0104902    -0.00471395        4.32181        5.48034
            791          DTEMP        642.521         8.2757      -0.815001        8.19822      -0.790075      -0.485818        1.60356     -0.0396267      -0.170056     -0.0135695    0.000462336     -0.0109521    -0.00471395        4.32372        5.48226
            792          DTEMP        642.619        8.43737      -0.834708        8.35497       -0.80949      -0.489701        1.63488     -0.0396267      -0.166173     -0.0135241    0.000462336     -0.0114141    -0.00471395        4.32558        5.48414
            793          DTEMP        642.717         8.6029      -0.854416        8.51554      -0.828906      -0.493585        1.66697     -0.0396267      -0.162289     -0.0134788    0.000462336     -0.0118761    -0.00471395        4.32742        5.48599
            794          DTEMP        642.815         8.7723      -0.874123         8.6799      -0.848322      -0.497468        1.69982     -0.0396267      -0.158406     -0.0134335    0.000462336      -0.012338    -0.00471395        4.32921        5.48781
            795          DTEMP        642.913        8.94556      -0.893831        8.84808      -0.867737      -0.501352        1.73343     -0.0396267      -0.154522     -0.0133882    0.000462336        -0.0128    -0.00471395        4.33097        5.48959
            796          DTEMP        643.011        9.12268      -0.913539        9.02006      -0.887153      -0.505235         1.7678     -0.0396267      -0.150639     -0.0133429    0.000462336      -0.013262    -0.00471395         4.3327        5.49133
            797          DTEMP        643.109        9.30366      -0.933246        9.19584      -0.906568      -0.509118        1.80293     -0.0396267      -0.146756     -0.0132976    0.000462336     -0.0137239    -0.00471395        4.33439        5.49304
            798          DTEMP        643.207        9.48851      -0.952954        9.37543      -0.925984      -0.513002        1.83882     -0.0396267      -0.142872     -0.0132523    0.000462336     -0.0141859    -0.00471395        4.33605        5.49472
            799          DTEMP        643.305        9.67722      -0.972661        9.55883        -0.9454      -0.516885        1.87547     -0.0396267      -0.138989      -0.013207    0.000462336     -0.0146479    -0.00471395        4.33768        5.49637
            800          DTEMP        643.403         9.8698      -0.992369        9.74603      -0.964815      -0.520769        1.91289     -0.0396267      -0.135105     -0.0131617    0.000462336     -0.0151098    -0.00471395        4.33927        5.49799
            801          DTEMP        643.501        10.0662       -1.01208        9.93704      -0.984231      -0.524652        1.95106     -0.0396267      -0.131222     -0.0131164    0.000462336     -0.0155718    -0.00471395        4.34084        5.49957
            802          DTEMP        643.599        10.2665       -1.03178        10.1318       -1.00365      -0.528536           1.99     -0.0396267      -0.127338     -0.0130711    0.000462336     -0.0160338    -0.00471395        4.34237        5.50113
            803          DTEMP        643.697        10.4707       -1.05149        10.3305       -1.02306      -0.532419         2.0297     -0.0396267      -0.123455     -0.0130258    0.000462336     -0.0164957    -0.00471395        4.34388        5.50265
            804          DTEMP        643.795        10.6787        -1.0712        10.5329       -1.04248      -0.536302        2.07016     -0.0396267      -0.119572     -0.0129804    0.000462336     -0.0169577    -0.00471395        4.34535        5.50415
            805          DTEMP        643.893        10.8906       -1.09091        10.7391       -1.06189      -0.540186        2.11138     -0.0396267      -0.115688     -0.0129351    0.000462336     -0.0174197    -0.00471395         4.3468        5.50561
            806          DTEMP        643.991        11.1063       -1.11061        10.9492       -1.08131      -0.544069        2.15336     -0.0396267      -0.111805     -0.0128898    0.000462336     -0.0178816    -0.00471395        4.34822        5.50705
            807          DTEMP        644.089         11.326       -1.13032         11.163       -1.10072      -0.547953         2.1961     -0.0396267      -0.107921     -0.0128445    0.000462336     -0.0183436    -0.00471395        4.34961        5.50846
            808          DTEMP        644.187        11.5494       -1.15003        11.3806       -1.12014      -0.551836        2.23961     -0.0396267      -0.104038     -0.0127992    0.000462336     -0.0188056    -0.00471395        4.35097        5.50985
            809          DTEMP        644.285        11.7768       -1.16974        11.6021       -1.13956      -0.555719        2.28387     -0.0396267      -0.100154     -0.0127539    0.000462336     -0.0192675    -0.00471395        4.35231         5.5112
            810          DTEMP        644.383         12.008       -1.18945        11.8273       -1.15897      -0.559603         2.3289     -0.0396267      -0.096271     -0.0127086    0.000462336     -0.0197295    -0.00471395        4.35362        5.51254
            811          DTEMP        644.481         12.243       -1.20915        12.0564       -1.17839      -0.563486        2.37468     -0.0396267     -0.0923876     -0.0126633    0.000462336     -0.0201915    -0.00471395        4.35491        5.51384
            812          DTEMP        644.579         12.482       -1.22886        12.2893        -1.1978       -0.56737        2.42123     -0.0396267     -0.0885042      -0.012618    0.000462336     -0.0206534    -0.00471395        4.35617        5.51512
            813          DTEMP        644.677        12.7247       -1.24857        12.5259       -1.21722      -0.571253        2.46854     -0.0396267     -0.0846208     -0.0125727    0.000462336     -0.0211154    -0.00471395        4.35741        5.51638
            814          DTEMP        644.775        12.9714       -1.26828        12.7664       -1.23663      -0.575137        2.51661     -0.0396267     -0.0807374     -0.0125274    0.000462336     -0.0215774    -0.00471395        4.35862        5.51761
            815          DTEMP        644.873        13.2219       -1.28798        13.0107       -1.25605       -0.57902        2.56544     -0.0396267     -0.0768539      -0.012482    0.000462336     -0.0220394    -0.00471395        4.35981        5.51882
            816          DTEMP        644.971        13.4763       -1.30769        13.2588       -1.27547      -0.582903        2.61504     -0.0396267     -0.0729705     -0.0124367    0.000462336     -0.0225013    -0.00471395        4.36098        5.52001
            817          DTEMP        645.069        13.7345        -1.3274        13.5107       -1.29488      -0.586787        2.66539     -0.0396267     -0.0690871     -0.0123914    0.000462336     -0.0229633    -0.00471395        4.36213        5.52118
            818          DTEMP        645.167        13.9966       -1.34711        13.7664        -1.3143       -0.59067        2.71651     -0.0396267     -0.0652037     -0.0123461    0.000462336     -0.0234253    -0.00471395        4.36325        5.52232
            819          DTEMP        645.265        14.2626       -1.36681        14.0259       -1.33371      -0.594554        2.76838     -0.0396267     -0.0613202     -0.0123008    0.000462336     -0.0238872    -0.00471395        4.36436        5.52344
            820          DTEMP        645.363        14.5324       -1.38652        14.2892       -1.35313      -0.598437        2.82102     -0.0396267     -0.0574368     -0.0122555    0.000462336     -0.0243492    -0.00471395        4.36544        5.52454
            821          DTEMP        645.461        14.8061       -1.40623        14.5563       -1.37254      -0.602321        2.87442     -0.0396267     -0.0535534     -0.0122102    0.000462336     -0.0248112    -0.00471395         4.3665        5.52563
            822          DTEMP        645.559        15.0837       -1.42594        14.8272       -1.39196      -0.606204        2.92858     -0.0396267       -0.04967     -0.0121649    0.000462336     -0.0252731    -0.00471395        4.36755        5.52669
            823          DTEMP        645.657        15.3651       -1.44564         15.102       -1.41137      -0.610087         2.9835     -0.0396267     -0.0457866     -0.0121196    0.000462336     -0.0257351    -0.00471395        4.36857        5.52773
            824          DTEMP        645.755        15.6504       -1.46535        15.3805       -1.43079      -0.613971        3.03918     -0.0396267     -0.0419031     -0.0120743    0.000462336     -0.0261971    -0.00471395        4.36958        5.52875
            825          DTEMP        645.853        15.9395       -1.48506        15.6628       -1.45021      -0.617854        3.09562     -0.0396267     -0.0380197      -0.012029    0.000462336      -0.026659    -0.00471395        4.37056        5.52976
            826          DTEMP        645.951        16.2325       -1.50477         15.949       -1.46962      -0.621738        3.15283     -0.0396267     -0.0341363     -0.0119836    0.000462336      -0.027121    -0.00471395        4.37153        5.53075
            827          DTEMP        646.049        16.5294       -1.52447        16.2389       -1.48904      -0.625621        3.21079     -0.0396267     -0.0302529     -0.0119383    0.000462336      -0.027583    -0.00471395        4.37249        5.53171
            828          DTEMP        646.147        16.8301       -1.54418        16.5327       -1.50845      -0.629504        3.26952     -0.0396267     -0.0263695      -0.011893    0.000462336     -0.0280449    -0.00471395        4.37342        5.53267
            829          DTEMP        646.245        17.1347       -1.56389        16.8302       -1.52787      -0.633388        3.32901     -0.0396267      -0.022486     -0.0118477    0.000462336     -0.0285069    -0.00471395        4.37434         5.5336
            830          DTEMP        646.343        17.4431        -1.5836        17.1316       -1.54728      -0.637271        3.38926     -0.0396267     -0.0186026     -0.0118024    0.000462336     -0.0289689    -0.00471395        4.37524        5.53452
            831          DTEMP        646.441        17.7555        -1.6033        17.4368        -1.5667      -0.641155        3.45027     -0.0396267     -0.0147192     -0.0117571    0.000462336     -0.0294308    -0.00471395        4.37613        5.53542
            832          DTEMP        646.539        18.0716       -1.62301        17.7457       -1.58611      -0.645038        3.51204     -0.0396267     -0.0108358     -0.0117118    0.000462336     -0.0298928    -0.00471395          4.377        5.53631
            833          DTEMP        646.637        18.3917       -1.64272        18.0585       -1.60553      -0.648922        3.57457     -0.0396267    -0.00695236     -0.0116665    0.000462336     -0.0303548    -0.00471395        4.37785        5.53718
            834          DTEMP        646.735        18.7156       -1.66243        18.3751       -1.62495      -0.652805        3.63786     -0.0396267    -0.00306894     -0.0116212    0.000462336     -0.0308167    -0.00471395         4.3787        5.53804
            835          DTEMP        646.833        19.0433       -1.68214        18.6955       -1.64436      -0.656688        3.70192     -0.0396267    0.000814484     -0.0115759    0.000462336     -0.0312787    -0.00471395        4.37952        5.53888
            836          DTEMP        646.931         19.375       -1.70184        19.0197       -1.66378      -0.660572        3.76673     -0.0396267      0.0046979     -0.0115306    0.000462336     -0.0317407    -0.00471395        4.38033        5.53971
            837          DTEMP        647.029        19.7105       -1.72155        19.3477       -1.68319      -0.664455        3.83231     -0.0396267     0.00858133     -0.0114852    0.000462336     -0.0322026    -0.00471395        4.38113        5.54052
            838          DTEMP        647.127        20.0498       -1.74126        19.6795       -1.70261      -0.668339        3.89865     -0.0396267      0.0124647     -0.0114399    0.000462336     -0.0326646    -0.00471395        4.38192        5.54132
            839          DTEMP        647.225         20.393       -1.76097        20.0151       -1.72202      -0.672222        3.96575     -0.0396267      0.0163482     -0.0113946    0.000462336     -0.0331266    -0.00471395        4.38269         5.5421
            840          DTEMP        647.323        20.7401       -1.78067        20.3545       -1.74144      -0.676106        4.03361     -0.0396267      0.0202316     -0.0113493    0.000462336     -0.0335885    -0.00471395        4.38345        5.54288
            841          DTEMP        647.421        21.0911       -1.80038        20.6978       -1.76086      -0.679989        4.10223     -0.0396267       0.024115      -0.011304    0.000462336     -0.0340505    -0.00471395        4.38419        5.54364
            842          DTEMP        647.519        21.4459       -1.82009        21.0448       -1.78027      -0.683872        4.17161     -0.0396267      0.0279984     -0.0112587    0.000462336     -0.0345125    -0.00471395        4.38492        5.54438
            843          DTEMP        647.617        21.8045        -1.8398        21.3956       -1.79969      -0.687756        4.24176     -0.0396267      0.0318819     -0.0112134    0.000462336     -0.0349744    -0.00471395        4.38565        5.54512
            844          DTEMP        647.715        22.1671        -1.8595        21.7503        -1.8191      -0.691639        4.31266     -0.0396267      0.0357653     -0.0111681    0.000462336     -0.0354364    -0.00471395        4.38636        5.54584
            845          DTEMP        647.813        22.5335       -1.87921        22.1087       -1.83852      -0.695523        4.38433     -0.0396267      0.0396487     -0.0111228    0.000462336     -0.0358984    -0.00471395        4.38705        5.54655
            846          DTEMP        647.911        22.9037       -1.89892         22.471       -1.85793      -0.699406        4.45676     -0.0396267      0.0435321     -0.0110775    0.000462336     -0.0363603    -0.00471395        4.38774        5.54725
            847          DTEMP        648.009        23.2778       -1.91863         22.837       -1.87735      -0.703289        4.52994     -0.0396267      0.0474155     -0.0110322    0.000462336     -0.0368223    -0.00471395        4.38842        5.54794
            848          DTEMP        648.107        23.6558       -1.93833        23.2069       -1.89676      -0.707173        4.60389     -0.0396267       0.051299     -0.0109869    0.000462336     -0.0372843    -0.00471395        4.38908        5.54862
            849          DTEMP        648.205        24.0377       -1.95804        23.5806       -1.91618      -0.711056        4.67861     -0.0396267      0.0551824     -0.0109415    0.000462336     -0.0377462    -0.00471395        4.38973        5.54929
            850          DTEMP        648.303        24.4234       -1.97775         23.958        -1.9356       -0.71494        4.75408     -0.0396267      0.0590658     -0.0108962    0.000462336     -0.0382082    -0.00471395        4.39038        5.54994
            851      G8_DHX_E1        648.303        24.4234       -1.97775         23.958        -1.9356       -0.71494        4.75408     -0.0396267      0.0590658     -0.0108962    0.000462336     -0.0382082    -0.00471395        4.39038        5.54994
            852         DXMM08        652.004        41.8005       -2.71793        40.9949       -2.66868      -0.861432        8.15926      -0.039551       0.204946     -0.0440597     -0.0183869     -0.0556509    -0.00471395        4.40885        5.56878
            853       ERDXMM08        652.004        41.8005       -2.72195        40.9949       -2.66474      -0.860647        8.15926     -0.0396141       0.205731     -0.0440597     -0.0183912     -0.0556509     -0.0047086        4.40885        5.56878
            854      G8_DHX_E2        652.004        41.8005       -2.72244        40.9949       -2.66425      -0.860551        8.15926     -0.0396218       0.205827     -0.0440597     -0.0183917     -0.0556509    -0.00470795        4.40885        5.56878
            855      DRIFT_198        652.879        46.7238       -2.89869        45.8134       -2.83728      -0.895255        9.12366     -0.0396218        0.24053     -0.0601682     -0.0183917     -0.0597744    -0.00470795          4.412        5.57199
            856      DRIFT_198        653.755        51.9559       -3.07495        50.9351        -3.0103      -0.929958        10.1488     -0.0396218       0.275233     -0.0762768     -0.0183917     -0.0638979    -0.00470795        4.41483        5.57488
            857      DRIFT_198        654.631        57.4967        -3.2512        56.3599       -3.18332      -0.964661        11.2348     -0.0396218       0.309936     -0.0923854     -0.0183917     -0.0680214    -0.00470795        4.41738        5.57748
            858      DRIFT_198        655.507        63.3463       -3.42745        62.0877       -3.35634      -0.999364        12.3816     -0.0396218       0.344639      -0.108494     -0.0183917     -0.0721449    -0.00470795        4.41969        5.57984
            859      DRIFT_198        656.383        69.5046        -3.6037        68.1186       -3.52936       -1.03407        13.5891     -0.0396218       0.379343      -0.124602     -0.0183917     -0.0762684    -0.00470795        4.42179        5.58198
            860      DRIFT_198        657.259        75.9717       -3.77996        74.4526       -3.70238       -1.06877        14.8575     -0.0396218       0.414046      -0.140711     -0.0183917     -0.0803919    -0.00470795        4.42371        5.58394
            861      DRIFT_198        658.135        82.7475       -3.95621        81.0897        -3.8754       -1.10347        16.1866     -0.0396218       0.448749       -0.15682     -0.0183917     -0.0845154    -0.00470795        4.42547        5.58573
            862      DRIFT_198         659.01         89.832       -4.13246        88.0299       -4.04842       -1.13818        17.5766     -0.0396218       0.483452      -0.172928     -0.0183917     -0.0886389    -0.00470795        4.42709        5.58738
            863     YO8_DH0_E1         659.01         89.832       -4.13246        88.0299       -4.04842       -1.13818        17.5766     -0.0396218       0.483452      -0.172928     -0.0183917     -0.0886389    -0.00470795        4.42709        5.58738
            864         D0PP08        662.599        122.061       -4.84689        119.634       -4.75739       -1.28024        23.9043      -0.039544       0.624187      -0.211645    -0.00318324      -0.105536    -0.00470795        4.43254        5.59295
            865     YO8_DH0_E2        662.599        122.061       -4.84689        119.634       -4.75739       -1.28024        23.9043      -0.039544       0.624187      -0.211645    -0.00318324      -0.105536    -0.00470795        4.43254        5.59295
            866      DRIFT_199        663.232        128.271       -4.97377        125.729       -4.88231       -1.30525        25.1243      -0.039544       0.649192      -0.213658    -0.00318324      -0.108513    -0.00470795        4.43335        5.59377
            867      DRIFT_199        663.864        134.641       -5.10065        131.982       -5.00722       -1.33025         26.376      -0.039544       0.674197       -0.21567    -0.00318324       -0.11149    -0.00470795        4.43411        5.59455
            868           Q1O8        665.304        167.536       -18.6377        130.662        5.88761       0.951816        29.3186      0.0914942        2.97184      -0.233242     -0.0214627      -0.111599     0.00455718        4.43567        5.59626
            869      DRIFT_201        666.142        200.246       -20.3808        120.983         5.6588        1.02852        30.9478      0.0914942        2.89514      -0.251235     -0.0214627      -0.107779     0.00455718         4.4364        5.59732
            870      DRIFT_201        666.981        235.878        -22.124        111.687        5.42998        1.10522        32.4483      0.0914942        2.81844      -0.269227     -0.0214627      -0.103958     0.00455718        4.43701        5.59847
            871           Q2O8        670.372        227.293        24.0899        149.072       -18.7124       -5.13596        37.7501       0.576142       -4.26319      -0.252737      0.0306617      -0.121924     -0.0157113         4.4391        5.60312
            872      DRIFT_203        671.303        184.682        21.7104         185.93        -20.904       -4.59994        38.0634       0.576142       -4.79922      -0.224211      0.0306617      -0.136542     -0.0157113        4.43983        5.60401
            873      DRIFT_203        672.233        146.498        19.3309        226.866       -23.0956       -4.06391        37.3793       0.576142       -5.33524      -0.195684      0.0306617      -0.151159     -0.0157113        4.44073        5.60473
            874           Q3O8        674.334        102.164        3.45143        267.959         5.1358        0.44027         33.401     -0.0262038       -1.65597      -0.152804      0.0109865      -0.164925       0.002869        4.44357        5.60603
            875      DRIFT_205        675.323        95.4581        3.32639        257.897        5.03472       0.414346        31.3527     -0.0262038       -1.63004      -0.141935      0.0109865      -0.162087       0.002869        4.44516        5.60663
            876      DRIFT_205        676.312        88.9999        3.20135        248.035        4.93365       0.388421        29.3558     -0.0262038       -1.60412      -0.131066      0.0109865      -0.159248       0.002869        4.44687        5.60725
            877      DRIFT_205        677.302        82.7892         3.0763        238.372        4.83257       0.362497        27.4101     -0.0262038        -1.5782      -0.120196      0.0109865       -0.15641       0.002869        4.44871         5.6079
            878      DRIFT_205        678.291         76.826        2.95126         228.91        4.73149       0.336572        25.5158     -0.0262038       -1.55227      -0.109327      0.0109865      -0.153572       0.002869        4.45068        5.60857
            879      DRIFT_205         679.28        71.1101        2.82622        219.648        4.63041       0.310648        23.6727     -0.0262038       -1.52635     -0.0984579      0.0109865      -0.150733       0.002869        4.45281        5.60928
            880      DRIFT_205         680.27        65.6416        2.70118        210.586        4.52934       0.284724         21.881     -0.0262038       -1.50042     -0.0875886      0.0109865      -0.147895       0.002869        4.45512        5.61001
            881      DRIFT_205        681.259        60.4206        2.57614        201.724        4.42826       0.258799        20.1405     -0.0262038        -1.4745     -0.0767193      0.0109865      -0.145056       0.002869        4.45762        5.61077
            882      DRIFT_205        682.248        55.4469         2.4511        193.062        4.32718       0.232875        18.4514     -0.0262038       -1.44857       -0.06585      0.0109865      -0.142218       0.002869        4.46034        5.61157
            883      DRIFT_205        683.238        50.7207        2.32606          184.6        4.22611        0.20695        16.8135     -0.0262038       -1.42265     -0.0549807      0.0109865       -0.13938       0.002869        4.46331         5.6124
            884      DRIFT_205        684.227        46.2419        2.20102        176.338        4.12503       0.181026        15.2269     -0.0262038       -1.39672     -0.0441114      0.0109865      -0.136541       0.002869        4.46656        5.61328
            885      DRIFT_205        685.216        42.0106        2.07598        168.276        4.02395       0.155102        13.6916     -0.0262038        -1.3708     -0.0332421      0.0109865      -0.133703       0.002869        4.47013        5.61419
            886      DRIFT_205        686.206        38.0266        1.95093        160.414        3.92287       0.129177        12.2077     -0.0262038       -1.34488     -0.0223728      0.0109865      -0.130864       0.002869        4.47407        5.61515
            887      DRIFT_205        687.195          34.29        1.82589        152.752         3.8218       0.103253         10.775     -0.0262038       -1.31895     -0.0115035      0.0109865      -0.128026       0.002869        4.47843        5.61615
            888      DRIFT_205        688.184        30.8009        1.70085         145.29        3.72072      0.0773285        9.39358     -0.0262038       -1.29303   -0.000634189      0.0109865      -0.125187       0.002869        4.48328        5.61721
            889      DRIFT_205        689.174        27.5592        1.57581        138.028        3.61964      0.0514041        8.06349     -0.0262038        -1.2671      0.0102351      0.0109865      -0.122349       0.002869        4.48868        5.61832
            890      DRIFT_205        690.163        24.5649        1.45077        130.965        3.51857      0.0254797        6.78469     -0.0262038       -1.24118      0.0211044      0.0109865      -0.119511       0.002869        4.49474        5.61949
            891      DRIFT_205        691.152         21.818        1.32573        124.103        3.41749   -0.000444733        5.55719     -0.0262038       -1.21525      0.0319737      0.0109865      -0.116672       0.002869        4.50154        5.62073
            892      DRIFT_205        692.142        19.3185        1.20069        117.441        3.31641     -0.0263691        4.38098     -0.0262038       -1.18933       0.042843      0.0109865      -0.113834       0.002869        4.50921        5.62203
            893      DRIFT_205        693.131        17.0665        1.07565        110.979        3.21533     -0.0522935        3.25607     -0.0262038       -1.16341      0.0537123      0.0109865      -0.110995       0.002869        4.51789        5.62341
            894      DRIFT_205         694.12        15.0618       0.950604        104.717        3.11426     -0.0782179        2.18246     -0.0262038       -1.13748      0.0645816      0.0109865      -0.108157       0.002869        4.52772        5.62487
            895      DRIFT_205         695.11        13.3046       0.825563         98.655        3.01318      -0.104142        1.16014     -0.0262038       -1.11156      0.0754509      0.0109865      -0.105319       0.002869        4.53885        5.62642
            896      DRIFT_205        696.099        11.7948       0.700522        92.7929         2.9121      -0.130067       0.189114     -0.0262038       -1.08563      0.0863202      0.0109865       -0.10248       0.002869        4.55143        5.62807
            897      DRIFT_205        697.088        10.5324       0.575481        87.1308        2.81103      -0.155991      -0.730613     -0.0262038       -1.05971      0.0971895      0.0109865     -0.0996418       0.002869        4.56558        5.62982
            898      DRIFT_205        698.078        9.51741        0.45044        81.6687        2.70995      -0.181916       -1.59904     -0.0262038       -1.03378       0.108059      0.0109865     -0.0968034       0.002869        4.58133        5.63169
            899      DRIFT_205        699.067        8.74985       0.325399        76.4066        2.60887       -0.20784       -2.41618     -0.0262038       -1.00786       0.118928      0.0109865      -0.093965       0.002869        4.59862        5.63368
            900      DRIFT_205        700.056         8.2297       0.200357        71.3445        2.50779      -0.233764       -3.18202     -0.0262038      -0.981934       0.129797      0.0109865     -0.0911266       0.002869        4.61722        5.63581
            901      DRIFT_205        701.046        7.95696      0.0753163        66.4824        2.40672      -0.259689       -3.89656     -0.0262038       -0.95601       0.140667      0.0109865     -0.0882882       0.002869        4.63672         5.6381
            902      DRIFT_205        702.035        7.93164     -0.0497249        61.8203        2.30564      -0.285613       -4.55981     -0.0262038      -0.930086       0.151536      0.0109865     -0.0854498       0.002869        4.65659        5.64055
            903      DRIFT_205        703.024        8.15374      -0.174766        57.3582        2.20456      -0.311538       -5.17176     -0.0262038      -0.904161       0.162405      0.0109865     -0.0826114       0.002869        4.67622         5.6432
            904      DRIFT_205        704.014        8.62325      -0.299807        53.0961        2.10349      -0.337462       -5.73242     -0.0262038      -0.878237       0.173275      0.0109865      -0.079773       0.002869        4.69504        5.64605
            905      DRIFT_205        705.003        9.34018      -0.424848         49.034        2.00241      -0.363386       -6.24178     -0.0262038      -0.852312       0.184144      0.0109865     -0.0769346       0.002869        4.71263        5.64914
            906      DRIFT_205        705.992        10.3045       -0.54989        45.1718        1.90133      -0.389311       -6.69984     -0.0262038      -0.826388       0.195013      0.0109865     -0.0740962       0.002869         4.7287        5.65248
            907      DRIFT_205        706.982        11.5163      -0.674931        41.5097        1.80025      -0.415235       -7.10661     -0.0262038      -0.800464       0.205882      0.0109865     -0.0712578       0.002869        4.74318        5.65612
            908      DRIFT_205        707.971        12.9755      -0.799972        38.0476        1.69918       -0.44116       -7.46208     -0.0262038      -0.774539       0.216752      0.0109865     -0.0684194       0.002869        4.75607        5.66008
            909      DRIFT_205         708.96         14.682      -0.925013        34.7855         1.5981      -0.467084       -7.76626     -0.0262038      -0.748615       0.227621      0.0109865      -0.065581       0.002869        4.76749        5.66441
            910      DRIFT_205         709.95        16.6361       -1.05005        31.7234        1.49702      -0.493008       -8.01914     -0.0262038       -0.72269        0.23849      0.0109865     -0.0627426       0.002869        4.77757        5.66915
            911      DRIFT_205        710.939        18.8375        -1.1751        28.8613        1.39594      -0.518933       -8.22073     -0.0262038      -0.696766        0.24936      0.0109865     -0.0599042       0.002869        4.78647        5.67436
            912      DRIFT_205        711.928        21.2863       -1.30014        26.1992        1.29487      -0.544857       -8.37101     -0.0262038      -0.670842       0.260229      0.0109865     -0.0570658       0.002869        4.79434        5.68009
            913          Q4OT8        712.678        23.4592       -1.60345         24.148        1.43389      -0.643763       -8.44867     -0.0377127      -0.721977       0.269349      0.0133464     -0.0547257     0.00336772        4.79969        5.68483
            914      DRIFT_212        712.808        23.8789       -1.62325        23.7771        1.41743      -0.648668        -8.4582     -0.0377127      -0.717072       0.271085      0.0133464     -0.0542876     0.00336772        4.80056        5.68569
            915           Q4O8         714.62         22.791         2.1638         25.709       -2.58574       0.726045       -8.57869     -0.0390046       0.662175       0.255349     -0.0302894     -0.0560327    -0.00534067        4.81234        5.69794
            916      DRIFT_213        715.477         19.268        1.95031        30.3567       -2.84175       0.692644       -8.60478     -0.0390046       0.695576       0.229411     -0.0302894     -0.0606061    -0.00534067        4.81884        5.70282
            917      DRIFT_213        716.333        16.1106        1.73682        35.4428       -3.09776       0.659243       -8.57367     -0.0390046       0.728976       0.203473     -0.0302894     -0.0651794    -0.00534067        4.82658        5.70698
            918      DRIFT_213        717.189        13.3188        1.52333        40.9675       -3.35377       0.625842       -8.48535     -0.0390046       0.762377       0.177536     -0.0302894     -0.0697528    -0.00534067        4.83589        5.71056
            919      DRIFT_213        718.046        10.8927        1.30984        46.9306       -3.60978       0.592442       -8.33983     -0.0390046       0.795778       0.151598     -0.0302894     -0.0743262    -0.00534067        4.84722        5.71366
            920      DRIFT_213        718.902        8.83223        1.09634        53.3321        -3.8658       0.559041       -8.13711     -0.0390046       0.829179        0.12566     -0.0302894     -0.0788995    -0.00534067        4.86113        5.71639
            921      DRIFT_213        719.758        7.13738       0.882851        60.1722       -4.12181        0.52564       -7.87718     -0.0390046       0.862579      0.0997227     -0.0302894     -0.0834729    -0.00534067        4.87833        5.71879
            922          Q5OT8        720.508        5.98973       0.650294        66.1529       -3.83721       0.440771       -7.60449     -0.0287983       0.828449      0.0772713     -0.0296097     -0.0872342    -0.00468456        4.89664        5.72068
            923      DRIFT_216        720.639        5.82337       0.619162        67.1627       -3.86836       0.436997       -7.55319     -0.0287983       0.832223       0.073391     -0.0296097     -0.0878481    -0.00468456        4.90017          5.721
            924           Q5O8        721.749        5.31062      -0.140504        68.3354        2.85075      -0.275019        -7.1155      0.0243589      0.0987767      0.0439734     -0.0238774     -0.0881913     0.00407187        4.93275        5.72356
            925      DRIFT_217        722.585        5.67976      -0.301037        63.6621        2.73909      -0.254654       -6.82002      0.0243589      0.0784121      0.0240113     -0.0238774     -0.0847871     0.00407187        4.95707        5.72558
            926      DRIFT_217        723.421        6.31732       -0.46157        59.1756        2.62743      -0.234289       -6.55859      0.0243589      0.0580474     0.00404918     -0.0238774     -0.0813829     0.00407187        4.97936        5.72774
            927      DRIFT_217        724.257         7.2233      -0.622103        54.8757        2.51577      -0.213925       -6.33122      0.0243589      0.0376828     -0.0159129     -0.0238774     -0.0779787     0.00407187        4.99911        5.73008
            928     YO8_DH5_E1        724.257         7.2233      -0.622103        54.8757        2.51577      -0.213925       -6.33122      0.0243589      0.0376828     -0.0159129     -0.0238774     -0.0779787     0.00407187        4.99911        5.73008
            929            D5O        732.956        32.5499       -2.28828        21.2145        1.35402    -0.00194819       -5.98249      0.0243748       -0.17343     -0.0676759       0.011977     -0.0425597     0.00407187        5.09508        5.77111
            930     YO8_DH5_E2        732.956        32.5499       -2.28828        21.2145        1.35402    -0.00194819       -5.98249      0.0243748       -0.17343     -0.0676759       0.011977     -0.0425597     0.00407187        5.09508        5.77111
            931      DRIFT_219        733.769        36.3998       -2.44414        19.0998        1.24537       0.017881       -6.13813      0.0243748      -0.193259     -0.0579325       0.011977     -0.0392472     0.00407187        5.09885        5.77754
            932      DRIFT_219        734.583        40.5033           -2.6         17.162        1.13672      0.0377103       -6.32602      0.0243748      -0.213088     -0.0481891       0.011977     -0.0359347     0.00407187        5.10222        5.78469
            933          Q6OT8        735.333        44.3514       -2.52446        15.5916       0.959731      0.0880217       -6.52798      0.0250853      -0.199911     -0.0391226      0.0121928     -0.0329455     0.00390176        5.10503          5.792
            934      DRIFT_221        735.464        45.0159       -2.54624        15.3422       0.943584      0.0913091       -6.56615      0.0250853      -0.203199     -0.0375247      0.0121928     -0.0324342     0.00390176         5.1055        5.79335
            935           Q6O8        736.574        45.7099        1.94397        14.9909      -0.615635        0.76612       -6.91523     -0.0288925       0.451573     -0.0222005      0.0151661     -0.0298159    0.000858761        5.10932        5.80522
            936      DRIFT_222        737.119        43.6211        1.88696        15.6896      -0.665793       0.750366       -7.07815     -0.0288925       0.467326     -0.0139311      0.0151661     -0.0293477    0.000858761        5.11127        5.81088
            937          QGTTO        737.119        43.6211        1.89569        15.6896      -0.668931       0.751782       -7.07815     -0.0291364       0.468742     -0.0139311      0.0151689     -0.0293477    0.000852891        5.11127        5.81088
            938      DRIFT_223        738.017        40.3014        1.80112        16.9654      -0.751779       0.725617       -7.30883     -0.0291364       0.494907   -0.000309274      0.0151689     -0.0285818    0.000852891        5.11468        5.81964
            939      DRIFT_223        738.915        37.1514        1.70655          18.39      -0.834627       0.699452       -7.49251     -0.0291364       0.521072      0.0133126      0.0151689     -0.0278159    0.000852891        5.11837        5.82774
            940      DRIFT_223        739.813        34.1713        1.61198        19.9634      -0.917474       0.673287        -7.6292     -0.0291364       0.547237      0.0269345      0.0151689       -0.02705    0.000852891        5.12238         5.8352
            941      DRIFT_223        740.711        31.3611        1.51742        21.6856       -1.00032       0.647122        -7.7189     -0.0291364       0.573401      0.0405563      0.0151689     -0.0262841    0.000852891        5.12675        5.84207
            942      DRIFT_223        741.609        28.7207        1.42285        23.5566       -1.08317       0.620957       -7.76161     -0.0291364       0.599566      0.0541782      0.0151689     -0.0255182    0.000852891        5.13151         5.8484
            943      DRIFT_223        742.507        26.2501        1.32828        25.5764       -1.16602       0.594792       -7.75732     -0.0291364       0.625731      0.0678001      0.0151689     -0.0247523    0.000852891        5.13672        5.85422
            944      DRIFT_223        743.405        23.9494        1.23371         27.745       -1.24887       0.568628       -7.70604     -0.0291364       0.651896       0.081422      0.0151689     -0.0239864    0.000852891        5.14242        5.85959
            945      DRIFT_223        744.303        21.8186        1.13915        30.0624       -1.33171       0.542463       -7.60777     -0.0291364       0.678061      0.0950438      0.0151689     -0.0232204    0.000852891        5.14867        5.86454
            946      DRIFT_223        745.201        19.8575        1.04458        32.5286       -1.41456       0.516298        -7.4625     -0.0291364       0.704226       0.108666      0.0151689     -0.0224545    0.000852891        5.15554        5.86911
            947     YO8_DH6_E1        745.201        19.8575        1.04458        32.5286       -1.41456       0.516298        -7.4625     -0.0291364       0.704226       0.108666      0.0151689     -0.0224545    0.000852891        5.15554        5.86911
            948             DS        748.151        14.6094       0.734708        41.6754       -1.68667       0.430326       -6.65415     -0.0291604       0.790558       0.171429      0.0273905      -0.019939    0.000852891        5.18324        5.88187
            949     YO8_DH6_E2        748.151        14.6094       0.734708        41.6754       -1.68667       0.430326       -6.65415     -0.0291604       0.790558       0.171429      0.0273905      -0.019939    0.000852891        5.18324        5.88187
            950      DRIFT_224        748.943        13.5114       0.651209        44.4058       -1.75975       0.407224       -6.35046     -0.0291604       0.813659       0.193129      0.0273905     -0.0192633    0.000852891        5.19222         5.8848
            951      DRIFT_224        749.735        12.5458       0.567709         47.252       -1.83284       0.384122       -6.01016     -0.0291604       0.836761       0.214829      0.0273905     -0.0185876    0.000852891        5.20191        5.88756
            952          SQSK8        749.735        12.5621       0.569984        47.3136       -1.83678       0.384372       -6.01408     -0.0290263       0.837306       0.214829      0.0273868     -0.0185876    0.000895857        5.20191        5.88756
            953      DRIFT_225        750.281        11.9718       0.512465        49.3445       -1.88719       0.368542       -5.75842     -0.0290263       0.853136       0.229765      0.0273868      -0.018099    0.000895857        5.20899        5.88935
            954           Q7O8         751.21        12.0033      -0.547255        49.0723        2.17253     -0.0790556       -5.30624      0.0335602       0.389697       0.264407      0.0476075     -0.0165882     0.00233343        5.22151        5.89232
            955      DRIFT_226        752.189        13.1781      -0.653205        44.9316        2.05846     -0.0462117       -4.87963      0.0335602       0.356853       0.310998      0.0476075     -0.0143045     0.00233343         5.2339        5.89564
            956      DRIFT_226        753.168        14.5604      -0.759155        41.0142        1.94438     -0.0133678       -4.51731      0.0335602       0.324009        0.35759      0.0476075     -0.0120209     0.00233343        5.24516        5.89927
            957      DRIFT_226        754.146          16.15      -0.865105          37.32        1.83031      0.0194761       -4.21928      0.0335602       0.291166       0.404181      0.0476075    -0.00973729     0.00233343        5.25532        5.90325
            958      DRIFT_226        755.125        17.9469      -0.971055        33.8492        1.71624        0.05232       -3.98553      0.0335602       0.258322       0.450772      0.0476075    -0.00745366     0.00233343        5.26447        5.90763
            959      DRIFT_226        756.104        19.9513       -1.07701        30.6016        1.60217       0.085164       -3.81607      0.0335602       0.225478       0.497364      0.0476075    -0.00517003     0.00233343        5.27271        5.91247
            960      DRIFT_226        757.082         22.163       -1.18296        27.5773        1.48809       0.118008       -3.71089      0.0335602       0.192634       0.543955      0.0476075     -0.0028864     0.00233343        5.28012        5.91783
            961      DRIFT_226        758.061        24.5821       -1.28891        24.7763        1.37402       0.150852          -3.67      0.0335602        0.15979       0.590546      0.0476075   -0.000602774     0.00233343        5.28679        5.92379
            962      DRIFT_226         759.04        27.2086       -1.39486        22.1985        1.25995       0.183696        -3.6934      0.0335602       0.126946       0.637138      0.0476075     0.00168085     0.00233343        5.29282        5.93044
            963      DRIFT_226        760.018        30.0424       -1.50081        19.8441        1.14588        0.21654       -3.78108      0.0335602      0.0941021       0.683729      0.0476075     0.00396448     0.00233343        5.29827        5.93786
            964      DRIFT_226        760.997        33.0836       -1.60676        17.7129         1.0318       0.249384       -3.93305      0.0335602      0.0612582        0.73032      0.0476075     0.00624811     0.00233343        5.30321        5.94617
            965      DRIFT_226        761.976        36.3323       -1.71271        15.8049       0.917732       0.282227        -4.1493      0.0335602      0.0284143       0.776912      0.0476075     0.00853174     0.00233343         5.3077        5.95549
            966      DRIFT_226        762.954        39.7882       -1.81866        14.1203       0.803659       0.315071       -4.42984      0.0335602    -0.00442964       0.823503      0.0476075      0.0108154     0.00233343         5.3118        5.96592
            967      DRIFT_226        763.933        43.4516       -1.92461        12.6589       0.689587       0.347915       -4.77466      0.0335602     -0.0372736       0.870094      0.0476075       0.013099     0.00233343        5.31555        5.97758
            968      DRIFT_226        764.912        47.3223       -2.03056        11.4208       0.575514       0.380759       -5.18377      0.0335602     -0.0701175       0.916686      0.0476075      0.0153826     0.00233343        5.31898        5.99055
            969           QFB8        766.022        47.1742        2.15962        11.3647      -0.523292       0.868818       -5.70582     -0.0358102       0.404685       0.924039     -0.0344664      0.0187766      0.0038318        5.32266        6.00634
            970      DRIFT_229        766.567        44.8548        2.09416        11.9687      -0.584407       0.849292       -5.94824     -0.0358102        0.42421       0.905246     -0.0344664      0.0208659      0.0038318        5.32455        6.01378
            971          QGTTO        766.567        44.8548        2.10313        11.9687      -0.586801       0.850482       -5.94824     -0.0360651         0.4254       0.905246     -0.0346475      0.0208659     0.00383597        5.32455        6.01378
            972      DRIFT_230        767.364        41.5798        2.00678        12.9752      -0.676305       0.821743       -6.26407     -0.0360651       0.454139       0.877637     -0.0346475      0.0239226     0.00383597        5.32748        6.02397
            973      DRIFT_230        768.161        38.4584        1.91044        14.1243      -0.765808       0.793005        -6.5341     -0.0360651       0.482877       0.850029     -0.0346475      0.0269793     0.00383597        5.33065        6.03334
            974     YO8_DH8_E1        768.161        38.4584        1.91044        14.1243      -0.765808       0.793005        -6.5341     -0.0360651       0.482877       0.850029     -0.0346475      0.0269793     0.00383597        5.33065        6.03334
            975              D        777.601        13.1353       0.770554        38.5945       -1.82619       0.452013       -6.23893     -0.0361648       0.824978       0.705883     0.00411421      0.0631934     0.00383597        5.39963        6.09959
            976     YO8_DH8_E2        777.601        13.1353       0.770554        38.5945       -1.82619       0.452013       -6.23893     -0.0361648       0.824978       0.705883     0.00411421      0.0631934     0.00383597        5.39963        6.09959
            977      DRIFT_231        778.398        11.9843       0.673868        41.5763        -1.9157       0.423195       -5.91876     -0.0361648       0.853796       0.709162     0.00411421      0.0662501     0.00383597        5.40974        6.10276
            978      DRIFT_231        779.195        10.9874       0.577183        44.7006        -2.0052       0.394377       -5.55267     -0.0361648       0.882614        0.71244     0.00411421      0.0693068     0.00383597         5.4208         6.1057
            979          SQSK8        779.195        11.0006       0.579286        44.7545       -2.00902       0.394614       -5.55602     -0.0360339       0.883145        0.71244     0.00412807      0.0693068     0.00397846         5.4208         6.1057
            980      DRIFT_232         779.74         10.405       0.513088        46.9788       -2.07038       0.374966       -5.27893     -0.0360339       0.902793       0.714691     0.00412807      0.0714761     0.00397846        5.42892        6.10759
            981           QDA8         780.85        10.4303      -0.536612        46.8134        2.21427     -0.0699309       -4.68766      0.0382024       0.440197       0.755787      0.0705413      0.0722351    -0.00262247         5.4462         6.1113
            982      DRIFT_233        780.981         10.573      -0.552794        46.2352        2.19775     -0.0649244       -4.62146      0.0382024       0.435191       0.765031      0.0705413      0.0718914    -0.00262247        5.44818        6.11174
            983           SDMO        781.731        11.4717      -0.645406        43.0096        2.10317     -0.0362726       -4.26786      0.0382024       0.406539       0.817937      0.0705413      0.0699246    -0.00262247        5.45903        6.11442
            984      DRIFT_234        782.699        12.8373      -0.764973        39.0548        1.98108    0.000718374       -3.87491      0.0382024       0.369548       0.886242      0.0705413      0.0673852    -0.00262247        5.47174        6.11818
            985      DRIFT_234        783.668        14.4345       -0.88454        35.3365        1.85898      0.0377094        -3.5536      0.0382024       0.332557       0.954546      0.0705413      0.0648459    -0.00262247        5.48307        6.12233
            986      DRIFT_234        784.636        16.2633       -1.00411        31.8547        1.73688      0.0747004       -3.30392      0.0382024       0.295566        1.02285      0.0705413      0.0623066    -0.00262247        5.49314        6.12692
            987      DRIFT_234        785.604        18.3236       -1.12367        28.6093        1.61478       0.111691       -3.12587      0.0382024       0.258575        1.09116      0.0705413      0.0597673    -0.00262247        5.50207        6.13203
            988      DRIFT_234        786.573        20.6155       -1.24324        25.6004        1.49268       0.148682       -3.01946      0.0382024       0.221584        1.15946      0.0705413       0.057228    -0.00262247           5.51        6.13773
            989      DRIFT_234        787.541        23.1389       -1.36281        22.8279        1.37059       0.185673       -2.98469      0.0382024       0.184593        1.22776      0.0705413      0.0546886    -0.00262247        5.51706         6.1441
            990      DRIFT_234        788.509        25.8938       -1.48237        20.2919        1.24849       0.222664       -3.02156      0.0382024       0.147602        1.29607      0.0705413      0.0521493    -0.00262247        5.52336        6.15126
            991      DRIFT_234        789.478        28.8803       -1.60194        17.9923        1.12639       0.259655       -3.13006      0.0382024       0.110611        1.36437      0.0705413        0.04961    -0.00262247          5.529        6.15933
            992     YO8_DH9_E1        789.478        28.8803       -1.60194        17.9923        1.12639       0.259655       -3.13006      0.0382024       0.110611        1.36437      0.0705413        0.04961    -0.00262247          5.529        6.15933
            993             DS        792.427        39.3988       -1.96416        12.4448       0.754481       0.372308       -3.90169      0.0381864    -0.00186668        1.59036      0.0826959      0.0418752    -0.00262247        5.54293        6.19091
            994     YO8_DH9_E2        792.427        39.3988       -1.96416        12.4448       0.754481       0.372308       -3.90169      0.0381864    -0.00186668        1.59036      0.0826959      0.0418752    -0.00262247        5.54293        6.19091
            995      DRIFT_236        793.219        42.5884       -2.06185        11.3285       0.654583       0.402561       -4.22209      0.0381864     -0.0321193        1.65587      0.0826959      0.0397976    -0.00262247        5.54601        6.20154
            996      DRIFT_236        794.011        45.9327       -2.15953        10.3705       0.554685       0.432814       -4.59043      0.0381864     -0.0623718        1.72139      0.0826959        0.03772    -0.00262247        5.54886        6.21318
            997          SQSK8        794.011        45.9784       -2.16015        10.3808       0.553712       0.433029       -4.59271      0.0383577     -0.0624029        1.72139      0.0827034        0.03772     -0.0022782        5.54886        6.21318
            998      DRIFT_237        794.557        48.3707       -2.22735        9.81439       0.485083       0.453943       -4.87425      0.0383577     -0.0833174        1.76648      0.0827034      0.0364778     -0.0022782         5.5507        6.22178
            999            QF9        795.667        48.3577        2.23863        9.86012      -0.527669       0.938758       -5.49518     -0.0387487       0.385695        1.76728     -0.0812756      0.0357845     0.00101843        5.55429        6.24009
           1000      DRIFT_238        795.798        47.7731        2.22234        10.0006       -0.54466        0.93368       -5.56699     -0.0387487       0.390773        1.75663     -0.0812756       0.035918     0.00101843        5.55472        6.24219
           1001           SFMO        796.548        44.5095        2.12911        10.8906      -0.641903       0.904618       -5.95237     -0.0387487       0.419835        1.69567     -0.0812756      0.0366818     0.00101843        5.55731        6.25364
           1002      DRIFT_239        797.177        41.8805        2.05092        11.7493      -0.723451       0.880247       -6.24195     -0.0387487       0.444206        1.64455     -0.0812756      0.0373224     0.00101843        5.55963        6.26249
           1003      DRIFT_239        797.806        39.3498        1.97273        12.7106      -0.804999       0.855876       -6.50087     -0.0387487       0.468577        1.59343     -0.0812756      0.0379629     0.00101843         5.5621        6.27069
           1004    YO8_DH10_E1        797.806        39.3498        1.97273        12.7106      -0.804999       0.855876       -6.50087     -0.0387487       0.468577        1.59343     -0.0812756      0.0379629     0.00101843         5.5621        6.27069
           1005              D        807.246        13.1639       0.800115        39.4514         -2.027       0.489455       -6.69694     -0.0387803       0.835323        1.00906     -0.0425144      0.0475664     0.00101597        5.63016        6.33994
           1006    YO8_DH10_E2        807.246        13.1639       0.800115        39.4514         -2.027       0.489455       -6.69694     -0.0387803       0.835323        1.00906     -0.0425144      0.0475664     0.00101597        5.63016        6.33994
           1007      DRIFT_241        807.959        12.0863       0.711279        42.4077       -2.11933       0.461805       -6.43063     -0.0387803       0.862973       0.978746     -0.0425144      0.0482908     0.00101597        5.63916        6.34272
           1008      DRIFT_241        808.672        11.1353       0.622442        45.4956       -2.21166       0.434156       -6.12489     -0.0387803       0.890622       0.948433     -0.0425144      0.0490151     0.00101597        5.64895         6.3453
           1009      DRIFT_241        809.385        10.3111       0.533606        48.7152       -2.30398       0.406506       -5.77972     -0.0387803       0.918272       0.918121     -0.0425144      0.0497395     0.00101597        5.65955        6.34771
           1010            QD9        810.495        10.3184      -0.540451        48.7112        2.30748      -0.103472       -5.20484      0.0364638       0.392804       0.918572      0.0433328      0.0482673    -0.00364549        5.67701        6.35127
           1011      DRIFT_243        810.626        10.4622      -0.556862        48.1086        2.29047     -0.0986938       -5.14043      0.0364638       0.388025        0.92425      0.0433328      0.0477895    -0.00364549        5.67902        6.35171
           1012           SDPO        811.376         11.368      -0.650778         44.746        2.19309      -0.071346        -4.7959      0.0364638       0.360677        0.95675      0.0433328      0.0450554    -0.00364549        5.68997        6.35428
           1013      DRIFT_244        812.005        12.2361      -0.729536        42.0386        2.11143      -0.048412        -4.5386      0.0364638       0.337743       0.984004      0.0433328      0.0427626    -0.00364549        5.69846        6.35659
           1014      DRIFT_244        812.634        13.2033      -0.808294         39.434        2.02977     -0.0254781       -4.31015      0.0364638       0.314809        1.01126      0.0433328      0.0404697    -0.00364549        5.70634        6.35904
           1015    YO8_DH11_E1        812.634        13.2033      -0.808294         39.434        2.02977     -0.0254781       -4.31015      0.0364638       0.314809        1.01126      0.0433328      0.0404697    -0.00364549        5.70634        6.35904
           1016              D        822.075        39.6432       -1.99296        12.6427       0.806047        0.31814       -4.34631      0.0365066     -0.0299411        1.60422      0.0822917     0.00602249    -0.00365083        5.77404         6.4285
           1017    YO8_DH11_E2        822.075        39.6432       -1.99296        12.6427       0.806047        0.31814       -4.34631      0.0365066     -0.0299411        1.60422      0.0822917     0.00602249    -0.00365083        5.77404         6.4285
           1018      DRIFT_246        822.788        42.5489       -2.08238        11.5596       0.713012       0.344169       -4.61305      0.0365066     -0.0559698        1.66289      0.0822917      0.0034195    -0.00365083        5.77681        6.43789
           1019      DRIFT_246        823.501        45.5821        -2.1718        10.6092       0.619976       0.370198        -4.9169      0.0365066     -0.0819984        1.72156      0.0822917    0.000816517    -0.00365083        5.77938        6.44814
           1020      DRIFT_246        824.214        48.7427       -2.26122         9.7915       0.526941       0.396226       -5.25786      0.0365066      -0.108027        1.78023      0.0822917    -0.00178647    -0.00365083        5.78179        6.45929
           1021            QF9        825.324        48.7704        2.23715         9.7404      -0.479348       0.915201       -5.84236     -0.0360496       0.393092        1.77997      -0.082761    -0.00600008    -0.00400573        5.78535        6.47773
           1022      DRIFT_248        825.455        48.1862        2.22101         9.8682      -0.495894       0.910476       -5.91016     -0.0360496       0.397817        1.76912      -0.082761    -0.00652503    -0.00400573        5.78578        6.47985
           1023           SFPO        826.205        44.9239        2.12867        10.6831      -0.590585       0.883439       -6.27438     -0.0360496       0.424854        1.70705      -0.082761    -0.00952933    -0.00400573        5.78835        6.49149
           1024      DRIFT_249        826.834        42.2949        2.05123        11.4759      -0.669994       0.860766       -6.54855     -0.0360496       0.447527          1.655      -0.082761     -0.0120487    -0.00400573        5.79065        6.50053
           1025      DRIFT_249        827.463        39.7634        1.97379        12.3686      -0.749402       0.838092        -6.7942     -0.0360496       0.470201        1.60295      -0.082761     -0.0145682    -0.00400573        5.79309        6.50894
           1026    YO8_DH12_E1        827.463        39.7634        1.97379        12.3686      -0.749402       0.838092        -6.7942     -0.0360496       0.470201        1.60295      -0.082761     -0.0145682    -0.00400573        5.79309        6.50894
           1027              D        836.903        13.4469        0.81266         37.763       -1.94021       0.497171       -7.04647     -0.0361135       0.811826        1.00435     -0.0440394     -0.0523806    -0.00400463        5.86001        6.58088
           1028    YO8_DH12_E2        836.903        13.4469        0.81266         37.763       -1.94021       0.497171       -7.04647     -0.0361135       0.811826        1.00435     -0.0440394     -0.0523806    -0.00400463        5.86001        6.58088
           1029      DRIFT_251        837.616        12.3509       0.724621        40.5938       -2.03017       0.471422       -6.80377     -0.0361135       0.837574       0.972949     -0.0440394     -0.0552359    -0.00400463        5.86882        6.58378
           1030      DRIFT_251        838.329        11.3803       0.636583        43.5529       -2.12012       0.445674       -6.52435     -0.0361135       0.863323        0.94155     -0.0440394     -0.0580911    -0.00400463        5.87839        6.58648
           1031      DRIFT_251        839.042        10.5354       0.548544        46.6403       -2.21008       0.419926       -6.20821     -0.0361135       0.889071       0.910151     -0.0440394     -0.0609463    -0.00400463        5.88877          6.589
           1032            QD9        840.152        10.5306      -0.544074        46.6455        2.20552      -0.132322       -5.68253       0.033696       0.319937        0.90848      0.0410024     -0.0621511     0.00185294        5.90586        6.59272
           1033      DRIFT_253        840.283        10.6753      -0.560202        46.0696        2.18904      -0.127906       -5.62384       0.033696       0.315521       0.913853      0.0410024     -0.0619082     0.00185294        5.90783        6.59317
           1034           SDMO        841.033        11.5848      -0.652506        42.8568        2.09475      -0.102634       -5.31022       0.033696       0.290249       0.944605      0.0410024     -0.0605185     0.00185294        5.91857        6.59586
           1035      DRIFT_254        841.662        12.4543      -0.729912        40.2715        2.01568     -0.0814411       -5.07645       0.033696       0.269056       0.970393      0.0410024     -0.0593531     0.00185294        5.92691        6.59827
           1036      DRIFT_254        842.291        13.4211      -0.807319        37.7857        1.93661     -0.0602479       -4.86933       0.033696       0.247863       0.996182      0.0410024     -0.0581877     0.00185294        5.93466        6.60083
           1037    YO8_DH13_E1        842.291        13.4211      -0.807319        37.7857        1.93661     -0.0602479       -4.86933       0.033696       0.247863       0.996182      0.0410024     -0.0581877     0.00185294        5.93466        6.60083
           1038              D        851.732        39.6147        -1.9666        12.4108       0.750485       0.257519       -4.96082      0.0336967     -0.0699736        1.56644      0.0797995      -0.040673     0.00185729        6.00178        6.67262
           1039    YO8_DH13_E2        851.732        39.6147        -1.9666        12.4108       0.750485       0.257519       -4.96082      0.0336967     -0.0699736        1.56644      0.0797995      -0.040673     0.00185729        6.00178        6.67262
           1040      DRIFT_256        852.445        42.4815        -2.0542        11.4046       0.660679       0.281544       -5.21145      0.0336967     -0.0939988        1.62333      0.0797995     -0.0393488     0.00185729        6.00455        6.68216
           1041      DRIFT_256        853.158        45.4732       -2.14181        10.5266       0.570873        0.30557       -5.49633      0.0336967      -0.118024        1.68023      0.0797995     -0.0380246     0.00185729        6.00713        6.69253
           1042      DRIFT_256        853.871        48.5898       -2.22942        9.77654       0.481068       0.329595       -5.81548      0.0336967      -0.142049        1.73713      0.0797995     -0.0367004     0.00185729        6.00955        6.70372
           1043            QF9        854.981        48.5594        2.25585        9.82784      -0.528847       0.898868       -6.36314     -0.0343154       0.408845        1.73625     -0.0813657     -0.0364936    -0.00148161        6.01312        6.72209
           1044      DRIFT_258        855.112        47.9703        2.23942        9.96869      -0.545911       0.894371       -6.42677     -0.0343154       0.413342        1.72559     -0.0813657     -0.0366878    -0.00148161        6.01355         6.7242
           1045           SFMO        855.862        44.6817        2.14538        10.8608      -0.643568       0.868634       -6.76824     -0.0343154       0.439078        1.66456     -0.0813657      -0.037799    -0.00148161        6.01613        6.73568
           1046      DRIFT_259        856.491        42.0326        2.06651        11.7219      -0.725464       0.847051       -7.02483     -0.0343154       0.460661        1.61339     -0.0813657     -0.0387309    -0.00148161        6.01844        6.74456
           1047      DRIFT_259         857.12        39.4828        1.98765        12.6859      -0.807359       0.825469       -7.25428     -0.0343154       0.482244        1.56221     -0.0813657     -0.0396627    -0.00148161         6.0209        6.75277
           1048    YO8_DH14_E1         857.12        39.4828        1.98765        12.6859      -0.807359       0.825469       -7.25428     -0.0343154       0.482244        1.56221     -0.0813657     -0.0396627    -0.00148161         6.0209        6.75277
           1049              D        866.561        13.1152       0.804631        39.5147       -2.03376       0.500832       -7.42983     -0.0343163       0.806873       0.977035     -0.0425962     -0.0536332    -0.00147785        6.08898        6.82204
           1050    YO8_DH14_E2        866.561        13.1152       0.804631        39.5147       -2.03376       0.500832       -7.42983     -0.0343163       0.806873       0.977035     -0.0425962     -0.0536332    -0.00147785        6.08898        6.82204
           1051      DRIFT_261        867.274        12.0317       0.715072        42.4809       -2.12643       0.476365       -7.19419     -0.0343163        0.83134       0.946664     -0.0425962     -0.0546869    -0.00147785        6.09802        6.82481
           1052      DRIFT_261        867.986        11.0759       0.625512        45.5792        -2.2191       0.451898       -6.92365     -0.0343163       0.855807       0.916294     -0.0425962     -0.0557406    -0.00147785        6.10785        6.82739
           1053      DRIFT_261        868.699        10.2478       0.535952        48.8096       -2.31178       0.427431       -6.61822     -0.0343163       0.880274       0.885923     -0.0425962     -0.0567943    -0.00147785        6.11851        6.82979
           1054            QD9        869.809        10.2442      -0.532577        48.8119        2.30981      -0.163675       -6.11204      0.0316634       0.271174       0.884589      0.0401717     -0.0554593     0.00386214        6.13609        6.83335
           1055      DRIFT_263        869.941        10.3859      -0.548998        48.2087         2.2928      -0.159526       -6.05559      0.0316634       0.267025       0.889854      0.0401717     -0.0549532     0.00386214        6.13811        6.83378
           1056           SDPO        870.691        11.2799      -0.642976        44.8425        2.19546      -0.135778       -5.75349      0.0316634       0.243277       0.919982      0.0401717     -0.0520566     0.00386214        6.14915        6.83635
           1057      DRIFT_264        871.319        12.1382      -0.721787        42.1322        2.11383      -0.115863       -5.52761      0.0316634       0.223362       0.945249      0.0401717     -0.0496275     0.00386214        6.15771        6.83865
           1058      DRIFT_264        871.948        13.0958      -0.800597        39.5245        2.03219     -0.0959483       -5.32678      0.0316634       0.203447       0.970515      0.0401717     -0.0471984     0.00386214        6.16565         6.8411
           1059    YO8_DH15_E1        871.948        13.0958      -0.800597        39.5245        2.03219     -0.0959483       -5.32678      0.0316634       0.203447       0.970515      0.0401717     -0.0471984     0.00386214        6.16565         6.8411
           1060              D        881.389        39.3673       -1.98178         12.703       0.807886       0.202493        -5.3191      0.0316667     -0.0952875        1.53306      0.0789998      -0.010719     0.00386534        6.23389        6.91031
           1061    YO8_DH15_E2        881.389        39.3673       -1.98178         12.703       0.807886       0.202493        -5.3191      0.0316667     -0.0952875        1.53306      0.0789998      -0.010719     0.00386534        6.23389        6.91031
           1062      DRIFT_266        882.102        42.2569       -2.07102        11.6171       0.715126       0.225071       -5.54751      0.0316667      -0.117865        1.58939      0.0789998    -0.00796304     0.00386534        6.23668        6.91965
           1063      DRIFT_266        882.815        45.2737       -2.16026        10.6635       0.622365       0.247649       -5.80812      0.0316667      -0.140443        1.64572      0.0789998    -0.00520711     0.00386534        6.23927        6.92985
           1064      DRIFT_266        883.528        48.4178        -2.2495        9.84216       0.529604       0.270227       -6.10092      0.0316667      -0.163021        1.70204      0.0789998    -0.00245118     0.00386534        6.24169        6.94094
           1065            QF9        884.638        48.4517        2.21998        9.78983      -0.480869       0.864449       -6.60603      -0.031178        0.41079        1.70212     -0.0788574     0.00178654     0.00383504        6.24528        6.95929
           1066      DRIFT_268        884.769         47.872        2.20394        9.91803      -0.497351       0.860363       -6.66495      -0.031178       0.414876        1.69179     -0.0788574     0.00228913     0.00383504        6.24571         6.9614
           1067           SFPO        885.519        44.6349        2.11218        10.7348      -0.591676       0.836979       -6.98152      -0.031178       0.438259        1.63264     -0.0788574      0.0051654     0.00383504         6.2483        6.97298
           1068      DRIFT_269        886.148        42.0264        2.03522        11.5288      -0.670777        0.81737       -7.21997      -0.031178       0.457869        1.58305     -0.0788574     0.00757746     0.00383504        6.25061        6.98198
           1069      DRIFT_269        886.777        39.5147        1.95827        12.4223      -0.749879        0.79776       -7.43374      -0.031178       0.477478        1.53345     -0.0788574     0.00998952     0.00383504        6.25306        6.99035
           1070    YO8_DH16_E1        886.777        39.5147        1.95827        12.4223      -0.749879        0.79776       -7.43374      -0.031178       0.477478        1.53345     -0.0788574     0.00998952     0.00383504        6.25306        6.99035
           1071              D        896.218        13.4439        0.80322         37.753       -1.93197       0.502583       -7.67499     -0.0310862       0.771474       0.972415     -0.0399968      0.0461788     0.00383072        6.32023        7.06213
           1072    YO8_DH16_E2        896.218        13.4439        0.80322         37.753       -1.93197       0.502583       -7.67499     -0.0310862       0.771474       0.972415     -0.0399968      0.0461788     0.00383072        6.32023        7.06213
           1073      DRIFT_271        896.931        12.3607        0.71597        40.5717       -2.02135       0.480419       -7.46747     -0.0310862       0.793638       0.943898     -0.0399968      0.0489101     0.00383072        6.32904        7.06503
           1074      DRIFT_271        897.644         11.402        0.62872        43.5178       -2.11072       0.458255       -7.22835     -0.0310862       0.815802       0.915381     -0.0399968      0.0516413     0.00383072         6.3386        7.06773
           1075      DRIFT_271        898.357        10.5677       0.541471        46.5913        -2.2001       0.436091       -6.95762     -0.0310862       0.837966       0.886864     -0.0399968      0.0543725     0.00383072        6.34894        7.07025
           1076            QD9        899.467        10.5821      -0.554902        46.5786        2.21115      -0.189456       -6.51006      0.0285288       0.193081       0.888541      0.0430457       0.055728     -0.0014098        6.36598        7.07397
           1077      DRIFT_273        899.598        10.7296      -0.571099        46.0012        2.19458      -0.185718       -6.46042      0.0285288       0.189342       0.894183      0.0430457      0.0555433     -0.0014098        6.36793        7.07442
           1078           SDMO        900.348        11.6558      -0.663797        42.7805        2.09975      -0.164321       -6.19517      0.0285288       0.167946       0.926467      0.0430457      0.0544859     -0.0014098        6.37862        7.07711
           1079      DRIFT_274        900.977        12.5397      -0.741534        40.1892        2.02023      -0.146378       -5.99748      0.0285288       0.150002       0.953541      0.0430457      0.0535992     -0.0014098         6.3869        7.07953
           1080      DRIFT_274        901.606        13.5214      -0.819271         37.698        1.94071      -0.128435       -5.82235      0.0285288       0.132059       0.980614      0.0430457      0.0527125     -0.0014098        6.39459         7.0821
           1081    YO8_DH17_E1        901.606        13.5214      -0.819271         37.698        1.94071      -0.128435       -5.82235      0.0285288       0.132059       0.980614      0.0430457      0.0527125     -0.0014098        6.39459         7.0821
           1082              D        911.046        39.9996       -1.98521        12.3017       0.748236        0.14019       -5.90198      0.0285283      -0.137168        1.57044      0.0819069      0.0393722    -0.00141604        6.46111        7.15431
           1083    YO8_DH17_E2        911.046        39.9996       -1.98521        12.3017       0.748236        0.14019       -5.90198      0.0285283      -0.137168        1.57044      0.0819069      0.0393722    -0.00141604        6.46111        7.15431
           1084      DRIFT_276        911.759        42.8933       -2.07329        11.2992        0.65783        0.16053       -6.11423      0.0285283      -0.157509        1.62884      0.0819069      0.0383626    -0.00141604        6.46385        7.16394
           1085      DRIFT_276        912.472        45.9125       -2.16136        10.4257       0.567424       0.180871       -6.35549      0.0285283      -0.177849        1.68724      0.0819069       0.037353    -0.00141604        6.46641         7.1744
           1086      DRIFT_276        913.185        49.0573       -2.24944        9.68099       0.477018       0.201211       -6.62576      0.0285283      -0.198189        1.74564      0.0819069      0.0363434    -0.00141604         6.4688        7.18571
           1087            QF9        914.295        49.0199        2.28196         9.7335      -0.525925       0.842865       -7.09244      -0.029207       0.422716        1.74657     -0.0802342      0.0366176     0.00191428        6.47234        7.20426
           1088      DRIFT_278        914.426         48.424        2.26537        9.87359      -0.543112       0.839038         -7.147      -0.029207       0.426543        1.73606     -0.0802342      0.0368685     0.00191428        6.47277        7.20639
           1089           SFMO        915.176        45.0972         2.1704         10.762      -0.641479       0.817132       -7.43994      -0.029207       0.448449        1.67588     -0.0802342      0.0383042     0.00191428        6.47533        7.21798
           1090      DRIFT_279        915.805        42.4171        2.09075        11.6208      -0.723969       0.798763       -7.66027      -0.029207       0.466819        1.62542     -0.0802342      0.0395082     0.00191428        6.47762        7.22693
           1091      DRIFT_279        916.434        39.8372        2.01111        12.5834      -0.806459       0.780393       -7.85749      -0.029207       0.485188        1.57496     -0.0802342      0.0407121     0.00191428        6.48005        7.23521
           1092    YO8_DH18_E1        916.434        39.8372        2.01111        12.5834      -0.806459       0.780393       -7.85749      -0.029207       0.485188        1.57496     -0.0802342      0.0407121     0.00191428        6.48005        7.23521
           1093              D        925.875        13.1453       0.815948        39.4676        -2.0401       0.503831       -8.03643      -0.029148       0.760947         1.0008     -0.0413977       0.058756     0.00190792        6.54773        7.30482
           1094    YO8_DH18_E2        925.875        13.1453       0.815948        39.4676        -2.0401       0.503831       -8.03643      -0.029148       0.760947         1.0008     -0.0413977       0.058756     0.00190792        6.54773        7.30482
           1095      DRIFT_281        926.588        12.0462       0.725598        42.4432       -2.13335       0.483049       -7.83829      -0.029148       0.781729       0.971284     -0.0413977      0.0601163     0.00190792        6.55675        7.30759
           1096      DRIFT_281        927.301        11.0759       0.635249        45.5518        -2.2266       0.462267       -7.61052      -0.029148       0.802511       0.941768     -0.0413977      0.0614766     0.00190792        6.56658        7.31017
           1097      DRIFT_281        928.014        10.2345       0.544899        48.7933       -2.31985       0.441485       -7.35311      -0.029148       0.823294       0.912252     -0.0413977      0.0628369     0.00190792        6.57725        7.31258
           1098            QD9        929.124          10.21      -0.522121        48.8125        2.30314      -0.222079       -6.92912      0.0260019       0.139709       0.913684      0.0440001       0.061656    -0.00401707        6.59487        7.31614
           1099      DRIFT_283        929.255         10.349      -0.538456        48.2111        2.28622      -0.218671       -6.88215      0.0260019       0.136301        0.91945      0.0440001      0.0611296    -0.00401707         6.5969        7.31657
           1100           SDPO        930.005        11.2268      -0.631938        44.8544        2.18935       -0.19917       -6.63055      0.0260019         0.1168        0.95245      0.0440001      0.0581168    -0.00401707        6.60798        7.31914
           1101      DRIFT_284        930.634         12.071      -0.710333        42.1515        2.10812      -0.182816        -6.4421      0.0260019       0.100446       0.980124      0.0440001      0.0555903    -0.00401707        6.61658        7.32144
           1102      DRIFT_284        931.263        13.0139      -0.788727        39.5508        2.02688      -0.166462       -6.27423      0.0260019      0.0840918         1.0078      0.0440001      0.0530637    -0.00401707        6.62457        7.32389
           1103    YO8_DH19_E1        931.263        13.0139      -0.788727        39.5508        2.02688      -0.166462       -6.27423      0.0260019      0.0840918         1.0078      0.0440001      0.0530637    -0.00401707        6.62457        7.32389
           1104              D        940.703        38.9853       -1.96126        12.7848       0.807932      0.0788159       -6.22224      0.0260055      -0.160737        1.60606       0.082729       0.015132    -0.00401849        6.69339        7.39284
           1105    YO8_DH19_E2        940.703        38.9853       -1.96126        12.7848       0.807932      0.0788159       -6.22224      0.0260055      -0.160737        1.60606       0.082729       0.015132    -0.00401849        6.69339        7.39284
           1106      DRIFT_286        941.416        41.8452        -2.0499        11.6984       0.715761      0.0973574       -6.40626      0.0260055      -0.179278        1.66504       0.082729      0.0122669    -0.00401849         6.6962        7.40212
           1107      DRIFT_286        942.129        44.8315       -2.13854        10.7435        0.62359       0.115899       -6.61672      0.0260055       -0.19782        1.72403       0.082729     0.00940174    -0.00401849        6.69882        7.41225
           1108      DRIFT_286        942.842        47.9441       -2.22717        9.91998       0.531418        0.13444       -6.85361      0.0260055      -0.216361        1.78301       0.082729     0.00653662    -0.00401849        6.70127        7.42325
           1109            QF9        943.952        47.9755        2.19988        9.87092      -0.485729       0.794931       -7.26609      -0.025596       0.421579        1.78303     -0.0827032     0.00233637    -0.00361381        6.70489        7.44145
           1110      DRIFT_288        944.083         47.401        2.18393        10.0004      -0.502138       0.791577       -7.31458      -0.025596       0.424934        1.77219     -0.0827032     0.00186278    -0.00361381        6.70533        7.44355
           1111           SFPO        944.833        44.1936        2.09264         10.824      -0.596045        0.77238       -7.57516      -0.025596       0.444131        1.71016     -0.0827032   -0.000847578    -0.00361381        6.70794        7.45503
           1112      DRIFT_289        945.462        41.6094        2.01609        11.6233      -0.674796       0.756281       -7.77149      -0.025596       0.460229        1.65814     -0.0827032    -0.00312049    -0.00361381        6.71027        7.46396
           1113      DRIFT_289        946.091        39.1215        1.93953        12.5217      -0.753546       0.740182       -7.94757      -0.025596       0.476328        1.60613     -0.0827032    -0.00539341    -0.00361381        6.71275        7.47226
           1114    YO8_DH20_E1        946.091        39.1215        1.93953        12.5217      -0.753546       0.740182       -7.94757      -0.025596       0.476328        1.60613     -0.0827032    -0.00539341    -0.00361381        6.71275        7.47226
           1115              D        955.532        13.3492       0.790412        37.8696       -1.93005       0.497603       -8.15355     -0.0254975       0.717517        1.00893     -0.0438133     -0.0394973    -0.00361016        6.78053        7.54361
           1116    YO8_DH20_E2        955.532        13.3492       0.790412        37.8696       -1.93005       0.497603       -8.15355     -0.0254975       0.717517        1.00893     -0.0438133     -0.0394973    -0.00361016        6.78053        7.54361
           1117      DRIFT_291        956.245         12.284       0.703633        40.6852       -2.01901       0.479424       -7.98379     -0.0254975       0.735696        0.97769     -0.0438133     -0.0420713    -0.00361016         6.7894         7.5465
           1118      DRIFT_291        956.958        11.3425       0.616855        43.6277       -2.10797       0.461245       -7.78811     -0.0254975       0.753875       0.946452     -0.0438133     -0.0446453    -0.00361016        6.79902         7.5492
           1119      DRIFT_291        957.671        10.5247       0.530076         46.697       -2.19693       0.443065       -7.56651     -0.0254975       0.772054       0.915214     -0.0438133     -0.0472193    -0.00361016        6.80941        7.55171
           1120            QD9        958.781         10.561      -0.563915        46.6651         2.2247      -0.243036       -7.20331      0.0228818      0.0645227       0.914091      0.0417729     -0.0487048    0.000956822        6.82649        7.55543
           1121      DRIFT_293        958.912         10.711       -0.58027        46.0842        2.20799      -0.240038        -7.1634      0.0228818       0.061524       0.919565      0.0417729     -0.0485795    0.000956822        6.82845        7.55588
           1122           SDMO        959.662        11.6516      -0.673869        42.8439        2.11237      -0.222876        -6.9501      0.0228818      0.0443626       0.950895      0.0417729     -0.0478618    0.000956822        6.83915        7.55857
           1123      DRIFT_294        960.291        12.5486      -0.752361        40.2372        2.03219      -0.208485       -6.79107      0.0228818      0.0299711       0.977168      0.0417729       -0.04726    0.000956822        6.84743        7.56098
           1124      DRIFT_294         960.92        13.5444      -0.830854        37.7313          1.952      -0.194093       -6.65014      0.0228818      0.0155795        1.00344      0.0417729     -0.0466582    0.000956822        6.85511        7.56355
           1125    YO9_DH20_E1         960.92        13.5444      -0.830854        37.7313          1.952      -0.194093       -6.65014      0.0228818      0.0155795        1.00344      0.0417729     -0.0466582    0.000956822        6.85511        7.56355
           1126              D         970.36        40.3259         -2.005        12.2295       0.748847      0.0216607       -6.70568      0.0228867      -0.199792        1.58071      0.0805111     -0.0376149    0.000958924        6.92128        7.63596
           1127    YO9_DH20_E2         970.36        40.3259         -2.005        12.2295       0.748847      0.0216607       -6.70568      0.0228867      -0.199792        1.58071      0.0805111     -0.0376149    0.000958924        6.92128        7.63596
           1128      DRIFT_296        971.073        43.2483       -2.09375        11.2265       0.657853      0.0379786       -6.87521      0.0228867       -0.21611        1.63812      0.0805111     -0.0369312    0.000958924          6.924        7.64565
           1129      DRIFT_296        971.786        46.2972       -2.18251        10.3533        0.56686      0.0542965         -7.068      0.0228867      -0.232428        1.69552      0.0805111     -0.0362475    0.000958924        6.92653        7.65618
           1130      DRIFT_296        972.499        49.4727       -2.27127         9.6099       0.475866      0.0706144       -7.28407      0.0228867      -0.248745        1.75292      0.0805111     -0.0355639    0.000958924         6.9289        7.66757
           1131            QF9        973.609        49.4443        2.29598        9.65797      -0.520639       0.769243        -7.6607     -0.0234162        0.42708        1.75203     -0.0821033     -0.0363126    -0.00231955        6.93242        7.68626
           1132      DRIFT_298         973.74        48.8447        2.27936        9.79669      -0.537887       0.766175       -7.70514     -0.0234162       0.430148        1.74127     -0.0821033     -0.0366166    -0.00231955        6.93284        7.68841
           1133           SFMO         974.49         45.497        2.18423        10.6776      -0.636592       0.748613       -7.94399     -0.0234162       0.447711        1.67969     -0.0821033     -0.0383563    -0.00231955        6.93537        7.70009
           1134      DRIFT_299        975.119        42.7996        2.10445        11.5304      -0.719368       0.733885       -8.12398     -0.0234162       0.462438        1.62805     -0.0821033     -0.0398152    -0.00231955        6.93764        7.70912
           1135      DRIFT_299        975.748        40.2026        2.02467        12.4873      -0.802143       0.719157       -8.28544     -0.0234162       0.477166        1.57641     -0.0821033     -0.0412741    -0.00231955        6.94005        7.71746
           1136    YO9_DH19_E1        975.748        40.2026        2.02467        12.4873      -0.802143       0.719157       -8.28544     -0.0234162       0.477166        1.57641     -0.0821033     -0.0412741    -0.00231955        6.94005        7.71746
           1137              D        985.189        13.2602       0.828236        39.3492       -2.04272       0.497441       -8.47515     -0.0234501       0.699353       0.984193     -0.0433481     -0.0631599    -0.00231678        7.00708        7.78748
           1138    YO9_DH19_E2        985.189        13.2602       0.828236        39.3492       -2.04272       0.497441       -8.47515     -0.0234501       0.699353       0.984193     -0.0433481     -0.0631599    -0.00231678        7.00708        7.78748
           1139      DRIFT_301        985.902        12.1438       0.737583        42.3289       -2.13645       0.480721       -8.31927     -0.0234501       0.716073       0.953286     -0.0433481     -0.0648118    -0.00231678        7.01603        7.79026
           1140      DRIFT_301        986.615        11.1566        0.64693        45.4423       -2.23018       0.464002       -8.13955     -0.0234501       0.732792        0.92238     -0.0433481     -0.0664636    -0.00231678        7.02579        7.79284
           1141      DRIFT_301        987.328        10.2988       0.556277        48.6893        -2.3239       0.447282       -7.93599     -0.0234501       0.749512       0.891473     -0.0433481     -0.0681154    -0.00231678        7.03638        7.79526
           1142            QD9        988.438        10.2546      -0.515064        48.7293        2.28911      -0.274655       -7.60361      0.0198322     0.00601737       0.889594      0.0399332     -0.0671072     0.00411745        7.05391        7.79882
           1143      DRIFT_303        988.569        10.3917      -0.531234        48.1315        2.27233      -0.272056       -7.56717      0.0198322     0.00341836       0.894828      0.0399332     -0.0665676     0.00411745        7.05593        7.79925
           1144           SDPO        989.319        11.2579      -0.623775        44.7951        2.17628      -0.257182       -7.37172      0.0198322     -0.0114558       0.924777      0.0399332     -0.0634796     0.00411745        7.06697        7.80182
           1145      DRIFT_304        989.948        12.0914      -0.701381        42.1082        2.09574      -0.244709       -7.22501      0.0198322     -0.0239293       0.949894      0.0399332     -0.0608899     0.00411745        7.07556        7.80413
           1146      DRIFT_304        990.577        13.0225      -0.778986        39.5226         2.0152      -0.232235         -7.094      0.0198322     -0.0364028        0.97501      0.0399332     -0.0583002     0.00411745        7.08354        7.80658
           1147    YO9_DH18_E1        990.577        13.0225      -0.778986        39.5226         2.0152      -0.232235         -7.094      0.0198322     -0.0364028        0.97501      0.0399332     -0.0583002     0.00411745        7.08354        7.80658
           1148              D        1000.02        38.7121       -1.94165        12.8694       0.807167     -0.0456591       -7.00776      0.0198283      -0.223212        1.53524      0.0787446     -0.0194079     0.00412123         7.1526        7.87531
           1149    YO9_DH18_E2        1000.02        38.7121       -1.94165        12.8694       0.807167     -0.0456591       -7.00776      0.0198283      -0.223212        1.53524      0.0787446     -0.0194079     0.00412123         7.1526        7.87531
           1150      DRIFT_306        1000.81        41.8848       -2.03983        11.6645       0.704908     -0.0298588       -7.16183      0.0198283      -0.239013        1.59798      0.0787446     -0.0161239     0.00412123        7.15575        7.88567
           1151      DRIFT_306        1001.61        45.2139       -2.13802        10.6225       0.602648     -0.0140586       -7.34109      0.0198283      -0.254813        1.66073      0.0787446     -0.0128399     0.00412123        7.15866        7.89707
           1152          QGTJO        1001.61        45.2139       -2.14706        10.6225       0.604772     -0.0155268       -7.34109      0.0197742      -0.256281        1.66073      0.0790767     -0.0128399      0.0041238        7.15866        7.89707
           1153      DRIFT_307        1002.16        47.5922       -2.21471        10.0013       0.534669    -0.00474491       -7.47824      0.0197742      -0.267063        1.70385      0.0790767     -0.0105914      0.0041238        7.16053        7.90549
           1154            QF9        1003.27        47.6314        2.18057        9.95233      -0.489097       0.709602       -7.79094     -0.0193786       0.422943        1.70387     -0.0790355    -0.00648112     0.00334504        7.16418        7.92354
           1155      DRIFT_308         1003.4         47.062        2.16473        10.0827      -0.505415       0.707062       -7.82818     -0.0193786       0.425482        1.69351     -0.0790355    -0.00604275     0.00334504        7.16462        7.92563
           1156           SFPO        1004.15        43.8828        2.07412        10.9108      -0.598801       0.692528       -8.02846     -0.0193786       0.440016        1.63424     -0.0790355    -0.00353397     0.00334504        7.16725        7.93702
           1157      DRIFT_309        1004.78        41.3216        1.99813        11.7133      -0.677115        0.68034       -8.17961     -0.0193786       0.452205        1.58453     -0.0790355     -0.0014301     0.00334504         7.1696        7.94587
           1158      DRIFT_309        1005.41        38.8559        1.92214        12.6143      -0.755429       0.668152       -8.31543     -0.0193786       0.464393        1.53482     -0.0790355    0.000673766     0.00334504         7.1721        7.95411
           1159    YO9_DH17_E1        1005.41        38.8559        1.92214        12.6143      -0.755429       0.668152       -8.31543     -0.0193786       0.464393        1.53482     -0.0790355    0.000673766     0.00334504         7.1721        7.95411
           1160              D        1014.85         13.314       0.782507        37.9614       -1.92898       0.484555       -8.50434      -0.019406       0.648386       0.971459      -0.040302      0.0322501     0.00334409        7.24021         8.0251
           1161    YO9_DH17_E2        1014.85         13.314       0.782507        37.9614       -1.92898       0.484555       -8.50434      -0.019406       0.648386       0.971459      -0.040302      0.0322501     0.00334409        7.24021         8.0251
           1162      DRIFT_311        1015.56        12.2598       0.696166        40.7753       -2.01764       0.470719       -8.37767      -0.019406       0.662222       0.942725      -0.040302      0.0346344     0.00334409        7.24909        8.02798
           1163      DRIFT_311        1016.27        11.3286       0.609824        43.7156       -2.10631       0.456883       -8.23126      -0.019406       0.676058        0.91399      -0.040302      0.0370187     0.00334409        7.25873        8.03067
           1164      DRIFT_311        1016.99        10.5206       0.523482        46.7824       -2.19498       0.443047       -8.06513      -0.019406       0.689895       0.885255      -0.040302      0.0394029     0.00334409        7.26913        8.03318
           1165            QD9         1018.1         10.571      -0.570495        46.7387        2.23295      -0.293613       -7.79648      0.0165061     -0.0696638       0.886502      0.0425678      0.0410048   -0.000483028        7.28621        8.03689
           1166      DRIFT_313        1018.23        10.7227      -0.586926        46.1556        2.21616       -0.29145       -7.76742      0.0165061     -0.0718269        0.89208      0.0425678      0.0409415   -0.000483028        7.28817        8.03734
           1167           SDMO        1018.98        11.6736      -0.680966        42.9034        2.12011      -0.279071       -7.61198      0.0165061     -0.0842065       0.924006      0.0425678      0.0405793   -0.000483028        7.29884        8.04003
           1168      DRIFT_314        1019.61        12.5798      -0.759829        40.2872        2.03956      -0.268689       -7.49595      0.0165061     -0.0945881       0.950779      0.0425678      0.0402755   -0.000483028        7.30711        8.04243
           1169      DRIFT_314        1020.23        13.5852      -0.838691        37.7723          1.959      -0.258308       -7.39298      0.0165061       -0.10497       0.977553      0.0425678      0.0399717   -0.000483028        7.31477          8.045
           1170    YO9_DH16_E1        1020.23        13.5852      -0.838691        37.7723          1.959      -0.258308       -7.39298      0.0165061       -0.10497       0.977553      0.0425678      0.0399717   -0.000483028        7.31477          8.045
           1171              D        1029.67        40.6043       -2.02359         12.168       0.751494      -0.104025       -7.41006      0.0164653      -0.260852        1.56307      0.0814772      0.0353768   -0.000490252        7.38061        8.11755
           1172    YO9_DH16_E2        1029.67        40.6043       -2.02359         12.168       0.751494      -0.104025       -7.41006      0.0164653      -0.260852        1.56307      0.0814772      0.0353768   -0.000490252        7.38061        8.11755
           1173      DRIFT_316        1030.47         43.909       -2.12358         11.052       0.649022     -0.0909042       -7.54548      0.0164653      -0.273972          1.628      0.0814772      0.0349861   -0.000490252        7.38361         8.1285
           1174      DRIFT_316        1031.27         47.373       -2.22356        10.0993       0.546551     -0.0777838       -7.70182      0.0164653      -0.287093        1.69292      0.0814772      0.0345955   -0.000490252        7.38639        8.14051
           1175          QGTJO        1031.27         47.373       -2.23304        10.0993       0.548571     -0.0793242       -7.70182       0.016392      -0.288633        1.69292      0.0818158      0.0345955   -0.000497171        7.38639        8.14051
           1176      DRIFT_317        1031.81        49.8457       -2.30194        9.53936       0.478335     -0.0703864       -7.82081       0.016392      -0.297571        1.73753      0.0818158      0.0343244   -0.000497171        7.38818        8.14936
           1177            QF9        1032.92         49.845         2.3026        9.57589      -0.512359       0.673888        -8.0934     -0.0167218       0.422148        1.73882     -0.0795144      0.0355311     0.00268995        7.39166         8.1682
           1178      DRIFT_318        1033.05        49.2436        2.28603        9.71245      -0.529637       0.671696        -8.1261     -0.0167218       0.424339         1.7284     -0.0795144      0.0358836     0.00268995        7.39208        8.17036
           1179           SFMO         1033.8        45.8857        2.19121        10.5811      -0.628519       0.659155       -8.30222     -0.0167218        0.43688        1.66876     -0.0795144      0.0379011     0.00268995        7.39459        8.18215
           1180      DRIFT_319        1034.43        43.1794        2.11169        11.4238      -0.711442       0.648638        -8.4354     -0.0167218       0.447398        1.61875     -0.0795144      0.0395929     0.00268995        7.39684        8.19126
           1181      DRIFT_319        1035.06        40.5731        2.03217        12.3709      -0.794365        0.63812       -8.55536     -0.0167218       0.457915        1.56874     -0.0795144      0.0412848     0.00268995        7.39923        8.19968
           1182    YO9_DH15_E1        1035.06        40.5731        2.03217        12.3709      -0.794365        0.63812       -8.55536     -0.0167218       0.457915        1.56874     -0.0795144      0.0412848     0.00268995        7.39923        8.19968
           1183              D         1044.5        13.4752       0.838366        39.0751       -2.03266       0.479134       -8.76262     -0.0166123       0.615092        1.00178     -0.0405994       0.066637     0.00268014        7.46538         8.2703
           1184    YO9_DH15_E2         1044.5        13.4752       0.838366        39.0751       -2.03266       0.479134       -8.76262     -0.0166123       0.615092        1.00178     -0.0405994       0.066637     0.00268014        7.46538         8.2703
           1185      DRIFT_321        1045.22         12.344       0.748266        42.0404       -2.12629        0.46729       -8.65724     -0.0166123       0.626936       0.972829     -0.0405994      0.0685479     0.00268014        7.47419         8.2731
           1186      DRIFT_321        1045.93        11.3412       0.658166        45.1392       -2.21993       0.455445       -8.53497     -0.0166123        0.63878       0.943882     -0.0405994      0.0704588     0.00268014        7.48378         8.2757
           1187      DRIFT_321        1046.64        10.4669       0.568067        48.3715       -2.31356       0.443601       -8.39581     -0.0166123       0.650625       0.914935     -0.0405994      0.0723697     0.00268014        7.49421        8.27813
           1188            QD9        1047.75        10.4122      -0.517032        48.4209        2.27063      -0.326425       -8.17269      0.0125697      -0.142192       0.917412      0.0451003      0.0715361    -0.00416892        7.51146        8.28172
           1189      DRIFT_323        1047.88        10.5498      -0.532983        47.8279        2.25397      -0.324777       -8.14876      0.0125697       -0.14384       0.923322      0.0451003      0.0709898    -0.00416892        7.51345        8.28215
           1190           SDPO        1048.63        11.4177       -0.62427        44.5185        2.15862       -0.31535       -8.02012      0.0125697      -0.153267       0.957147      0.0451003      0.0678631    -0.00416892        7.52433        8.28474
           1191      DRIFT_324        1049.26        12.2511      -0.700823        41.8534        2.07866      -0.307444       -7.92315      0.0125697      -0.161173       0.985513      0.0451003      0.0652411    -0.00416892         7.5328        8.28706
           1192      DRIFT_324        1049.89        13.1808      -0.777376         39.289         1.9987      -0.299538       -7.83613      0.0125697      -0.169079        1.01388      0.0451003       0.062619    -0.00416892        7.54068        8.28953
           1193    YO9_DH14_E1        1049.89        13.1808      -0.777376         39.289         1.9987      -0.299538       -7.83613      0.0125697      -0.169079        1.01388      0.0451003       0.062619    -0.00416892        7.54068        8.28953
           1194              D        1059.33        38.7277       -1.92939        12.8403       0.800719      -0.183063       -7.71694      0.0124939      -0.288037        1.62353      0.0840628      0.0232047    -0.00417938         7.6093        8.35854
           1195    YO9_DH14_E2        1059.33        38.7277       -1.92939        12.8403       0.800719      -0.183063       -7.71694      0.0124939      -0.288037        1.62353      0.0840628      0.0232047    -0.00417938         7.6093        8.35854
           1196      DRIFT_326        1060.13          41.88       -2.02655        11.6454       0.698872      -0.173108       -7.80852      0.0124939      -0.297993        1.69052      0.0840628      0.0198744    -0.00417938        7.61245        8.36892
           1197      DRIFT_326        1060.93        45.1872       -2.12372        10.6127       0.597024      -0.163152       -7.91597      0.0124939      -0.307948         1.7575      0.0840628       0.016544    -0.00417938        7.61536        8.38034
           1198          QGTJO        1060.93        45.1872       -2.13276        10.6127       0.599146      -0.164735       -7.91597      0.0123994      -0.309532         1.7575      0.0844143       0.016544    -0.00418268        7.61536        8.38034
           1199      DRIFT_327        1061.47        47.5495       -2.19971        9.99741       0.529326      -0.157974        -7.9986      0.0123994      -0.316292        1.80353      0.0844143      0.0142634    -0.00418268        7.61724        8.38876
           1200            QF9        1062.58        47.5638        2.18726        9.95938      -0.493904       0.598923       -8.19358     -0.0121325       0.414998         1.8044     -0.0828671      0.0102753    -0.00306414        7.62089        8.40681
           1201      DRIFT_328        1062.71        46.9926        2.17133         10.091      -0.510272       0.597333       -8.21747     -0.0121325       0.416588        1.79354     -0.0828671     0.00987375    -0.00306414        7.62133        8.40889
           1202           SFPO        1063.46         43.804        2.08012        10.9266      -0.603948       0.588234        -8.3462     -0.0121325       0.425688        1.73139     -0.0828671     0.00757565    -0.00306414        7.62396        8.42027
           1203      DRIFT_329        1064.09        41.2355        2.00363        11.7358      -0.682505       0.580603       -8.44364     -0.0121325       0.433318        1.67927     -0.0828671     0.00564845    -0.00306414        7.62632        8.42911
           1204      DRIFT_329        1064.72        38.7632        1.92715        12.6437      -0.761062       0.572972       -8.53147     -0.0121325       0.440949        1.62715     -0.0828671     0.00372126    -0.00306414        7.62882        8.43733
           1205    YO9_DH13_E1        1064.72        38.7632        1.92715        12.6437      -0.761062       0.572972       -8.53147     -0.0121325       0.440949        1.62715     -0.0828671     0.00372126    -0.00306414        7.62882        8.43733
           1206              D        1074.16         13.192       0.780358        38.1386       -1.93924       0.457916       -8.68817     -0.0121864       0.556917        1.02756     -0.0441417     -0.0252054    -0.00306383        7.69735        8.50806
           1207    YO9_DH13_E2        1074.16         13.192       0.780358        38.1386       -1.93924       0.457916       -8.68817     -0.0121864       0.556917        1.02756     -0.0441417     -0.0252054    -0.00306383        7.69735        8.50806
           1208      DRIFT_331        1074.87        12.1412       0.693399        40.9673       -2.02824       0.449227       -8.61139     -0.0121864       0.565606       0.996088     -0.0441417     -0.0273899    -0.00306383        7.70632        8.51093
           1209      DRIFT_331        1075.59        11.2144        0.60644         43.923       -2.11724       0.440539       -8.52222     -0.0121864       0.574294       0.964616     -0.0441417     -0.0295743    -0.00306383        7.71605         8.5136
           1210      DRIFT_331         1076.3        10.4117       0.519481        47.0056       -2.20623        0.43185       -8.42066     -0.0121864       0.582983       0.933143     -0.0441417     -0.0317588    -0.00306383        7.72656         8.5161
           1211            QD9        1077.41        10.4608      -0.565241        46.9638        2.24251      -0.342851       -8.26188     0.00909874      -0.215752       0.932576      0.0431109     -0.0334521    3.95337e-05        7.74382         8.5198
           1212      DRIFT_333        1077.54        10.6111      -0.581771        46.3783        2.22569      -0.341659       -8.24538     0.00909874      -0.216945       0.938226      0.0431109     -0.0334469    3.95337e-05         7.7458        8.52024
           1213           SDMO        1078.29        11.5547      -0.676375        43.1119        2.12941      -0.334835       -8.15696     0.00909874      -0.223769       0.970559      0.0431109     -0.0334173    3.95337e-05        7.75659        8.52291
           1214      DRIFT_334        1078.92        12.4554      -0.755709        40.4841        2.04867      -0.329112        -8.0907     0.00909874      -0.229491       0.997674      0.0431109     -0.0333924    3.95337e-05        7.76493        8.52531
           1215      DRIFT_334        1079.55        13.4559      -0.835044        37.9579        1.96793       -0.32339       -8.03165     0.00909874      -0.235214        1.02479      0.0431109     -0.0333675    3.95337e-05        7.77267        8.52786
           1216    YO9_DH12_E1        1079.55        13.4559      -0.835044        37.9579        1.96793       -0.32339       -8.03165     0.00909874      -0.235214        1.02479      0.0431109     -0.0333675    3.95337e-05        7.77267        8.52786
           1217              D        1088.99        40.4681       -2.02633        12.2144       0.757461      -0.239086       -8.00275     0.00904713      -0.320979        1.61537      0.0820053     -0.0329672    4.52643e-05        7.83896        8.60008
           1218    YO9_DH12_E2        1088.99        40.4681       -2.02633        12.2144       0.757461      -0.239086       -8.00275     0.00904713      -0.320979        1.61537      0.0820053     -0.0329672    4.52643e-05        7.83896        8.60008
           1219      DRIFT_336        1089.79        43.7776       -2.12687         11.089       0.654792      -0.231877       -8.07375     0.00904713      -0.328188        1.68072      0.0820053     -0.0329311    4.52643e-05        7.84197        8.61098
           1220      DRIFT_336        1090.58        47.2473       -2.22742        10.1273       0.552123      -0.224668       -8.15624     0.00904713      -0.335397        1.74606      0.0820053     -0.0328951    4.52643e-05        7.84476        8.62296
           1221          QGTJO        1090.58        47.2473       -2.23686        10.1273       0.554148      -0.226299       -8.15624     0.00893479      -0.337029        1.74606      0.0823545     -0.0328951    5.18433e-05        7.84476        8.62296
           1222      DRIFT_337        1091.13        49.7244       -2.30615        9.56139       0.483775      -0.221427       -8.21928     0.00893479        -0.3419        1.79097      0.0823545     -0.0328668    5.18433e-05        7.84655        8.63179
           1223            QF9        1092.24        49.7428        2.29016        9.58811      -0.508663       0.554837       -8.37095    -0.00927469       0.408736        1.79009     -0.0839142      -0.034502    -0.00302326        7.85004         8.6506
           1224      DRIFT_338        1092.37        49.1447        2.27371        9.72368      -0.525867       0.553621       -8.38994    -0.00927469       0.409951         1.7791     -0.0839142     -0.0348982    -0.00302326        7.85047        8.65276
           1225           SFMO        1093.12        45.8047        2.17955        10.5863      -0.624328       0.546665       -8.49248    -0.00927469       0.416907        1.71616     -0.0839142     -0.0371657    -0.00302326        7.85298        8.66453
           1226      DRIFT_339        1093.75        43.1127        2.10059        11.4236      -0.706898       0.540832       -8.57042    -0.00927469       0.422741        1.66338     -0.0839142     -0.0390672    -0.00302326        7.85523        8.67364
           1227      DRIFT_339        1094.38          40.52        2.02163        12.3647      -0.789467       0.534998       -8.64102    -0.00927469       0.428574        1.61061     -0.0839142     -0.0409686    -0.00302326        7.85763        8.68207
           1228    YO9_DH11_E1        1094.38          40.52        2.02163        12.3647      -0.789467       0.534998       -8.64102    -0.00927469       0.428574        1.61061     -0.0839142     -0.0409686    -0.00302326        7.85763        8.68207
           1229              D        1103.82        13.5435       0.836126        38.9243       -2.02217       0.446234       -8.81546    -0.00916968       0.515377         1.0021     -0.0450003     -0.0694648    -0.00301273        7.92365        8.75284
           1230    YO9_DH11_E2        1103.82        13.5435       0.836126        38.9243       -2.02217       0.446234       -8.81546    -0.00916968       0.515377         1.0021     -0.0450003     -0.0694648    -0.00301273        7.92365        8.75284
           1231      DRIFT_341        1104.53         12.415       0.746678        41.8744       -2.11538       0.439696        -8.7615    -0.00916968       0.521915       0.970018     -0.0450003     -0.0716128    -0.00301273         7.9324        8.75565
           1232      DRIFT_341        1105.24         11.414        0.65723        44.9573        -2.2086       0.433158       -8.69822    -0.00916968       0.528453       0.937933     -0.0450003     -0.0737608    -0.00301273        7.94194        8.75827
           1233      DRIFT_341        1105.96        10.5406       0.567782        48.1732       -2.30182        0.42662       -8.62562    -0.00916968       0.534991       0.905849     -0.0450003     -0.0759089    -0.00301273        7.95229        8.76071
           1234            QD9        1107.07        10.4932      -0.523592        48.2184        2.26253      -0.369828       -8.51556     0.00512874      -0.285185       0.902868       0.039582     -0.0752549     0.00418072        7.96942        8.76431
           1235      DRIFT_343         1107.2        10.6325      -0.539505        47.6275         2.2459      -0.369156       -8.50456     0.00512874      -0.285857       0.908055       0.039582      -0.074707     0.00418072        7.97139        8.76475
           1236           SDPO        1107.95        11.5101      -0.630574        44.3301        2.15072      -0.365309       -8.44497     0.00512874      -0.289704       0.937741       0.039582     -0.0715715     0.00418072        7.98219        8.76734
           1237      DRIFT_344        1108.58        12.3513      -0.706946        41.6749         2.0709      -0.362084       -8.39945     0.00512874       -0.29293       0.962636       0.039582      -0.068942     0.00418072        7.99059        8.76967
           1238      DRIFT_344        1109.21        13.2886      -0.783317        39.1201        1.99109      -0.358858       -8.35798     0.00512874      -0.296156       0.987532       0.039582     -0.0663126     0.00418072        7.99841        8.77215
           1239    YO9_DH10_E1        1109.21        13.2886      -0.783317        39.1201        1.99109      -0.358858       -8.35798     0.00512874      -0.296156       0.987532       0.039582     -0.0663126     0.00418072        7.99841        8.77215
           1240              D        1118.65        38.9158       -1.93174        12.7992       0.795025      -0.312656       -8.21429     0.00503877      -0.344639        1.54506      0.0785364     -0.0267889     0.00419091        8.06655        8.84145
           1241    YO9_DH10_E2        1118.65        38.9158       -1.93174        12.7992       0.795025      -0.312656       -8.21429     0.00503877      -0.344639        1.54506      0.0785364     -0.0267889     0.00419091        8.06655        8.84145
           1242      DRIFT_346        1119.36        41.7322       -2.01843        11.7303        0.70411      -0.309064       -8.23966     0.00503877      -0.348232        1.60106      0.0785364     -0.0238008     0.00419091        8.06937        8.85071
           1243      DRIFT_346        1120.07        44.6722       -2.10512        10.7911       0.613195      -0.305471       -8.27015     0.00503877      -0.351825        1.65705      0.0785364     -0.0208128     0.00419091        8.07199         8.8608
           1244      DRIFT_346        1120.79        47.7359       -2.19181        9.98153        0.52228      -0.301879       -8.30576     0.00503877      -0.355417        1.71305      0.0785364     -0.0178247     0.00419091        8.07445        8.87175
           1245            QF9         1121.9        47.7116        2.21293        9.95836      -0.500698       0.478452       -8.38177    -0.00496624       0.398722        1.71204     -0.0803462      -0.014011     0.00273904        8.07809        8.88981
           1246      DRIFT_348        1122.03        47.1337        2.19673        10.0917      -0.517157       0.477801       -8.39213    -0.00496624       0.399373        1.70151     -0.0803462      -0.013652     0.00273904        8.07853        8.89189
           1247           SFPO        1122.78        43.9081        2.10404        10.9381      -0.611352       0.474076       -8.44816    -0.00496624       0.403098        1.64125     -0.0803462     -0.0115978     0.00273904        8.08116        8.90326
           1248      DRIFT_349         1123.4         41.329        2.02687        11.7505      -0.689764       0.470976       -8.49054    -0.00496624       0.406199        1.59108     -0.0803462    -0.00988768     0.00273904        8.08349        8.91203
           1249      DRIFT_349        1124.02        38.8463         1.9497        12.6607      -0.768176       0.467875       -8.52905    -0.00496624       0.409299        1.54092     -0.0803462     -0.0081776     0.00273904        8.08597        8.92018
           1250     YO9_DH9_E1        1124.02        38.8463         1.9497        12.6607      -0.768176       0.467875       -8.52905    -0.00496624       0.409299        1.54092     -0.0803462     -0.0081776     0.00273904        8.08597        8.92018
           1251             DS        1126.97        28.4158        1.58658        18.2846        -1.1386       0.453193        -8.6579    -0.00498962       0.424418        1.32188     -0.0681811   -9.90002e-05     0.00273904        8.10011        8.95123
           1252     YO9_DH9_E2        1126.97        28.4158        1.58658        18.2846        -1.1386       0.453193        -8.6579    -0.00498962       0.424418        1.32188     -0.0681811   -9.90002e-05     0.00273904        8.10011        8.95123
           1253      DRIFT_351        1127.93        25.4877        1.46793        20.5829         -1.259        0.44841        -8.6809    -0.00498962       0.429201        1.25653     -0.0681811     0.00252664     0.00273904        8.10579         8.9591
           1254      DRIFT_351        1128.89        22.7872        1.34928        23.1121       -1.37939       0.443627       -8.69473    -0.00498962       0.433984        1.19117     -0.0681811     0.00515227     0.00273904        8.11212        8.96609
           1255      DRIFT_351        1129.85        20.3141        1.23062        25.8721       -1.49978       0.438844       -8.69939    -0.00498962       0.438767        1.12581     -0.0681811     0.00777791     0.00273904        8.11921        8.97233
           1256      DRIFT_351        1130.81        18.0685        1.11197        28.8628       -1.62018       0.434061       -8.69487    -0.00498962        0.44355        1.06045     -0.0681811      0.0104035     0.00273904        8.12718        8.97792
           1257      DRIFT_351        1131.77        16.0504       0.993318        32.0844       -1.74057       0.429278       -8.68119    -0.00498962       0.448333       0.995092     -0.0681811      0.0130292     0.00273904        8.13614        8.98293
           1258      DRIFT_351        1132.73        14.2597       0.874664        35.5369       -1.86096       0.424495       -8.65834    -0.00498962       0.453116       0.929734     -0.0681811      0.0156548     0.00273904        8.14623        8.98745
           1259      DRIFT_351        1133.68        12.6966       0.756011        39.2201       -1.98135       0.419712       -8.62632    -0.00498962       0.457899       0.864376     -0.0681811      0.0182805     0.00273904        8.15758        8.99154
           1260      DRIFT_351        1134.64        11.3609       0.637358        43.1341       -2.10175       0.414929       -8.58513    -0.00498962       0.462682       0.799018     -0.0681811      0.0209061     0.00273904         8.1703        8.99525
           1261      DRIFT_351         1135.6        10.2527       0.518705         47.279       -2.22214       0.410146       -8.53477    -0.00498962       0.467465        0.73366     -0.0681811      0.0235317     0.00273904        8.18445        8.99863
           1262          QDB10        1136.71        10.2517      -0.517826        47.4144        2.10428      -0.352018        -8.4833     0.00430043      -0.320046       0.694101    -0.00369556      0.0253414    0.000494147        8.20201        9.00229
           1263      DRIFT_353        1137.42         11.053      -0.606022         44.472        2.02266      -0.348952        -8.4627     0.00430043      -0.323112       0.691466    -0.00369556      0.0256937    0.000494147        8.21268        9.00477
           1264      DRIFT_353        1138.14        11.9801      -0.694219        41.6459        1.94103      -0.345885       -8.44646     0.00430043      -0.326178       0.688831    -0.00369556      0.0260461    0.000494147        8.22255         9.0074
           1265      DRIFT_353        1138.85        13.0329      -0.782415        38.9363        1.85941      -0.342819       -8.43459     0.00430043      -0.329244       0.686196    -0.00369556      0.0263984    0.000494147        8.23163        9.01022
           1266     YO9_DH8_E1        1138.85        13.0329      -0.782415        38.9363        1.85941      -0.342819       -8.43459     0.00430043      -0.329244       0.686196    -0.00369556      0.0263984    0.000494147        8.23163        9.01022
           1267              D        1148.29        38.7907        -1.9446        14.0313       0.778648      -0.301971        -8.6849     0.00435208      -0.368731       0.834354      0.0350787      0.0310634    0.000494147        8.30058        9.07639
           1268     YO9_DH8_E2        1148.29        38.7907        -1.9446        14.0313       0.778648      -0.301971        -8.6849     0.00435208      -0.368731       0.834354      0.0350787      0.0310634    0.000494147        8.30058        9.07639
           1269      DRIFT_355        1149.09        41.9681       -2.04282         12.863       0.687425      -0.298503       -8.74087     0.00435208      -0.372199       0.862306      0.0350787      0.0314572    0.000494147        8.30372        9.08584
           1270      DRIFT_355        1149.88         45.302       -2.14104        11.8402       0.596201      -0.295036       -8.80235     0.00435208      -0.375667       0.890259      0.0350787       0.031851    0.000494147        8.30663        9.09612
           1271          QGTTO        1149.88         45.302       -2.13198        11.8402       0.593833      -0.293275       -8.80235     0.00448587      -0.373906       0.890259      0.0349006       0.031851    0.000500517        8.30663        9.09612
           1272      DRIFT_356        1150.43        47.6633       -2.19873        11.2265       0.531543      -0.290829       -8.84765     0.00448587      -0.376352       0.909288      0.0349006      0.0321239    0.000500517         8.3085        9.10365
           1273          QFB10        1151.54         47.849        2.03699        11.2519      -0.555121       0.508405        -8.9581    -0.00598355       0.398786       0.903126     -0.0459122      0.0342784     0.00341324        8.31214        9.11966
           1274      DRIFT_357        1152.52         43.965        1.93167        12.4498      -0.668901        0.50255       -9.05965    -0.00598355       0.404642       0.858194     -0.0459122      0.0376188     0.00341324        8.31553        9.13283
           1275      DRIFT_357         1153.5        40.2872        1.82635        13.8704      -0.782681       0.496694       -9.14974    -0.00598355       0.410497       0.813262     -0.0459122      0.0409592     0.00341324        8.31923         9.1447
           1276      DRIFT_357        1154.48        36.8155        1.72103        15.5137      -0.896461       0.490838       -9.22836    -0.00598355       0.416353       0.768329     -0.0459122      0.0442996     0.00341324        8.32328        9.15532
           1277      DRIFT_357        1155.45          33.55        1.61571        17.3797       -1.01024       0.484982       -9.29553    -0.00598355       0.422209       0.723397     -0.0459122        0.04764     0.00341324        8.32771        9.16481
           1278      DRIFT_357        1156.43        30.4906        1.51039        19.4684       -1.12402       0.479126       -9.35123    -0.00598355       0.428065       0.678465     -0.0459122      0.0509804     0.00341324        8.33258        9.17328
           1279      DRIFT_357        1157.41        27.6374        1.40507        21.7798        -1.2378        0.47327       -9.39547    -0.00598355       0.433921       0.633533     -0.0459122      0.0543207     0.00341324        8.33795        9.18085
           1280      DRIFT_357        1158.39        24.9903        1.29975        24.3139       -1.35158       0.467415       -9.42825    -0.00598355       0.439777       0.588601     -0.0459122      0.0576611     0.00341324        8.34388        9.18762
           1281      DRIFT_357        1159.37        22.5493        1.19444        27.0707       -1.46536       0.461559       -9.44956    -0.00598355       0.445632       0.543668     -0.0459122      0.0610015     0.00341324        8.35044         9.1937
           1282      DRIFT_357        1160.35        20.3145        1.08912        30.0502       -1.57914       0.455703       -9.45942    -0.00598355       0.451488       0.498736     -0.0459122      0.0643419     0.00341324        8.35772        9.19916
           1283      DRIFT_357        1161.33        18.2859       0.983797        33.2525       -1.69292       0.449847       -9.45781    -0.00598355       0.457344       0.453804     -0.0459122      0.0676823     0.00341324         8.3658        9.20409
           1284      DRIFT_357        1162.31        16.4633       0.878478        36.6774        -1.8067       0.443991       -9.44475    -0.00598355         0.4632       0.408872     -0.0459122      0.0710227     0.00341324        8.37479        9.20855
           1285      DRIFT_357        1163.28         14.847       0.773159         40.325       -1.92048       0.438135       -9.42022    -0.00598355       0.469056       0.363939     -0.0459122      0.0743631     0.00341324        8.38476         9.2126
           1286      DRIFT_357        1164.26        13.4367       0.667839        44.1953       -2.03426        0.43228       -9.38423    -0.00598355       0.474912       0.319007     -0.0459122      0.0777035     0.00341324        8.39579        9.21629
           1287      DRIFT_357        1165.24        12.2326        0.56252        48.2884       -2.14804       0.426424       -9.33677    -0.00598355       0.480767       0.274075     -0.0459122      0.0810438     0.00341324        8.40795        9.21966
           1288          Q7O10        1166.17        12.1887      -0.514115        48.5753        1.84728        -0.3311       -9.29349     0.00550639      -0.295893       0.241403     -0.0248181      0.0810936    -0.00330691        8.42024        9.22268
           1289      DRIFT_361        1166.88         12.971      -0.587757        45.9982        1.78279      -0.327191       -9.27127     0.00550639      -0.299802       0.223783     -0.0248181      0.0787459    -0.00330691        8.42923        9.22507
           1290      DRIFT_361        1167.59        13.8578      -0.661399        43.5126         1.7183      -0.323281        -9.2546     0.00550639      -0.303711       0.206163     -0.0248181      0.0763981    -0.00330691        8.43766        9.22759
           1291      DRIFT_361         1168.3        14.8492       -0.73504        41.1186        1.65381      -0.319372       -9.24348     0.00550639       -0.30762       0.188544     -0.0248181      0.0740504    -0.00330691        8.44554        9.23026
           1292     YO9_DH6_E1         1168.3        14.8492       -0.73504        41.1186        1.65381      -0.319372       -9.24348     0.00550639       -0.30762       0.188544     -0.0248181      0.0740504    -0.00330691        8.44554        9.23026
           1293             DS        1171.25        20.0848       -1.03997        32.1532        1.38589      -0.303108       -9.25608     0.00552219      -0.323416       0.133372     -0.0125932      0.0642969    -0.00330691        8.47286        9.24319
           1294     YO9_DH6_E2        1171.25        20.0848       -1.03997        32.1532        1.38589      -0.303108       -9.25608     0.00552219      -0.323416       0.133372     -0.0125932      0.0642969    -0.00330691        8.47286        9.24319
           1295      DRIFT_363        1172.15        22.0362       -1.13304        29.7374        1.30432      -0.298149       -9.27877     0.00552219      -0.328375       0.122063     -0.0125932      0.0613273    -0.00330691        8.47965        9.24781
           1296      DRIFT_363        1173.05        24.1547       -1.22611         27.468        1.22275       -0.29319       -9.31036     0.00552219      -0.333334       0.110754     -0.0125932      0.0583576    -0.00330691        8.48585        9.25281
           1297      DRIFT_363        1173.94        26.4404       -1.31918        25.3452        1.14117      -0.288231       -9.35086     0.00552219      -0.338293      0.0994456     -0.0125932       0.055388    -0.00330691         8.4915        9.25823
           1298      DRIFT_363        1174.84        28.8933       -1.41225        23.3689         1.0596      -0.283272       -9.40027     0.00552219      -0.343252      0.0881367     -0.0125932      0.0524183    -0.00330691        8.49668         9.2641
           1299      DRIFT_363        1175.74        31.5133       -1.50532         21.539       0.978028      -0.278313       -9.45859     0.00552219      -0.348211      0.0768278     -0.0125932      0.0494487    -0.00330691        8.50141        9.27048
           1300      DRIFT_363        1176.64        34.3005       -1.59839        19.8557       0.896455      -0.273354       -9.52581     0.00552219       -0.35317      0.0655189     -0.0125932       0.046479    -0.00330691        8.50576        9.27739
           1301      DRIFT_363        1177.54        37.2548       -1.69145        18.3189       0.814882      -0.268395       -9.60194     0.00552219      -0.358129        0.05421     -0.0125932      0.0435094    -0.00330691        8.50976        9.28489
           1302      DRIFT_363        1178.43        40.3763       -1.78452        16.9286        0.73331      -0.263436       -9.68698     0.00552219      -0.363088      0.0429011     -0.0125932      0.0405397    -0.00330691        8.51345          9.293
           1303      DRIFT_363        1179.33        43.6649       -1.87759        15.6848       0.651737      -0.258477       -9.78092     0.00552219      -0.368047      0.0315922     -0.0125932      0.0375701    -0.00330691        8.51685        9.30178
           1304          QGTTO        1179.33        43.6649       -1.86886        15.6848         0.6486      -0.256521       -9.78092      0.0056471       -0.36609      0.0315922     -0.0125995      0.0375701    -0.00329939        8.51685        9.30178
           1305      DRIFT_364        1179.88        45.7335       -1.92496        15.0045       0.599213      -0.253442       -9.84234      0.0056471       -0.36917      0.0247223     -0.0125995      0.0357711    -0.00329939        8.51879        9.30744
           1306          Q6O10        1180.99        44.9955        2.56535        15.3948      -0.963582       0.729223       -9.98326     -0.0291731       0.603912      0.0096493     -0.0143108      0.0340182    0.000112334        8.52262        9.31929
           1307      DRIFT_365        1181.12         44.326        2.54327        15.6495      -0.979998       0.725399       -9.99918     -0.0291731       0.607736     0.00777387     -0.0143108      0.0340329    0.000112334        8.52308        9.32063
           1308         Q6OT10        1181.87        40.4518        2.61602        17.2515       -1.15861       0.750384       -10.0698     -0.0359749        0.68152    -0.00296696     -0.0143226      0.0341801    0.000280087         8.5259         9.3279
           1309      DRIFT_366        1182.68        36.3238        2.45828        19.2264       -1.26907       0.721118        -10.102     -0.0359749       0.710787     -0.0146186     -0.0143226      0.0344079    0.000280087        8.52928        9.33501
           1310      DRIFT_366         1183.5        32.4524        2.30054        21.3811       -1.37952       0.691852       -10.0866     -0.0359749       0.740053     -0.0262702     -0.0143226      0.0346358    0.000280087        8.53305         9.3414
           1311     YO9_DH5_E1         1183.5        32.4524        2.30054        21.3811       -1.37952       0.691852       -10.0866     -0.0359749       0.740053     -0.0262702     -0.0143226      0.0346358    0.000280087        8.53305         9.3414
           1312            D5O        1192.19         7.0874       0.614244        55.6539       -2.56058       0.378549       -6.93695     -0.0360539        1.05468     0.00506722      0.0215271      0.0370721    0.000280087        8.63024        9.38197
           1313     YO9_DH5_E2        1192.19         7.0874       0.614244        55.6539       -2.56058       0.378549       -6.93695     -0.0360539        1.05468     0.00506722      0.0215271      0.0370721    0.000280087        8.63024        9.38197
           1314      DRIFT_368        1193.03        6.19618       0.451779        60.0302        -2.6741       0.348407       -6.34649     -0.0360539        1.08482      0.0230645      0.0215271      0.0373063    0.000280087        8.65038        9.38427
           1315      DRIFT_368        1193.87         5.5766       0.289314        64.5963       -2.78761       0.318265       -5.70563     -0.0360539        1.11496      0.0410617      0.0215271      0.0375404    0.000280087        8.67309        9.38641
           1316      DRIFT_368         1194.7        5.22868       0.126849        69.3523       -2.90113       0.288123       -5.01437     -0.0360539        1.14511      0.0590589      0.0215271      0.0377746    0.000280087        8.69783         9.3884
           1317          Q5O10        1195.81        5.76799      -0.630315        68.1747          3.923      -0.138058       -4.06712       0.059632       0.676429      0.0866549      0.0286481      0.0360309    -0.00339315        8.73082        9.39092
           1318      DRIFT_370        1195.94        5.93736      -0.662062        67.1506        3.89149      -0.130243        -3.9614       0.059632       0.668614      0.0904092      0.0286481      0.0355862    -0.00339315        8.73439        9.39123
           1319         Q5OT10        1196.69        7.10505      -0.897851        61.0848        4.18076      -0.112229       -3.39656      0.0635436       0.594192       0.112176      0.0294254      0.0329414    -0.00365636        8.75283        9.39309
           1320      DRIFT_371        1197.55        8.82917       -1.11553        54.1464        3.92171     -0.0578151       -2.83822      0.0635436       0.539778       0.137374      0.0294254      0.0298103    -0.00365636        8.77007        9.39546
           1321      DRIFT_371        1198.41        10.9261       -1.33322        47.6516        3.66267    -0.00340087       -2.37308      0.0635436       0.485364       0.162572      0.0294254      0.0266793    -0.00365636        8.78396        9.39814
           1322      DRIFT_371        1199.26        13.3959        -1.5509        41.6006        3.40362      0.0510134       -2.00114      0.0635436       0.430949        0.18777      0.0294254      0.0235482    -0.00365636        8.79524        9.40121
           1323      DRIFT_371        1200.12        16.2384       -1.76858        35.9932        3.14457       0.105428       -1.72238      0.0635436       0.376535       0.212968      0.0294254      0.0204172    -0.00365636        8.80448        9.40473
           1324      DRIFT_371        1200.98        19.4538       -1.98627        30.8294        2.88552       0.159842       -1.53682      0.0635436       0.322121       0.238166      0.0294254      0.0172861    -0.00365636        8.81215        9.40882
           1325      DRIFT_371        1201.83         23.042       -2.20395        26.1094        2.62647       0.214256       -1.44445      0.0635436       0.267707       0.263364      0.0294254      0.0141551    -0.00365636        8.81859        9.41362
           1326          Q4O10        1203.64        24.2015        1.62773        24.1361        -1.4332       0.468903       -1.45047     -0.0518631         0.4785       0.276492     -0.0152895     0.00932524     -0.0018042        8.83023        9.42569
           1327      DRIFT_374        1203.77        23.7806        1.60812        24.5111       -1.44966       0.462156       -1.44835     -0.0518631       0.485246       0.274503     -0.0152895     0.00909056     -0.0018042        8.83109        9.42654
           1328         Q4OT10        1204.52        21.6016        1.30377         26.584       -1.30805       0.413679       -1.40343     -0.0435591       0.508306       0.263939     -0.0128988     0.00770864    -0.00187887        8.83636        9.43122
           1329      DRIFT_375        1205.51        19.1442        1.18012         29.272       -1.40894       0.370584       -1.26717     -0.0435591       0.551401       0.251177     -0.0128988      0.0058498    -0.00187887        8.84411        9.43686
           1330      DRIFT_375         1206.5        16.9314        1.05647        32.1597       -1.50983        0.32749       -1.04565     -0.0435591       0.594496       0.238416     -0.0128988     0.00399097    -0.00187887        8.85286        9.44199
           1331      DRIFT_375        1207.49        14.9634       0.932819         35.247       -1.61073       0.284395      -0.738854     -0.0435591        0.63759       0.225655     -0.0128988     0.00213213    -0.00187887        8.86276        9.44667
           1332      DRIFT_375        1208.48        13.2399        0.80917        38.5339       -1.71162         0.2413       -0.34679     -0.0435591       0.680685       0.212894     -0.0128988    0.000273298    -0.00187887        8.87395        9.45094
           1333      DRIFT_375        1209.47        11.7612       0.685521        42.0204       -1.81251       0.198206       0.130543     -0.0435591       0.723779       0.200132     -0.0128988    -0.00158554    -0.00187887        8.88658        9.45486
           1334      DRIFT_375        1210.46        10.5271       0.561871        45.7066        -1.9134       0.155111       0.693147     -0.0435591       0.766874       0.187371     -0.0128988    -0.00344437    -0.00187887        8.90075        9.45845
           1335      DRIFT_375        1211.45        9.53767       0.438222        49.5924       -2.01429       0.112017        1.34102     -0.0435591       0.809969        0.17461     -0.0128988    -0.00530321    -0.00187887        8.91649        9.46176
           1336      DRIFT_375        1212.44        8.79291       0.314573        53.6779       -2.11518       0.068922        2.07417     -0.0435591       0.853063       0.161849     -0.0128988    -0.00716204    -0.00187887        8.93372        9.46481
           1337      DRIFT_375        1213.43         8.2928       0.190923        57.9629       -2.21607      0.0258274        2.89258     -0.0435591       0.896158       0.149087     -0.0128988    -0.00902088    -0.00187887         8.9522        9.46763
           1338      DRIFT_375        1214.42        8.03736      0.0672741        62.4476       -2.31696     -0.0172672        3.79626     -0.0435591       0.939252       0.136326     -0.0128988     -0.0108797    -0.00187887        8.97154        9.47025
           1339      DRIFT_375        1215.41        8.02657     -0.0563752        67.1319       -2.41785     -0.0603618        4.78522     -0.0435591       0.982347       0.123565     -0.0128988     -0.0127386    -0.00187887        8.99119        9.47268
           1340      DRIFT_375         1216.4        8.26045      -0.180025        72.0159       -2.51875      -0.103456        5.85944     -0.0435591        1.02544       0.110804     -0.0128988     -0.0145974    -0.00187887        9.01058        9.47495
           1341      DRIFT_375        1217.38        8.73899      -0.303674        77.0995       -2.61964      -0.146551        7.01894     -0.0435591        1.06854      0.0980423     -0.0128988     -0.0164562    -0.00187887        9.02915        9.47706
           1342      DRIFT_375        1218.37        9.46219      -0.427323        82.3827       -2.72053      -0.189646         8.2637     -0.0435591        1.11163       0.085281     -0.0128988     -0.0183151    -0.00187887         9.0465        9.47904
           1343      DRIFT_375        1219.36        10.4301      -0.550972        87.8655       -2.82142       -0.23274        9.59373     -0.0435591        1.15473      0.0725198     -0.0128988     -0.0201739    -0.00187887        9.06238        9.48089
           1344      DRIFT_375        1220.35        11.6426      -0.674622         93.548       -2.92231      -0.275835         11.009     -0.0435591        1.19782      0.0597585     -0.0128988     -0.0220327    -0.00187887        9.07668        9.48262
           1345      DRIFT_375        1221.34        13.0998      -0.798271        99.4301        -3.0232      -0.318929        12.5096     -0.0435591        1.24091      0.0469972     -0.0128988     -0.0238916    -0.00187887        9.08945        9.48426
           1346      DRIFT_375        1222.33        14.8016       -0.92192        105.512       -3.12409      -0.362024        14.0955     -0.0435591        1.28401       0.034236     -0.0128988     -0.0257504    -0.00187887        9.10077        9.48579
           1347      DRIFT_375        1223.32        16.7481       -1.04557        111.793       -3.22498      -0.405118        15.7666     -0.0435591         1.3271      0.0214747     -0.0128988     -0.0276092    -0.00187887        9.11077        9.48724
           1348      DRIFT_375        1224.31        18.9393       -1.16922        118.274       -3.32587      -0.448213         17.523     -0.0435591         1.3702     0.00871343     -0.0128988     -0.0294681    -0.00187887        9.11962        9.48861
           1349      DRIFT_375         1225.3        21.3751       -1.29287        124.955       -3.42677      -0.491308        19.3646     -0.0435591        1.41329    -0.00404784     -0.0128988     -0.0313269    -0.00187887        9.12745        9.48991
           1350      DRIFT_375        1226.29        24.0556       -1.41652        131.835       -3.52766      -0.534402        21.2915     -0.0435591        1.45639     -0.0168091     -0.0128988     -0.0331857    -0.00187887        9.13439        9.49114
           1351      DRIFT_375        1227.28        26.9808       -1.54017        138.915       -3.62855      -0.577497        23.3037     -0.0435591        1.49948     -0.0295704     -0.0128988     -0.0350446    -0.00187887        9.14058         9.4923
           1352      DRIFT_375        1228.27        30.1506       -1.66382        146.195       -3.72944      -0.620591        25.4012     -0.0435591        1.54258     -0.0423316     -0.0128988     -0.0369034    -0.00187887         9.1461         9.4934
           1353      DRIFT_375        1229.26        33.5651       -1.78747        153.674       -3.83033      -0.663686        27.5839     -0.0435591        1.58567     -0.0550929     -0.0128988     -0.0387622    -0.00187887        9.15105        9.49445
           1354      DRIFT_375        1230.25        37.2242       -1.91111        161.352       -3.93122      -0.706781        29.8519     -0.0435591        1.62877     -0.0678542     -0.0128988     -0.0406211    -0.00187887         9.1555        9.49545
           1355      DRIFT_375        1231.24         41.128       -2.03476        169.231       -4.03211      -0.749875        32.2052     -0.0435591        1.67186     -0.0806154     -0.0128988     -0.0424799    -0.00187887        9.15953        9.49641
           1356      DRIFT_375        1232.22        45.2765       -2.15841        177.309         -4.133       -0.79297        34.6438     -0.0435591        1.71495     -0.0933767     -0.0128988     -0.0443388    -0.00187887        9.16318        9.49732
           1357      DRIFT_375        1233.21        49.6696       -2.28206        185.587       -4.23389      -0.836064        37.1676     -0.0435591        1.75805      -0.106138     -0.0128988     -0.0461976    -0.00187887         9.1665        9.49818
           1358      DRIFT_375         1234.2        54.3074       -2.40571        194.064       -4.33478      -0.879159        39.7767     -0.0435591        1.80114      -0.118899     -0.0128988     -0.0480564    -0.00187887        9.16953        9.49901
           1359      DRIFT_375        1235.19        59.1898       -2.52936        202.741       -4.43568      -0.922254         42.471     -0.0435591        1.84424       -0.13166     -0.0128988     -0.0499153    -0.00187887        9.17231        9.49981
           1360      DRIFT_375        1236.18        64.3169       -2.65301        211.617       -4.53657      -0.965348        45.2506     -0.0435591        1.88733      -0.144422     -0.0128988     -0.0517741    -0.00187887        9.17486        9.50057
           1361      DRIFT_375        1237.17        69.6887       -2.77666        220.694       -4.63746       -1.00844        48.1155     -0.0435591        1.93043      -0.157183     -0.0128988     -0.0536329    -0.00187887        9.17721         9.5013
           1362      DRIFT_375        1238.16        75.3051       -2.90031        229.969       -4.73835       -1.05154        51.0657     -0.0435591        1.97352      -0.169944     -0.0128988     -0.0554918    -0.00187887        9.17938          9.502
           1363      DRIFT_375        1239.15        81.1662       -3.02396        239.445       -4.83924       -1.09463        54.1011     -0.0435591        2.01662      -0.182706     -0.0128988     -0.0573506    -0.00187887         9.1814        9.50267
           1364      DRIFT_375        1240.14         87.272       -3.14761         249.12       -4.94013       -1.13773        57.2218     -0.0435591        2.05971      -0.195467     -0.0128988     -0.0592094    -0.00187887        9.18327        9.50331
           1365      DRIFT_375        1241.13        93.6224       -3.27126        258.995       -5.04102       -1.18082        60.4278     -0.0435591        2.10281      -0.208228     -0.0128988     -0.0610683    -0.00187887        9.18501        9.50393
           1366      DRIFT_375        1242.12        100.217       -3.39491        269.069       -5.14191       -1.22392        63.7191     -0.0435591         2.1459      -0.220989     -0.0128988     -0.0629271    -0.00187887        9.18664        9.50453
           1367          Q3O10        1244.22        143.761        -18.981        227.743        23.2032        7.14078        70.1977       0.939193        9.25366      -0.276469     -0.0409875     -0.0592555     0.00530408        9.18954        9.50582
           1368      DRIFT_386        1245.15        181.255        -21.319        186.618        20.9997        8.01458        71.3505       0.939193        8.37986      -0.314602     -0.0409875     -0.0543207     0.00530408        9.19045        9.50654
           1369      DRIFT_386        1246.08        223.099       -23.6571        149.593        18.7962        8.88837        70.8774       0.939193        7.50606      -0.352736     -0.0409875      -0.049386     0.00530408        9.19119        9.50743
           1370          Q2O10        1249.47        231.599        21.7106        111.958       -5.42474       -3.04016        62.5068       0.282801       -5.86355      -0.370259      0.0312123     -0.0460998    -0.00326386        9.19332        9.51206
           1371      DRIFT_388        1250.31        196.632        20.0008        121.244       -5.65258       -2.80308        59.9411       0.282801       -6.10062      -0.344093      0.0312123     -0.0488359    -0.00326386        9.19394        9.51321
           1372      DRIFT_388        1251.15        164.531        18.2911        130.912       -5.88042         -2.566         56.978       0.282801        -6.3377      -0.317927      0.0312123      -0.051572    -0.00326386        9.19469        9.51426
           1373          Q1O10        1252.59        132.261        4.99671        132.181        5.03424         1.9496        51.3359      -0.076695       -1.94299      -0.291103     0.00641075     -0.0531558     0.00108599        9.19627        9.51597
           1374      DRIFT_390        1253.22         126.02        4.87256        125.895        4.90822        1.90111        48.9052      -0.076695        -1.8945      -0.287049     0.00641075     -0.0524691     0.00108599        9.19705        9.51675
           1375      DRIFT_390        1253.85        119.937        4.74842        119.767         4.7822        1.85261        46.5358      -0.076695         -1.846      -0.282996     0.00641075     -0.0517824     0.00108599        9.19787        9.51757
           1376     YO9_DH0_E1        1253.85        119.937        4.74842        119.767         4.7822        1.85261        46.5358      -0.076695         -1.846      -0.282996     0.00641075     -0.0517824     0.00108599        9.19787        9.51757
           1377         D0PM09        1257.44        88.3592        4.04941        88.0079        4.06692        1.57715        34.2451     -0.0768052       -1.57313      -0.232705      0.0216139     -0.0478848     0.00108599        9.20342        9.52314
           1378     YO9_DH0_E2        1257.44        88.3592        4.04941        88.0079        4.06692        1.57715        34.2451     -0.0768052       -1.57313      -0.232705      0.0216139     -0.0478848     0.00108599        9.20342        9.52314
           1379      DRIFT_392        1258.32        81.4168        3.87696        81.0367        3.89236        1.50988        31.5448     -0.0768052       -1.50586      -0.213774      0.0216139     -0.0469336     0.00108599        9.20506        9.52479
           1380      DRIFT_392        1259.19        74.7765         3.7045        74.3712        3.71781        1.44261        28.9624     -0.0768052       -1.43859      -0.194844      0.0216139     -0.0459824     0.00108599        9.20685        9.52658
           1381      DRIFT_392        1260.07        68.4383        3.53205        68.0115        3.54325        1.37534        26.4978     -0.0768052       -1.37132      -0.175913      0.0216139     -0.0450312     0.00108599         9.2088        9.52854
           1382      DRIFT_392        1260.94        62.4021        3.35959        61.9576        3.36869        1.30807         24.151     -0.0768052       -1.30404      -0.156982      0.0216139       -0.04408     0.00108599        9.21093        9.53069
           1383      DRIFT_392        1261.82        56.6681        3.18713        56.2095        3.19413         1.2408        21.9221     -0.0768052       -1.23677      -0.138051      0.0216139     -0.0431289     0.00108599        9.21327        9.53305
           1384      DRIFT_392         1262.7        51.2362        3.01468        50.7672        3.01957        1.17353         19.811     -0.0768052        -1.1695      -0.119121      0.0216139     -0.0421777     0.00108599        9.21586        9.53566
           1385      DRIFT_392        1263.57        46.1064        2.84222        45.6306        2.84502        1.10626        17.8177     -0.0768052       -1.10223       -0.10019      0.0216139     -0.0412265     0.00108599        9.21873        9.53856
           1386      DRIFT_392        1264.45        41.2786        2.66977        40.7998        2.67046        1.03899        15.9423     -0.0768052       -1.03496     -0.0812591      0.0216139     -0.0402753     0.00108599        9.22192        9.54179
           1387      G9_DHX_E1        1264.45        41.2786        2.66937        40.7998        2.67085        1.03914        15.9423     -0.0768052       -1.03481     -0.0812591      0.0216131     -0.0402753     0.00108638        9.22192        9.54179
           1388       ERDXMP09        1264.45        41.2786         2.6654        40.7998        2.67477        1.04067        15.9423     -0.0768046       -1.03328     -0.0812591      0.0216053     -0.0402753     0.00109025        9.22192        9.54179
           1389         DXMP09        1268.15        24.2313        1.94117        23.7418        1.93523       0.756309        9.31786      -0.076891      -0.750111     -0.0361987     0.00274957     -0.0362411     0.00109025        9.24059        9.56076
           1390          TEMPD        1268.15        24.2313        1.94117        23.7418        1.93523       0.756309        9.31786      -0.076891      -0.750111     -0.0361987     0.00274957     -0.0362411     0.00109025        9.24059        9.56076
           1391      G9_DHX_E2        1268.15        24.2313        1.94117        23.7418        1.93523       0.756309        9.31786      -0.076891      -0.750111     -0.0361987     0.00274957     -0.0362411     0.00109025        9.24059        9.56076
           1392      DRIFT_393        1269.13        20.6155        1.74833        20.1407        1.73937       0.680956        7.91541      -0.076891      -0.674758     -0.0335041     0.00274957     -0.0351727     0.00109025        9.24757        9.56789
           1393      DRIFT_393        1270.11        17.3778        1.55549        16.9235         1.5435       0.605603        6.66066      -0.076891      -0.599404     -0.0308095     0.00274957     -0.0341042     0.00109025        9.25581        9.57634
           1394      DRIFT_393        1271.09         14.518        1.36265        14.0901        1.34763        0.53025         5.5536      -0.076891      -0.524051     -0.0281149     0.00274957     -0.0330358     0.00109025        9.26564        9.58645
           1395      DRIFT_393        1272.07        12.0362        1.16981        11.6407        1.15177       0.454897        4.59423      -0.076891      -0.448698     -0.0254204     0.00274957     -0.0319674     0.00109025        9.27745        9.59864
           1396      DRIFT_393        1273.05        9.93239       0.976965        9.57523       0.955899       0.379543        3.78255      -0.076891      -0.373345     -0.0227258     0.00274957     -0.0308989     0.00109025        9.29173        9.61344
           1397      DRIFT_393        1274.03        8.20652       0.784124        7.89362       0.760032        0.30419        3.11857      -0.076891      -0.297992     -0.0200312     0.00274957     -0.0298305     0.00109025        9.30904        9.63142
           1398      DRIFT_393        1275.01        6.85862       0.591283         6.5959       0.564166       0.228837        2.60228      -0.076891      -0.222639     -0.0173366     0.00274957      -0.028762     0.00109025        9.32989         9.6531
           1399      DRIFT_393        1275.99        5.88869       0.398442        5.68209       0.368299       0.153484        2.23368      -0.076891      -0.147285     -0.0146421     0.00274957     -0.0276936     0.00109025        9.35453        9.67869
           1400      DRIFT_393        1276.97        5.29673       0.205601        5.15217       0.172432      0.0781307        2.01277      -0.076891     -0.0719323     -0.0119475     0.00274957     -0.0266251     0.00109025         9.3826        9.70767
           1401      DRIFT_393        1277.95        5.08273      0.0127603        5.00615     -0.0234344     0.00277751        1.93955      -0.076891     0.00342091    -0.00925291     0.00274957     -0.0255567     0.00109025        9.41285        9.73858
           1402      DRIFT_393        1278.93        5.24671      -0.180081        5.24403      -0.219301     -0.0725757        2.01403      -0.076891      0.0787741    -0.00655834     0.00274957     -0.0244882     0.00109025        9.44323        9.76921
           1403      DRIFT_393        1279.91        5.78865      -0.372922        5.86581      -0.415168      -0.147929         2.2362      -0.076891       0.154127    -0.00386376     0.00274957     -0.0234198     0.00109025        9.47169        9.79748
           1404      DRIFT_393        1280.89        6.70856      -0.565763        6.87149      -0.611034      -0.223282        2.60606      -0.076891        0.22948    -0.00116919     0.00274957     -0.0223513     0.00109025        9.49682        9.82214
           1405      DRIFT_393        1281.87        8.00644      -0.758604        8.26107      -0.806901      -0.298635        3.12361      -0.076891       0.304834     0.00152538     0.00274957     -0.0212829     0.00109025        9.51817         9.8429
           1406      DRIFT_393        1282.85        9.68229      -0.951445        10.0345       -1.00277      -0.373988        3.78886      -0.076891       0.380187     0.00421996     0.00274957     -0.0202144     0.00109025        9.53592        9.86007
           1407      DRIFT_393        1283.83        11.7361       -1.14429        12.1919       -1.19863      -0.449342         4.6018      -0.076891        0.45554     0.00691453     0.00274957      -0.019146     0.00109025        9.55057        9.87419
           1408      DRIFT_393        1284.81        14.1679       -1.33713        14.7332        -1.3945      -0.524695        5.56243      -0.076891       0.530893      0.0096091     0.00274957     -0.0180775     0.00109025        9.56268        9.88584
           1409      DRIFT_393        1285.79        16.9776       -1.52997        17.6584       -1.59037      -0.600048        6.67075      -0.076891       0.606246      0.0123037     0.00274957     -0.0170091     0.00109025        9.57274        9.89551
           1410      DRIFT_393        1286.77        20.1654       -1.72281        20.9674       -1.78623      -0.675401        7.92676      -0.076891       0.681599      0.0149983     0.00274957     -0.0159406     0.00109025        9.58117        9.90362
           1411      DRIFT_393        1287.75         23.731       -1.91565        24.6604        -1.9821      -0.750754        9.33047      -0.076891       0.756953      0.0176928     0.00274957     -0.0148722     0.00109025        9.58831        9.91048
           1412     G10_DHX_E1        1287.75         23.731       -1.91565        24.6604        -1.9821      -0.750754        9.33047      -0.076891       0.756953      0.0176928     0.00274957     -0.0148722     0.00109025        9.58831        9.91048
           1413         DXPM10        1291.45        40.5898       -2.63995        42.0653       -2.72164       -1.03512        15.9597     -0.0768051        1.04012      0.0627566       0.021607      -0.010838     0.00109025        9.60733        9.92881
           1414       ERDXPM10        1291.45        40.5898       -2.64385        42.0653        -2.7176       -1.03358        15.9597     -0.0768045        1.04165      0.0627566      0.0216131      -0.010838      0.0010913        9.60733        9.92881
           1415     G10_DHX_E2        1291.45        40.5898       -2.64386        42.0653       -2.71759       -1.03358        15.9597     -0.0768045        1.04165      0.0627566      0.0216131      -0.010838      0.0010913        9.60733        9.92881
           1416      DRIFT_403        1292.32        45.3721       -2.81627        46.9787       -2.89219       -1.10085        17.8362     -0.0768045        1.10892      0.0816866      0.0216131    -0.00988218      0.0010913        9.61057        9.93194
           1417      DRIFT_403         1293.2        50.4564       -2.98868        52.1979       -3.06678       -1.16812        19.8306     -0.0768045        1.17619       0.100617      0.0216131    -0.00892635      0.0010913        9.61349        9.93476
           1418      DRIFT_403        1294.08        55.8427       -3.16109         57.723       -3.24138       -1.23539        21.9428     -0.0768045        1.24346       0.119547      0.0216131    -0.00797053      0.0010913        9.61611         9.9373
           1419      DRIFT_403        1294.95        61.5311        -3.3335        63.5539       -3.41597       -1.30266        24.1729     -0.0768045        1.31073       0.138477      0.0216131    -0.00701471      0.0010913        9.61849         9.9396
           1420      DRIFT_403        1295.83        67.5215       -3.50591        69.6907       -3.59057       -1.36993        26.5208     -0.0768045          1.378       0.157407      0.0216131    -0.00605888      0.0010913        9.62066        9.94169
           1421      DRIFT_403         1296.7        73.8139       -3.67832        76.1333       -3.76516        -1.4372        28.9865     -0.0768045        1.44527       0.176337      0.0216131    -0.00510306      0.0010913        9.62263        9.94361
           1422      DRIFT_403        1297.58        80.4083       -3.85073        82.8817       -3.93976       -1.50447        31.5701     -0.0768045        1.51254       0.195267      0.0216131    -0.00414723      0.0010913        9.62444        9.94536
           1423      DRIFT_403        1298.46        87.3047       -4.02314         89.936       -4.11435       -1.57174        34.2715     -0.0768045        1.57981       0.214197      0.0216131    -0.00319141      0.0010913         9.6261        9.94698
           1424    YI10_DH0_E1        1298.46        87.3047       -4.02314         89.936       -4.11435       -1.57174        34.2715     -0.0768045        1.57981       0.214197      0.0216131    -0.00319141      0.0010913         9.6261        9.94698
           1425         D0MP10        1302.04        118.693       -4.72204        122.036       -4.82978        -1.8472        46.5667     -0.0766947        1.85268       0.264487     0.00641116    0.000725218      0.0010913        9.63172        9.95243
           1426    YI10_DH0_E2        1302.04        118.693       -4.72204        122.036       -4.82978        -1.8472        46.5667     -0.0766947        1.85268       0.264487     0.00641116    0.000725218      0.0010913        9.63172        9.95243
           1427      DRIFT_404        1302.68        124.743       -4.84616        128.224       -4.95583        -1.8957        48.9369     -0.0766947        1.90118       0.268541     0.00641116     0.00141527      0.0010913        9.63254        9.95324
           1428      DRIFT_404        1303.31        130.951       -4.97028        134.571       -5.08187       -1.94419        51.3685     -0.0766947        1.94968       0.272595     0.00641116     0.00210532      0.0010913        9.63333          9.954
           1429          Q1I10        1304.75         129.61        5.86422         167.44       -18.6403       -6.35104        57.0117       0.284795       -2.58002       0.265625     -0.0159962     0.00383427     0.00133373        9.63505        9.95556
           1430      DRIFT_406        1305.59         119.97        5.63532        200.156       -20.3849       -6.11229        59.9728       0.284795       -2.81876       0.252215     -0.0159962     0.00495236     0.00133373        9.63612        9.95629
           1431      DRIFT_406        1306.43        110.713        5.40643        235.796       -22.1296       -5.87354        62.5337       0.284795       -3.05751       0.238805     -0.0159962     0.00607045     0.00133373        9.63728         9.9569
           1432          Q2I10        1309.82        147.751         -18.57         226.98        24.1472        7.52884        70.8698       0.942975        8.89614       0.259426      0.0288002     0.00827806   -0.000102357        9.64197        9.95899
           1433      DRIFT_408        1310.75        184.331       -20.7477        184.276        21.7531        8.40615        71.3257       0.942975        8.01882       0.286221      0.0288002     0.00818283   -0.000102357        9.64287        9.95972
           1434      DRIFT_408        1311.68        224.963       -22.9255        146.026         19.359        9.28347        70.1491       0.942975        7.14151       0.313016      0.0288002      0.0080876   -0.000102357        9.64359        9.96062
           1435          Q3I10        1313.78        265.764        5.09454        101.528        3.50866        2.18274        63.5995     -0.0442981       -1.22241       0.333959    -0.00926304     0.00886293    0.000855434        9.64491        9.96348
           1436      DRIFT_410        1314.77        255.783         4.9942        94.7141        3.37895        2.13891         60.274     -0.0442981       -1.17858       0.324794    -0.00926304     0.00970924    0.000855434        9.64551        9.96508
           1437      DRIFT_410        1315.76            246        4.89386        88.1566        3.24925        2.09508        57.0353     -0.0442981       -1.13476        0.31563    -0.00926304      0.0105556    0.000855434        9.64614        9.96681
           1438      DRIFT_410        1316.75        236.416        4.79352        81.8557        3.11954        2.05126        53.8832     -0.0442981       -1.09093       0.306466    -0.00926304      0.0114019    0.000855434        9.64679        9.96866
           1439      DRIFT_410        1317.74        227.031        4.69318        75.8114        2.98984        2.00743        50.8179     -0.0442981       -1.04711       0.297302    -0.00926304      0.0122482    0.000855434        9.64747        9.97066
           1440      DRIFT_410        1318.73        217.844        4.59284        70.0239        2.86013        1.96361        47.8393     -0.0442981       -1.00328       0.288137    -0.00926304      0.0130945    0.000855434        9.64818        9.97282
           1441      DRIFT_410        1319.71        208.855         4.4925        64.4929        2.73043        1.91978        44.9474     -0.0442981      -0.959454       0.278973    -0.00926304      0.0139408    0.000855434        9.64892        9.97516
           1442      DRIFT_410         1320.7        200.066        4.39216        59.2186        2.60072        1.87596        42.1422     -0.0442981      -0.915629       0.269809    -0.00926304      0.0147871    0.000855434        9.64969        9.97771
           1443      DRIFT_410        1321.69        191.474        4.29182         54.201        2.47102        1.83213        39.4238     -0.0442981      -0.871803       0.260645    -0.00926304      0.0156334    0.000855434        9.65049        9.98049
           1444      DRIFT_410        1322.68        183.081        4.19148          49.44        2.34131         1.7883         36.792     -0.0442981      -0.827977        0.25148    -0.00926304      0.0164797    0.000855434        9.65133        9.98353
           1445      DRIFT_410        1323.67        174.887        4.09114        44.9356        2.21161        1.74448         34.247     -0.0442981      -0.784151       0.242316    -0.00926304       0.017326    0.000855434        9.65221        9.98687
           1446      DRIFT_410        1324.66        166.891         3.9908        40.6879         2.0819        1.70065        31.7887     -0.0442981      -0.740326       0.233152    -0.00926304      0.0181724    0.000855434        9.65313        9.99056
           1447      DRIFT_410        1325.65        159.094        3.89046        36.6968         1.9522        1.65683        29.4171     -0.0442981        -0.6965       0.223988    -0.00926304      0.0190187    0.000855434         9.6541        9.99463
           1448      DRIFT_410        1326.64        151.495        3.79012        32.9624        1.82249          1.613        27.1323     -0.0442981      -0.652674       0.214823    -0.00926304       0.019865    0.000855434        9.65512        9.99916
           1449      DRIFT_410        1327.63        144.095        3.68978        29.4846        1.69279        1.56918        24.9341     -0.0442981      -0.608849       0.205659    -0.00926304      0.0207113    0.000855434        9.65618        10.0042
           1450      DRIFT_410        1328.62        136.894        3.58944        26.2634        1.56308        1.52535        22.8227     -0.0442981      -0.565023       0.196495    -0.00926304      0.0215576    0.000855434         9.6573        10.0099
           1451      DRIFT_410        1329.61        129.891        3.48909        23.2989        1.43338        1.48152        20.7979     -0.0442981      -0.521197       0.187331    -0.00926304      0.0224039    0.000855434        9.65848        10.0162
           1452      DRIFT_410         1330.6        123.086        3.38875        20.5911        1.30367         1.4377        18.8599     -0.0442981      -0.477371       0.178166    -0.00926304      0.0232502    0.000855434        9.65973        10.0234
           1453      DRIFT_410        1331.59         116.48        3.28841        18.1398        1.17397        1.39387        17.0086     -0.0442981      -0.433546       0.169002    -0.00926304      0.0240965    0.000855434        9.66104        10.0316
           1454      DRIFT_410        1332.58        110.073        3.18807        15.9453        1.04426        1.35005        15.2441     -0.0442981       -0.38972       0.159838    -0.00926304      0.0249428    0.000855434        9.66243        10.0408
           1455      DRIFT_410        1333.57        103.864        3.08773        14.0073       0.914555        1.30622        13.5662     -0.0442981      -0.345894       0.150674    -0.00926304      0.0257892    0.000855434        9.66391        10.0514
           1456      DRIFT_410        1334.55        97.8535        2.98739        12.3261       0.784849         1.2624        11.9751     -0.0442981      -0.302068       0.141509    -0.00926304      0.0266355    0.000855434        9.66547        10.0634
           1457      DRIFT_410        1335.54        92.0417        2.88705        10.9014       0.655144        1.21857        10.4707     -0.0442981      -0.258243       0.132345    -0.00926304      0.0274818    0.000855434        9.66713         10.077
           1458      DRIFT_410        1336.53        86.4285        2.78671        9.73344       0.525439        1.17474        9.05295     -0.0442981      -0.214417       0.123181    -0.00926304      0.0283281    0.000855434        9.66889        10.0923
           1459      DRIFT_410        1337.52        81.0138        2.68637        8.82209       0.395734        1.13092        7.72196     -0.0442981      -0.170591       0.114016    -0.00926304      0.0291744    0.000855434        9.67077        10.1093
           1460      DRIFT_410        1338.51        75.7976        2.58603        8.16738       0.266028        1.08709        6.47769     -0.0442981      -0.126766       0.104852    -0.00926304      0.0300207    0.000855434        9.67278        10.1279
           1461      DRIFT_410         1339.5          70.78        2.48569        7.76932       0.136323        1.04327        5.32014     -0.0442981     -0.0829399       0.095688    -0.00926304       0.030867    0.000855434        9.67493        10.1477
           1462      DRIFT_410        1340.49        65.9609        2.38535         7.6279     0.00661783       0.999441         4.2493     -0.0442981     -0.0391141      0.0865237    -0.00926304      0.0317133    0.000855434        9.67724        10.1682
           1463      DRIFT_410        1341.48        61.3403        2.28501        7.74313      -0.123087       0.955615        3.26518     -0.0442981     0.00471159      0.0773594    -0.00926304      0.0325596    0.000855434        9.67971        10.1888
           1464      DRIFT_410        1342.47        56.9183        2.18467          8.115      -0.252793        0.91179        2.36777     -0.0442981      0.0485373      0.0681952    -0.00926304       0.033406    0.000855434        9.68238        10.2087
           1465      DRIFT_410        1343.46        52.6948        2.08433        8.74352      -0.382498       0.867964        1.55708     -0.0442981       0.092363      0.0590309    -0.00926304      0.0342523    0.000855434        9.68525        10.2274
           1466      DRIFT_410        1344.45        48.6699        1.98399        9.62868      -0.512203       0.824138       0.833111     -0.0442981       0.136189      0.0498667    -0.00926304      0.0350986    0.000855434        9.68836        10.2446
           1467      DRIFT_410        1345.44        44.8435        1.88365        10.7705      -0.641908       0.780313       0.195856     -0.0442981       0.180014      0.0407024    -0.00926304      0.0359449    0.000855434        9.69173        10.2601
           1468      DRIFT_410        1346.43        41.2157        1.78331        12.1689      -0.771614       0.736487      -0.354682     -0.0442981        0.22384      0.0315381    -0.00926304      0.0367912    0.000855434         9.6954        10.2739
           1469      DRIFT_410        1347.42        37.7864        1.68297         13.824      -0.901319       0.692661      -0.818503     -0.0442981       0.267666      0.0223739    -0.00926304      0.0376375    0.000855434        9.69939         10.286
           1470      DRIFT_410        1348.41        34.5556        1.58262        15.7358       -1.03102       0.648835       -1.19561     -0.0442981       0.311492      0.0132096    -0.00926304      0.0384838    0.000855434        9.70375        10.2967
           1471      DRIFT_410        1349.39        31.5234        1.48228        17.9041       -1.16073        0.60501         -1.486     -0.0442981       0.355317     0.00404534    -0.00926304      0.0393301    0.000855434        9.70852        10.3061
           1472      DRIFT_410        1350.38        28.6897        1.38194        20.3292       -1.29043       0.561184       -1.68967     -0.0442981       0.399143    -0.00511892    -0.00926304      0.0401764    0.000855434        9.71375        10.3144
           1473      DRIFT_410        1351.37        26.0546         1.2816        23.0108       -1.42014       0.517358       -1.80662     -0.0442981       0.442969     -0.0142832    -0.00926304      0.0410228    0.000855434        9.71951        10.3216
           1474         Q4IT10        1352.12        24.0676        1.36336        25.3352       -1.68403       0.493719       -1.83631     -0.0506683       0.490535     -0.0211897    -0.00914679      0.0417657     0.00112653        9.72428        10.3266
           1475      DRIFT_415        1352.25        23.7149        1.34791        25.7758       -1.70372       0.487128       -1.83587     -0.0506683       0.497125     -0.0223795    -0.00914679      0.0419122     0.00112653        9.72514        10.3274
           1476          Q4I10        1354.07        25.8997       -2.66919        24.4227        2.37613        0.21817       -1.79941      0.0609356        0.18103     -0.0431322     -0.0143161      0.0378656    -0.00548354        9.73737        10.3384
           1477      DRIFT_416        1354.92        30.7012       -2.93782        20.5528         2.1431       0.270351        -1.8759      0.0609356       0.128849     -0.0553915     -0.0143161      0.0331699    -0.00548354         9.7422        10.3444
           1478      DRIFT_416        1355.78        35.9627       -3.20644        17.0819        1.91007       0.322532       -2.04176      0.0609356      0.0766676     -0.0676508     -0.0143161      0.0284742    -0.00548354         9.7463        10.3517
           1479      DRIFT_416        1356.63        41.6843       -3.47507        14.0102        1.67705       0.374713       -2.29698      0.0609356      0.0244866     -0.0799101     -0.0143161      0.0237785    -0.00548354        9.74983        10.3605
           1480      DRIFT_416        1357.49        47.8659       -3.74369        11.3375        1.44402       0.426894       -2.64158      0.0609356     -0.0276943     -0.0921694     -0.0143161      0.0190828    -0.00548354        9.75288        10.3714
           1481      DRIFT_416        1358.35        54.5076       -4.01232        9.06393        1.21099       0.479075       -3.07554      0.0609356     -0.0798753      -0.104429     -0.0143161       0.014387    -0.00548354        9.75554        10.3848
           1482      DRIFT_416         1359.2        61.6094       -4.28095        7.18946       0.977965       0.531256       -3.59887      0.0609356      -0.132056      -0.116688     -0.0143161     0.00969133    -0.00548354         9.7579        10.4017
           1483         Q5IT10        1359.95        67.7675       -3.91159        5.91753       0.721719       0.609932       -4.12993      0.0570795      -0.141968      -0.127024     -0.0132298     0.00560649    -0.00541543        9.75974        10.4201
           1484      DRIFT_419        1360.08        68.7969       -3.94311        5.73278       0.688038       0.617412       -4.22945      0.0570795      -0.149448      -0.128757     -0.0132298      0.0048968    -0.00541543        9.76005        10.4237
           1485          Q5I10        1361.19        69.9514        2.94127        5.07056     -0.0698313        1.09989       -5.12325     -0.0330505       0.289547      -0.136193   -4.51374e-05   -0.000954128    -0.00522278        9.76255        10.4573
           1486      DRIFT_420        1361.74        66.7849        2.86604        5.20563      -0.177888        1.08187       -5.55526     -0.0330505       0.307568      -0.136217   -4.51374e-05    -0.00380185    -0.00522278        9.76382        10.4742
           1487          QGTTI        1361.74        66.7849         2.8794        5.20563      -0.178929        1.08298       -5.55526     -0.0333286       0.308679      -0.136217   -1.78939e-05    -0.00380185    -0.00522354        9.76382        10.4742
           1488      DRIFT_421        1362.69        61.4583        2.74771        5.72202      -0.366592        1.05143       -6.25834     -0.0333286       0.340228      -0.136234   -1.78939e-05    -0.00874644    -0.00522354        9.76617         10.502
           1489      DRIFT_421        1363.63         56.381        2.61602        6.59369      -0.554255        1.01988        -6.9017     -0.0333286       0.371776      -0.136251   -1.78939e-05      -0.013691    -0.00522354        9.76873        10.5266
           1490      DRIFT_421        1364.58         51.553        2.48433        7.82065      -0.741918       0.988332       -7.48533     -0.0333286       0.403325      -0.136268   -1.78939e-05     -0.0186356    -0.00522354        9.77152        10.5476
           1491    YI10_DH5_E1        1364.58         51.553        2.48433        7.82065      -0.741918       0.988332       -7.48533     -0.0333286       0.403325      -0.136268   -1.78939e-05     -0.0186356    -0.00522354        9.77152        10.5476
           1492            D5I         1371.5        23.8188        1.52474        27.5654       -2.11301       0.757461       -9.93188     -0.0334311        0.63525     -0.0377928      0.0284935     -0.0547616    -0.00522354        9.80314        10.6257
           1493    YI10_DH5_E2         1371.5        23.8188        1.52474        27.5654       -2.11301       0.757461       -9.93188     -0.0334311        0.63525     -0.0377928      0.0284935     -0.0547616    -0.00522354        9.80314        10.6257
           1494      DRIFT_422        1372.33        21.3708        1.40823        31.2308       -2.27849       0.729558       -10.0106     -0.0334311       0.663153     -0.0140103      0.0284935     -0.0591215    -0.00522354        9.80903        10.6302
           1495      DRIFT_422        1373.16        19.1172        1.29172        35.1725       -2.44396       0.701654       -10.0427     -0.0334311       0.691057     0.00977232      0.0284935     -0.0634814    -0.00522354         9.8156        10.6342
           1496      DRIFT_422           1374        17.0582        1.17521        39.3903       -2.60943        0.67375       -10.0283     -0.0334311       0.718961      0.0335549      0.0284935     -0.0678413    -0.00522354        9.82296        10.6378
           1497         Q6IT10        1374.75        15.4715         0.9446         43.159       -2.40513        0.57104       -9.97764     -0.0227222       0.658199      0.0550497      0.0288553     -0.0715473    -0.00465391        9.83032        10.6407
           1498      DRIFT_424        1374.88        15.2261       0.928572        43.7921       -2.42573       0.568062       -9.96583     -0.0227222       0.661177      0.0588312      0.0288553     -0.0721572    -0.00465391        9.83168        10.6412
           1499          Q6I10        1375.99        14.8953      -0.619778         44.359        1.93376       -0.40309        -9.8644     0.00193847      -0.322563      0.0946969      0.0363559     -0.0733165     0.00258404        9.84363        10.6451
           1500      DRIFT_425        1376.95         16.168      -0.708798         40.752        1.83141      -0.401233       -9.78903     0.00193847       -0.32442       0.129525      0.0363559      -0.070841     0.00258404        9.85347        10.6487
           1501      DRIFT_425        1377.91        17.6114      -0.797817        37.3411        1.72905      -0.399376       -9.71723     0.00193847      -0.326277       0.164354      0.0363559     -0.0683656     0.00258404        9.86251        10.6526
           1502      DRIFT_425        1378.86        19.2252      -0.886837        34.1263         1.6267      -0.397519       -9.64898     0.00193847      -0.328134       0.199182      0.0363559     -0.0658901     0.00258404         9.8708        10.6569
           1503      DRIFT_425        1379.82        21.0097      -0.975857        31.1077        1.52435      -0.395662       -9.58429     0.00193847      -0.329991       0.234011      0.0363559     -0.0634146     0.00258404        9.87838        10.6615
           1504      DRIFT_425        1380.78        22.9647       -1.06488        28.2851        1.42199      -0.393805       -9.52315     0.00193847      -0.331848        0.26884      0.0363559     -0.0609391     0.00258404        9.88533        10.6667
           1505      DRIFT_425        1381.74        25.0902        -1.1539        25.6587        1.31964      -0.391948       -9.46558     0.00193847      -0.333705       0.303668      0.0363559     -0.0584636     0.00258404        9.89168        10.6723
           1506      DRIFT_425         1382.7        27.3864       -1.24292        23.2283        1.21728      -0.390091       -9.41156     0.00193847      -0.335562       0.338497      0.0363559     -0.0559881     0.00258404         9.8975        10.6786
           1507      DRIFT_425        1383.65         29.853       -1.33194        20.9941        1.11493      -0.388234        -9.3611     0.00193847      -0.337419       0.373325      0.0363559     -0.0535127     0.00258404        9.90283        10.6855
           1508      DRIFT_425        1384.61        32.4903       -1.42096         18.956        1.01257      -0.386377        -9.3142     0.00193847      -0.339276       0.408154      0.0363559     -0.0510372     0.00258404        9.90773        10.6931
           1509    YI10_DH6_E1        1384.61        32.4903       -1.42096         18.956        1.01257      -0.386377        -9.3142     0.00193847      -0.339276       0.408154      0.0363559     -0.0510372     0.00258404        9.90773        10.6931
           1510             DS        1387.56        41.6749       -1.69293        13.9124        0.69745       -0.38063       -9.19151     0.00195793      -0.344553       0.533391      0.0485662     -0.0434157     0.00258404         9.9205        10.7222
           1511    YI10_DH6_E2        1387.56        41.6749       -1.69293        13.9124        0.69745       -0.38063       -9.19151     0.00195793      -0.344553       0.533391      0.0485662     -0.0434157     0.00258404         9.9205        10.7222
           1512      DRIFT_427        1388.35        44.4059       -1.76616        12.8777       0.613097      -0.379085       -9.16425     0.00195793      -0.346099       0.571734      0.0485662     -0.0413756     0.00258404        9.92342        10.7316
           1513      DRIFT_427        1389.14        47.2525        -1.8394        11.9762       0.528745      -0.377539       -9.13943     0.00195793      -0.347644       0.610077      0.0485662     -0.0393355     0.00258404        9.92616        10.7417
           1514          QGTTI        1389.14        47.2525       -1.82995        11.9762        0.52635      -0.375711       -9.13943      0.0021026      -0.345817       0.610077      0.0484442     -0.0393355     0.00257618        9.92616        10.7417
           1515      DRIFT_428        1389.69        49.2759       -1.88014        11.4338       0.468195      -0.374564       -9.12375      0.0021026      -0.346963       0.636497      0.0484442     -0.0379305     0.00257618        9.92796        10.7491
           1516          Q7I10        1390.62        48.9956        2.17389        11.5108      -0.553109       0.386535       -9.10811    -0.00031687       0.393314       0.656749    -0.00515831     -0.0369663   -0.000488778        9.93094        10.7622
           1517      DRIFT_429        1391.59        44.8525        2.05952        12.7021       -0.66414       0.386225       -9.10118    -0.00031687       0.393624       0.651701    -0.00515831     -0.0374447   -0.000488778        9.93426        10.7751
           1518      DRIFT_429        1392.57        40.9333        1.94515        14.1107      -0.775171       0.385915       -9.09363    -0.00031687       0.393934       0.646652    -0.00515831      -0.037923   -0.000488778        9.93789        10.7868
           1519      DRIFT_429        1393.55         37.238        1.83078        15.7366      -0.886202       0.385605       -9.08548    -0.00031687       0.394244       0.641604    -0.00515831     -0.0384013   -0.000488778        9.94188        10.7972
           1520      DRIFT_429        1394.53        33.7665        1.71641        17.5798      -0.997233       0.385295       -9.07672    -0.00031687       0.394555       0.636556    -0.00515831     -0.0388797   -0.000488778        9.94628        10.8066
           1521      DRIFT_429        1395.51        30.5189        1.60204        19.6404       -1.10826       0.384985       -9.06735    -0.00031687       0.394865       0.631508    -0.00515831      -0.039358   -0.000488778        9.95113         10.815
           1522      DRIFT_429        1396.49        27.4951        1.48768        21.9182       -1.21929       0.384674       -9.05738    -0.00031687       0.395175        0.62646    -0.00515831     -0.0398364   -0.000488778        9.95651        10.8225
           1523      DRIFT_429        1397.47        24.6952        1.37331        24.4134       -1.33033       0.384364        -9.0468    -0.00031687       0.395485       0.621411    -0.00515831     -0.0403147   -0.000488778        9.96249        10.8292
           1524      DRIFT_429        1398.45        22.1191        1.25894         27.126       -1.44136       0.384054       -9.03562    -0.00031687       0.395795       0.616363    -0.00515831     -0.0407931   -0.000488778        9.96915        10.8353
           1525      DRIFT_429        1399.42        19.7669        1.14457        30.0558       -1.55239       0.383744       -9.02382    -0.00031687       0.396105       0.611315    -0.00515831     -0.0412714   -0.000488778        9.97661        10.8407
           1526      DRIFT_429         1400.4        17.6386         1.0302         33.203       -1.66342       0.383434       -9.01142    -0.00031687       0.396415       0.606267    -0.00515831     -0.0417498   -0.000488778        9.98495        10.8457
           1527      DRIFT_429        1401.38        15.7341       0.915829        36.5675       -1.77445       0.383124       -8.99841    -0.00031687       0.396725       0.601219    -0.00515831     -0.0422281   -0.000488778        9.99431        10.8501
           1528      DRIFT_429        1402.36        14.0534        0.80146        40.1493       -1.88548       0.382814        -8.9848    -0.00031687       0.397035        0.59617    -0.00515831     -0.0427064   -0.000488778        10.0048        10.8542
           1529      DRIFT_429        1403.34        12.5967        0.68709        43.9484       -1.99651       0.382504       -8.97058    -0.00031687       0.397346       0.591122    -0.00515831     -0.0431848   -0.000488778        10.0165        10.8579
           1530      DRIFT_429        1404.32        11.3637       0.572721        47.9649       -2.10754       0.382194       -8.95575    -0.00031687       0.397656       0.586074    -0.00515831     -0.0436631   -0.000488778        10.0295        10.8613
           1531          QDA10        1405.43         11.342      -0.552482        47.7812        2.26741      -0.421598       -8.95212    -0.00355831      -0.429314       0.610131      0.0488689     -0.0420077     0.00344635        10.0454        10.8649
           1532      DRIFT_432        1406.13        12.1809       -0.63386        44.6387        2.17653      -0.424114       -8.95579    -0.00355831      -0.426798       0.644688      0.0488689     -0.0395706     0.00344635         10.055        10.8674
           1533      DRIFT_432        1406.84        13.1349      -0.715238        41.6247        2.08564      -0.426631       -8.95591    -0.00355831      -0.424282       0.679246      0.0488689     -0.0371336     0.00344635        10.0639          10.87
           1534      DRIFT_432        1407.55         14.204      -0.796616        38.7393        1.99475      -0.429147       -8.95247    -0.00355831      -0.421765       0.713803      0.0488689     -0.0346965     0.00344635        10.0721        10.8728
           1535    YI10_DH8_E1        1407.55         14.204      -0.796616        38.7393        1.99475      -0.429147       -8.95247    -0.00355831      -0.421765       0.713803      0.0488689     -0.0346965     0.00344635        10.0721        10.8728
           1536              D        1416.99          39.46       -1.87727        12.5308       0.781374      -0.462407       -8.56102    -0.00348691      -0.387095        1.35802      0.0875905    -0.00216063     0.00344635        10.1374        10.9433
           1537    YI10_DH8_E2        1416.99          39.46       -1.87727        12.5308       0.781374      -0.462407       -8.56102    -0.00348691      -0.387095        1.35802      0.0875905    -0.00216063     0.00344635        10.1374        10.9433
           1538      DRIFT_434         1417.7        42.1724       -1.95835          11.49       0.690487      -0.464872       -8.50602    -0.00348691      -0.384629        1.41996      0.0875905    0.000276441     0.00344635        10.1401        10.9526
           1539      DRIFT_434         1418.4        44.9994       -2.03942        10.5777       0.599599      -0.467338       -8.44753    -0.00348691      -0.382163         1.4819      0.0875905     0.00271352     0.00344635        10.1427        10.9629
           1540      DRIFT_434        1419.11         47.941        -2.1205        9.79397       0.508712      -0.469804       -8.38556    -0.00348691      -0.379697        1.54384      0.0875905     0.00515059     0.00344635        10.1451        10.9739
           1541          QFA10        1420.22        47.8526        2.19749        9.76167      -0.478654       0.293183       -8.29872     0.00538558       0.356262        1.56308     -0.0531971     0.00929902     0.00409033        10.1488        10.9923
           1542      DRIFT_436        1421.18        43.7541        2.08079        10.7943      -0.599276       0.298343       -8.24324     0.00538558       0.351103        1.51212     -0.0531971      0.0132175     0.00409033        10.1521        11.0072
           1543      DRIFT_436        1422.14        39.8791         1.9641        12.0581      -0.719898       0.303502       -8.19764     0.00538558       0.345943        1.46116     -0.0531971       0.017136     0.00409033        10.1558        11.0206
           1544      DRIFT_436        1423.09        36.2277        1.84741        13.5529       -0.84052       0.308661       -8.16192     0.00538558       0.340784         1.4102     -0.0531971      0.0210545     0.00409033        10.1598        11.0325
           1545      DRIFT_436        1424.05        32.7999        1.73071        15.2789      -0.961142       0.313821       -8.13609     0.00538558       0.335625        1.35923     -0.0531971       0.024973     0.00409033        10.1642        11.0431
           1546      DRIFT_436        1425.01        29.5957        1.61402         17.236       -1.08176        0.31898       -8.12014     0.00538558       0.330465        1.30827     -0.0531971      0.0288915     0.00409033        10.1691        11.0525
           1547      DRIFT_436        1425.97        26.6151        1.49733        19.4242       -1.20239       0.324139       -8.11408     0.00538558       0.325306        1.25731     -0.0531971        0.03281     0.00409033        10.1745        11.0609
           1548      DRIFT_436        1426.93         23.858        1.38063        21.8435       -1.32301       0.329299       -8.11791     0.00538558       0.320147        1.20635     -0.0531971      0.0367285     0.00409033        10.1806        11.0683
           1549      DRIFT_436        1427.88        21.3245        1.26394        24.4939       -1.44363       0.334458       -8.13162     0.00538558       0.314987        1.15539     -0.0531971       0.040647     0.00409033        10.1873        11.0749
           1550      DRIFT_436        1428.84        19.0146        1.14725        27.3754       -1.56425       0.339617       -8.15522     0.00538558       0.309828        1.10442     -0.0531971      0.0445654     0.00409033        10.1949        11.0808
           1551    YI10_DH9_E1        1428.84        19.0146        1.14725        27.3754       -1.56425       0.339617       -8.15522     0.00538558       0.309828        1.10442     -0.0531971      0.0445654     0.00409033        10.1949        11.0808
           1552             DS        1431.79        13.3046       0.788635         37.698       -1.93562       0.355476       -8.28926     0.00536796       0.294386        0.96548     -0.0410187      0.0566296     0.00409033        10.2246        11.0954
           1553    YI10_DH9_E2        1431.79        13.3046       0.788635         37.698       -1.93562       0.355476       -8.28926     0.00536796       0.294386        0.96548     -0.0410187      0.0566296     0.00409033        10.2246        11.0954
           1554      DRIFT_438        1432.41        12.3713       0.712857         40.153       -2.01389       0.358813       -8.32931     0.00536796       0.291049       0.939983     -0.0410187      0.0591721     0.00409033        10.2323        11.0979
           1555      DRIFT_438        1433.04        11.5322       0.637079        42.7053       -2.09215       0.362149       -8.37351     0.00536796       0.287713       0.914486     -0.0410187      0.0617147     0.00409033        10.2406        11.1003
           1556           SDPI        1433.79        10.6451       0.545647        45.9144       -2.18659       0.366175       -8.43235     0.00536796       0.283687       0.883722     -0.0410187      0.0647824     0.00409033        10.2514         11.103
           1557      DRIFT_440        1433.92        10.5042       0.529671        46.4897       -2.20309       0.366879       -8.44326     0.00536796       0.282983       0.878346     -0.0410187      0.0653185     0.00409033        10.2533        11.1035
           1558             QD        1435.03         10.539      -0.562089        46.4951         2.1984      -0.422496       -8.55271    -0.00877236      -0.530588        0.87841      0.0411352      0.0663895    -0.00217738        10.2705        11.1072
           1559      DRIFT_441        1435.73        11.3964      -0.650386        43.4486        2.10969      -0.428699       -8.62476    -0.00877236      -0.524384       0.907499      0.0411352      0.0648498    -0.00217738        10.2807        11.1097
           1560      DRIFT_441        1436.44        12.3786      -0.738684        40.5276        2.02097      -0.434902       -8.68803    -0.00877236      -0.518181       0.936588      0.0411352        0.06331    -0.00217738        10.2902        11.1124
           1561      DRIFT_441        1437.15        13.4858      -0.826981        37.7321        1.93226      -0.441106       -8.74254    -0.00877236      -0.511978       0.965676      0.0411352      0.0617703    -0.00217738        10.2989        11.1153
           1562   YI10_DH10_E1        1437.15        13.4858      -0.826981        37.7321        1.93226      -0.441106       -8.74254    -0.00877236      -0.511978       0.965676      0.0411352      0.0617703    -0.00217738        10.2989        11.1153
           1563              D        1446.59        40.2184       -2.00431        12.4103        0.74894      -0.525167       -8.62188    -0.00880937       -0.42862        1.53754        0.08001      0.0411832    -0.00218357        10.3654        11.1871
           1564   YI10_DH10_E2        1446.59        40.2184       -2.00431        12.4103        0.74894      -0.525167       -8.62188    -0.00880937       -0.42862        1.53754        0.08001      0.0411832    -0.00218357        10.3654        11.1871
           1565      DRIFT_443        1447.21        42.7525       -2.08168        11.5297       0.670934       -0.53063       -8.55861    -0.00880937      -0.423157        1.58716        0.08001       0.039829    -0.00218357        10.3677        11.1954
           1566      DRIFT_443        1447.83        45.3826       -2.15905        10.7458       0.592929      -0.536094       -8.48857    -0.00880937      -0.417693        1.63678        0.08001      0.0384748    -0.00218357          10.37        11.2042
           1567           SFPI        1448.58        48.6914       -2.25261        9.92717       0.498597      -0.542701       -8.39481    -0.00880937      -0.411086        1.69679        0.08001      0.0368371    -0.00218357        10.3725        11.2158
           1568      DRIFT_445        1448.71        49.2839       -2.26896        9.79865       0.482114      -0.543855       -8.37741    -0.00880937      -0.409932        1.70728        0.08001      0.0365509    -0.00218357        10.3729        11.2179
           1569             QF        1449.82        49.2709        2.28026        9.84923      -0.529218       0.232873       -8.23943     0.00845803       0.341191        1.70817     -0.0784121      0.0359675     0.00112337        10.3765        11.2362
           1570      DRIFT_446        1450.53        46.1089        2.19128        10.6627      -0.621124       0.238854       -8.16707     0.00845803        0.33521        1.65272     -0.0784121      0.0367619     0.00112337        10.3788        11.2472
           1571      DRIFT_446        1451.23        43.0727        2.10231        11.6061      -0.713029       0.244835       -8.10316     0.00845803       0.329229        1.59727     -0.0784121      0.0375563     0.00112337        10.3814        11.2574
           1572      DRIFT_446        1451.94        40.1623        2.01333        12.6795      -0.804935       0.250816       -8.04771     0.00845803       0.323248        1.54182     -0.0784121      0.0383507     0.00112337        10.3841        11.2666
           1573   YI10_DH11_E1        1451.94        40.1623        2.01333        12.6795      -0.804935       0.250816       -8.04771     0.00845803       0.323248        1.54182     -0.0784121      0.0383507     0.00112337        10.3841        11.2666
           1574              D        1461.38        13.3535       0.825936        39.4338       -2.02804       0.329886       -8.11231     0.00847396       0.243721       0.984676     -0.0396148      0.0489346     0.00111863        10.4509         11.336
           1575   YI10_DH11_E2        1461.38        13.3535       0.825936        39.4338       -2.02804       0.329886       -8.11231     0.00847396       0.243721       0.984676     -0.0396148      0.0489346     0.00111863        10.4509         11.336
           1576      DRIFT_448           1462        12.3775       0.747809        41.9993       -2.10845       0.335142       -8.16901     0.00847396       0.238466       0.960107     -0.0396148      0.0496283     0.00111863        10.4586        11.3384
           1577      DRIFT_448        1462.62        11.4984       0.669682        44.6644       -2.18887       0.340397       -8.23222     0.00847396        0.23321       0.935538     -0.0396148      0.0503221     0.00111863        10.4668        11.3407
           1578           SDMI        1463.37        10.5647       0.575202        48.0207       -2.28611       0.346753       -8.31738     0.00847396       0.226855       0.905827     -0.0396148      0.0511611     0.00111863        10.4777        11.3433
           1579      DRIFT_450         1463.5        10.4161       0.558694        48.6221        -2.3031       0.347863       -8.33324     0.00847396       0.225744       0.900636     -0.0396148      0.0513077     0.00111863        10.4797        11.3437
           1580             QD        1464.61        10.3775      -0.522729         48.623        2.30229      -0.433429       -8.48617      -0.012013      -0.579306       0.903464      0.0447556      0.0498646    -0.00369609         10.497        11.3473
           1581      DRIFT_451        1465.32        11.1782       -0.60949        45.4317        2.21066      -0.441924       -8.58332      -0.012013      -0.570811       0.935113      0.0447556      0.0472509    -0.00369609        10.5075        11.3497
           1582      DRIFT_451        1466.03        12.1015      -0.696252          42.37        2.11903      -0.450419       -8.66846      -0.012013      -0.562316       0.966761      0.0447556      0.0446372    -0.00369609        10.5171        11.3522
           1583      DRIFT_451        1466.73        13.1476      -0.783014        39.4378         2.0274      -0.458914       -8.74158      -0.012013      -0.553821        0.99841      0.0447556      0.0420235    -0.00369609        10.5261         11.355
           1584   YI10_DH12_E1        1466.73        13.1476      -0.783014        39.4378         2.0274      -0.458914       -8.74158      -0.012013      -0.553821        0.99841      0.0447556      0.0420235    -0.00369609        10.5261         11.355
           1585              D        1476.18        38.8424       -1.93787        12.6964       0.804633      -0.572799       -8.56063     -0.0119936      -0.439624        1.60394      0.0835163     0.00712107    -0.00369762        10.5946        11.4243
           1586   YI10_DH12_E2        1476.18        38.8424       -1.93787        12.6964       0.804633      -0.572799       -8.56063     -0.0119936      -0.439624        1.60394      0.0835163     0.00712107    -0.00369762        10.5946        11.4243
           1587      DRIFT_453         1476.8        41.2932        -2.0138        11.7482       0.724159      -0.580237       -8.47342     -0.0119936      -0.432186        1.65574      0.0835163     0.00482783    -0.00369762        10.5971        11.4324
           1588      DRIFT_453        1477.42        43.8382       -2.08973        10.8999       0.643685      -0.587675       -8.37699     -0.0119936      -0.424748        1.70753      0.0835163     0.00253459    -0.00369762        10.5994        11.4411
           1589           SFMI        1478.17        47.0417       -2.18155        10.0074       0.546368      -0.596671       -8.24805     -0.0119936      -0.415753        1.77017      0.0835163    -0.00023863    -0.00369762        10.6021        11.4526
           1590      DRIFT_455         1478.3        47.6155       -2.19759        9.86638       0.529363      -0.598242       -8.22413     -0.0119936      -0.414181        1.78112      0.0835163   -0.000723204    -0.00369762        10.6025        11.4547
           1591             QF        1479.41        47.6172        2.19615        9.81686      -0.483247       0.161643       -8.02907      0.0121304       0.320133        1.78211     -0.0817375    -0.00493498    -0.00395561        10.6061         11.473
           1592      DRIFT_456        1480.11        44.5724        2.10967        10.5631      -0.572103       0.170221       -7.92307      0.0121304       0.311555        1.72431     -0.0817375    -0.00773217    -0.00395561        10.6086         11.484
           1593      DRIFT_456        1480.82        41.6498         2.0232        11.4351      -0.660959       0.178799       -7.82919      0.0121304       0.302977        1.66651     -0.0817375     -0.0105294    -0.00395561        10.6112        11.4943
           1594      DRIFT_456        1481.53        38.8496        1.93672        12.4327      -0.749815       0.187377       -7.74744      0.0121304       0.294399        1.60871     -0.0817375     -0.0133266    -0.00395561         10.614        11.5037
           1595   YI10_DH13_E1        1481.53        38.8496        1.93672        12.4327      -0.749815       0.187377       -7.74744      0.0121304       0.294399        1.60871     -0.0817375     -0.0133266    -0.00395561         10.614        11.5037
           1596              D        1490.97        13.1703       0.782823        37.7656       -1.93274       0.301205       -7.81286      0.0121385       0.180301        1.02018     -0.0429357     -0.0506582    -0.00395248        10.6825        11.5754
           1597   YI10_DH13_E2        1490.97        13.1703       0.782823        37.7656       -1.93274       0.301205       -7.81286      0.0121385       0.180301        1.02018     -0.0429357     -0.0506582    -0.00395248        10.6825        11.5754
           1598      DRIFT_458        1491.59        12.2464       0.706875        40.2112       -2.01051       0.308733       -7.89251      0.0121385       0.172772       0.993556     -0.0429357     -0.0531095    -0.00395248        10.6903         11.578
           1599      DRIFT_458        1492.21        11.4167       0.630928        42.7532       -2.08827       0.316261        -7.9815      0.0121385       0.165244       0.966927     -0.0429357     -0.0555608    -0.00395248        10.6986        11.5804
           1600           SDPI        1492.96        10.5392       0.539084        45.9561       -2.18232       0.325365       -8.10159      0.0121385        0.15614       0.934726     -0.0429357     -0.0585251    -0.00395248        10.7095        11.5831
           1601      DRIFT_460        1493.09           10.4       0.523036        46.5303       -2.19875       0.326956       -8.12398      0.0121385        0.15455       0.929099     -0.0429357     -0.0590431    -0.00395248        10.7115        11.5835
           1602             QD         1494.2         10.441      -0.561298        46.5171         2.2102      -0.438185       -8.33403     -0.0154421      -0.634067       0.929727      0.0440776     -0.0602864     0.00173189        10.7288        11.5872
           1603      DRIFT_461        1494.91        11.2979      -0.650364        43.4545        2.12074      -0.449104       -8.46482     -0.0154421      -0.623148       0.960896      0.0440776     -0.0590617     0.00173189        10.7392        11.5897
           1604      DRIFT_461        1495.61        12.2806      -0.739429        40.5184        2.03127      -0.460024       -8.58018     -0.0154421      -0.612228       0.992066      0.0440776      -0.057837     0.00173189        10.7487        11.5924
           1605      DRIFT_461        1496.32        13.3894      -0.828495        37.7089        1.94181      -0.470944       -8.68008     -0.0154421      -0.601308        1.02323      0.0440776     -0.0566123     0.00173189        10.7575        11.5953
           1606   YI10_DH14_E1        1496.32        13.3894      -0.828495        37.7089        1.94181      -0.470944       -8.68008     -0.0154421      -0.601308        1.02323      0.0440776     -0.0566123     0.00173189        10.7575        11.5953
           1607              D        1505.76        40.1918       -2.00827        12.3356       0.746646      -0.615026       -8.53322     -0.0152542      -0.454145        1.62154      0.0826479     -0.0402849     0.00172733        10.8242        11.6674
           1608   YI10_DH14_E2        1505.76        40.1918       -2.00827        12.3356       0.746646      -0.615026       -8.53322     -0.0152542      -0.454145        1.62154      0.0826479     -0.0402849     0.00172733        10.8242        11.6674
           1609      DRIFT_463        1506.38         42.731       -2.08593         11.458       0.668341      -0.624487       -8.42758     -0.0152542      -0.444684         1.6728      0.0826479     -0.0392136     0.00172733        10.8266        11.6757
           1610      DRIFT_463           1507        45.3665        -2.1636        10.6776       0.590036      -0.633948        -8.3102     -0.0152542      -0.435224        1.72406      0.0826479     -0.0381423     0.00172733        10.8288        11.6847
           1611           SFPI        1507.75        48.6823       -2.25752        9.86356       0.495342      -0.645388       -8.15257     -0.0152542      -0.423783        1.78604      0.0826479     -0.0368468     0.00172733        10.8314        11.6963
           1612      DRIFT_465        1507.88        49.2762       -2.27393         9.7359       0.478795      -0.647387       -8.12327     -0.0152542      -0.421784        1.79687      0.0826479     -0.0366204     0.00172733        10.8318        11.6984
           1613             QF        1508.99         49.276        2.27408        9.78811      -0.527421        0.10059       -7.88042      0.0150791       0.301363        1.79613     -0.0839705     -0.0365552     -0.0016088        10.8353        11.7169
           1614      DRIFT_466         1509.7        46.1224        2.18552        10.5993      -0.619763       0.111253       -7.74598      0.0150791         0.2907        1.73675     -0.0839705     -0.0376929     -0.0016088        10.8377        11.7279
           1615      DRIFT_466        1510.41        43.0941        2.09695        11.5412      -0.712105       0.121916       -7.62663      0.0150791       0.280036        1.67737     -0.0839705     -0.0388305     -0.0016088        10.8402        11.7381
           1616      DRIFT_466        1511.12         40.191        2.00839        12.6136      -0.804447       0.132579       -7.52235      0.0150791       0.269373        1.61799     -0.0839705     -0.0399682     -0.0016088        10.8429        11.7474
           1617   YI10_DH15_E1        1511.12         40.191        2.00839        12.6136      -0.804447       0.132579       -7.52235      0.0150791       0.269373        1.61799     -0.0839705     -0.0399682     -0.0016088        10.8429        11.7474
           1618              D        1520.56        13.4457       0.825283        39.3819       -2.02888       0.273521       -7.57135       0.015141       0.126153        1.00924     -0.0450006     -0.0551063     -0.0015976        10.9095         11.817
           1619   YI10_DH15_E2        1520.56        13.4457       0.825283        39.3819       -2.02888       0.273521       -7.57135       0.015141       0.126153        1.00924     -0.0450006     -0.0551063     -0.0015976        10.9095         11.817
           1620      DRIFT_468        1521.18        12.4701       0.747741        41.9484       -2.10945       0.282911       -7.66857       0.015141       0.116762       0.981335     -0.0450006     -0.0560971     -0.0015976        10.9171        11.8195
           1621      DRIFT_468         1521.8        11.5907       0.670199        44.6149       -2.19002       0.292302       -7.77744       0.015141       0.107372       0.953426     -0.0450006     -0.0570879     -0.0015976        10.9253        11.8217
           1622           SDMI        1522.55        10.6557       0.576428         47.973       -2.28746       0.303657       -7.92466       0.015141      0.0960163       0.919676     -0.0450006     -0.0582861     -0.0015976        10.9361        11.8243
           1623      DRIFT_470        1522.68        10.5068       0.560043        48.5748       -2.30449       0.305642       -7.95213       0.015141      0.0940321       0.913778     -0.0450006     -0.0584955     -0.0015976         10.938        11.8248
           1624             QD        1523.79        10.4735      -0.529009        48.5843        2.29623      -0.444932       -8.20653     -0.0186522      -0.679236       0.911212      0.0403365     -0.0572021      0.0039077        10.9552        11.8283
           1625      DRIFT_471        1524.49        11.2828      -0.615422        45.4013        2.20493      -0.458121       -8.36289     -0.0186522      -0.666046       0.939736      0.0403365     -0.0544388      0.0039077        10.9656        11.8307
           1626      DRIFT_471         1525.2        12.2143      -0.701834        42.3475        2.11364      -0.471311        -8.5006     -0.0186522      -0.652856       0.968259      0.0403365     -0.0516754      0.0039077        10.9752        11.8333
           1627      DRIFT_471        1525.91         13.268      -0.788247        39.4227        2.02234      -0.484501       -8.61965     -0.0186522      -0.639667       0.996783      0.0403365     -0.0489121      0.0039077         10.984         11.836
           1628   YI10_DH16_E1        1525.91         13.268      -0.788247        39.4227        2.02234      -0.484501       -8.61965     -0.0186522      -0.639667       0.996783      0.0403365     -0.0489121      0.0039077         10.984         11.836
           1629              D        1535.35        39.0409       -1.94171        12.7193       0.804838      -0.662367       -8.41278     -0.0187348      -0.463121        1.56109       0.079212     -0.0119941     0.00391242        11.0521        11.9053
           1630   YI10_DH16_E2        1535.35        39.0409       -1.94171        12.7193       0.804838      -0.662367       -8.41278     -0.0187348      -0.463121        1.56109       0.079212     -0.0119941     0.00391242        11.0521        11.9053
           1631      DRIFT_473        1535.97        41.4964       -2.01748        11.7708       0.724493      -0.673986         -8.282     -0.0187348      -0.451502        1.61022       0.079212    -0.00956765     0.00391242        11.0545        11.9134
           1632      DRIFT_473        1536.59        44.0459       -2.09326         10.922       0.644148      -0.685605       -8.13681     -0.0187348      -0.439882        1.65935       0.079212    -0.00714119     0.00391242        11.0568        11.9221
           1633           SFMI        1537.34        47.2545        -2.1849        10.0287       0.546987      -0.699656       -7.94198     -0.0187348      -0.425831        1.71876       0.079212    -0.00420687     0.00391242        11.0594        11.9335
           1634      DRIFT_475        1537.47        47.8292       -2.20091        9.88753        0.53001      -0.702111       -7.90578     -0.0187348      -0.423376        1.72914       0.079212    -0.00369415     0.00391242        11.0599        11.9356
           1635             QF        1538.58        47.8156        2.21279        9.83862      -0.484455      0.0230095       -7.60219      0.0187788       0.277434        1.72805     -0.0811513    0.000532722     0.00376825        11.0635        11.9538
           1636      DRIFT_476        1539.29        44.7477        2.12559        10.5865      -0.573198      0.0362889       -7.43166      0.0187788       0.264154        1.67067     -0.0811513     0.00319742     0.00376825         11.066        11.9649
           1637      DRIFT_476           1540        41.8032        2.03839          11.46      -0.661942      0.0495682       -7.27992      0.0187788       0.250875        1.61328     -0.0811513     0.00586213     0.00376825        11.0686        11.9751
           1638      DRIFT_476         1540.7         38.982        1.95119        12.4589      -0.750685      0.0628476       -7.14696      0.0187788       0.237596        1.55589     -0.0811513     0.00852683     0.00376825        11.0713        11.9845
           1639   YI10_DH17_E1         1540.7         38.982        1.95119        12.4589      -0.750685      0.0628476       -7.14696      0.0187788       0.237596        1.55589     -0.0811513     0.00852683     0.00376825        11.0713        11.9845
           1640              D        1550.14         13.136        0.78676        37.7729       -1.92914        0.23903       -7.16685      0.0188101      0.0599703       0.973426     -0.0422466      0.0440838     0.00376339        11.1398        12.0562
           1641   YI10_DH17_E2        1550.14         13.136        0.78676        37.7729       -1.92914        0.23903       -7.16685      0.0188101      0.0599703       0.973426     -0.0422466      0.0440838     0.00376339        11.1398        12.0562
           1642      DRIFT_478        1550.76        12.2075       0.710322        40.2139       -2.00666       0.250696       -7.28513      0.0188101      0.0483044       0.947225     -0.0422466      0.0464178     0.00376339        11.1476        12.0587
           1643      DRIFT_478        1551.38        11.3738       0.633884         42.751       -2.08419       0.262362       -7.41789      0.0188101      0.0366385       0.921024     -0.0422466      0.0487519     0.00376339         11.156        12.0611
           1644           SDPI        1552.13        10.4923       0.541448        45.9476       -2.17794       0.276469       -7.59776      0.0188101       0.022531       0.889339     -0.0422466      0.0515744     0.00376339         11.167        12.0638
           1645      DRIFT_480        1552.26        10.3525       0.525296        46.5206       -2.19432       0.278934       -7.63136      0.0188101      0.0200659       0.883803     -0.0422466      0.0520676     0.00376339         11.169        12.0642
           1646             QD        1553.37         10.383      -0.553707        46.5035        2.20918      -0.444194       -7.93941     -0.0217982      -0.725377        0.88277      0.0403688      0.0534697    -0.00125907        11.1863         12.068
           1647      DRIFT_481        1554.08         11.229      -0.642693        43.4423        2.11976      -0.459609       -8.12735     -0.0217982      -0.709962       0.911316      0.0403688      0.0525794    -0.00125907        11.1968        12.0705
           1648      DRIFT_481        1554.79        12.2009       -0.73168        40.5076        2.03034      -0.475023       -8.29348     -0.0217982      -0.694548       0.939863      0.0403688      0.0516891    -0.00125907        11.2064        12.0731
           1649      DRIFT_481         1555.5        13.2987      -0.820667        37.6993        1.94092      -0.490438       -8.43782     -0.0217982      -0.679133        0.96841      0.0403688      0.0507987    -0.00125907        11.2152         12.076
           1650   YI10_DH18_E1         1555.5        13.2987      -0.820667        37.6993        1.94092      -0.490438       -8.43782     -0.0217982      -0.679133        0.96841      0.0403688      0.0507987    -0.00125907        11.2152         12.076
           1651              D        1564.94        39.9698       -2.00311        12.3213       0.747182      -0.695898       -8.27222     -0.0217109      -0.472398        1.53222      0.0790588      0.0389108    -0.00125936        11.2823        12.1482
           1652   YI10_DH18_E2        1564.94        39.9698       -2.00311        12.3213       0.747182      -0.695898       -8.27222     -0.0217109      -0.472398        1.53222      0.0790588      0.0389108    -0.00125936        11.2823        12.1482
           1653      DRIFT_483        1565.56        42.5027       -2.08088        11.4432       0.668746      -0.709362       -8.12525     -0.0217109      -0.458933        1.58125      0.0790588      0.0381298    -0.00125936        11.2847        12.1565
           1654      DRIFT_483        1566.18         45.132       -2.15866        10.6623        0.59031      -0.722827       -7.96159     -0.0217109      -0.445468        1.63028      0.0790588      0.0373487    -0.00125936         11.287        12.1654
           1655           SFPI        1566.93        48.4406       -2.25271        9.84799       0.495457      -0.739111       -7.74135     -0.0217109      -0.429185        1.68957      0.0790588      0.0364042    -0.00125936        11.2895        12.1771
           1656      DRIFT_485        1567.06        49.0331       -2.26915         9.7203       0.478883      -0.741956       -7.70037     -0.0217109       -0.42634        1.69993      0.0790588      0.0362392    -0.00125936          11.29        12.1792
           1657             QF        1568.17        49.0451        2.25878        9.77136      -0.526435     -0.0380025       -7.35416      0.0215936       0.254183        1.70014     -0.0786823      0.0366835     0.00206667        11.2935        12.1977
           1658      DRIFT_486        1568.88        45.9127         2.1708        10.5812       -0.61886     -0.0227326       -7.15834      0.0215936       0.238913         1.6445     -0.0786823      0.0381449     0.00206667        11.2959        12.2088
           1659      DRIFT_486        1569.58        42.9048        2.08282        11.5219      -0.711285    -0.00746279       -6.98412      0.0215936       0.223643        1.58886     -0.0786823      0.0396063     0.00206667        11.2984         12.219
           1660      DRIFT_486        1570.29        40.0213        1.99483        12.5932       -0.80371     0.00780706       -6.83149      0.0215936       0.208373        1.53322     -0.0786823      0.0410678     0.00206667        11.3011        12.2283
           1661   YI10_DH19_E1        1570.29        40.0213        1.99483        12.5932       -0.80371     0.00780706       -6.83149      0.0215936       0.208373        1.53322     -0.0786823      0.0410678     0.00206667        11.3011        12.2283
           1662              D        1579.73        13.4548       0.819709        39.3632       -2.02998       0.210423       -6.85875      0.0216225      0.0039922       0.974245     -0.0397423      0.0605302     0.00205573        11.3678         12.298
           1663   YI10_DH19_E2        1579.73        13.4548       0.819709        39.3632       -2.02998       0.210423       -6.85875      0.0216225      0.0039922       0.974245     -0.0397423      0.0605302     0.00205573        11.3678         12.298
           1664      DRIFT_488        1580.35        12.4858       0.742642        41.9312       -2.11066       0.223833       -6.99509      0.0216225    -0.00941796       0.949598     -0.0397423      0.0618052     0.00205573        11.3754        12.3004
           1665      DRIFT_488        1580.97        11.6124       0.665575        44.5992       -2.19134       0.237243       -7.14807      0.0216225     -0.0228281        0.92495     -0.0397423      0.0630801     0.00205573        11.3837        12.3027
           1666           SDMI        1581.72         10.684       0.572378        47.9594       -2.28891        0.25346       -7.35529      0.0216225      -0.039045       0.895143     -0.0397423      0.0646219     0.00205573        11.3944        12.3053
           1667      DRIFT_490        1581.85        10.5361       0.556094        48.5616       -2.30596       0.256293       -7.39399      0.0216225     -0.0418787       0.889935     -0.0397423      0.0648913     0.00205573        11.3963        12.3057
           1668             QD        1582.96        10.5151      -0.536483        48.5726        2.29639      -0.447464       -7.74626       -0.02504      -0.766789       0.892076       0.043635      0.0637636    -0.00406986        11.4135        12.3093
           1669      DRIFT_491        1583.67         11.335       -0.62309        45.3894        2.20506      -0.465171       -7.95955       -0.02504      -0.749082       0.922933       0.043635      0.0608856    -0.00406986        11.4238        12.3117
           1670      DRIFT_491        1584.38        12.2775      -0.709696        42.3354        2.11373      -0.482878       -8.14779       -0.02504      -0.731375       0.953789       0.043635      0.0580076    -0.00406986        11.4333        12.3143
           1671      DRIFT_491        1585.08        13.3425      -0.796303        39.4105         2.0224      -0.500584         -8.311       -0.02504      -0.713668       0.984645       0.043635      0.0551297    -0.00406986        11.4421         12.317
           1672   YI10_DH20_E1        1585.08        13.3425      -0.796303        39.4105         2.0224      -0.500584         -8.311       -0.02504      -0.713668       0.984645       0.043635      0.0551297    -0.00406986        11.4421         12.317
           1673              D        1594.52        39.2765       -1.95019        12.7203       0.803924      -0.737892       -8.08367     -0.0250556      -0.476607        1.57982      0.0824457      0.0166886    -0.00407326        11.5098        12.3863
           1674   YI10_DH20_E2        1594.52        39.2765       -1.95019        12.7203       0.803924      -0.737892       -8.08367     -0.0250556      -0.476607        1.57982      0.0824457      0.0166886    -0.00407326        11.5098        12.3863
           1675      DRIFT_493        1595.14        41.7426       -2.02603        11.7729       0.723657      -0.753431       -7.91199     -0.0250556      -0.461068        1.63095      0.0824457      0.0141624    -0.00407326        11.5122        12.3944
           1676      DRIFT_493        1595.76        44.3027       -2.10188         10.925       0.643389       -0.76897       -7.72103     -0.0250556      -0.445529        1.68208      0.0824457      0.0116362    -0.00407326        11.5145        12.4031
           1677           SFMI        1596.51        47.5243        -2.1936        10.0328       0.546322      -0.787762       -7.46436     -0.0250556      -0.426737        1.74392      0.0824457     0.00858124    -0.00407326        11.5171        12.4145
           1678      DRIFT_495        1596.65        48.1013       -2.20963        9.89178       0.529361      -0.791046       -7.41661     -0.0250556      -0.423453        1.75472      0.0824457     0.00804744    -0.00407326        11.5175        12.4166
           1679             QF        1597.76        48.0819        2.22656        9.84412      -0.484969      -0.116857       -7.01084      0.0250764       0.228167        1.75592     -0.0803017     0.00386291    -0.00353043        11.5211        12.4348
           1680      DRIFT_496        1598.46        44.9948        2.13894        10.5928      -0.573698     -0.0991241        -6.7794      0.0250764       0.210434        1.69914     -0.0803017     0.00136639    -0.00353043        11.5236        12.4458
           1681      DRIFT_496        1599.17        42.0317        2.05133        11.4669      -0.662427     -0.0813915       -6.57303      0.0250764       0.192701        1.64235     -0.0803017    -0.00113014    -0.00353043        11.5262        12.4561
           1682      DRIFT_496        1599.88        39.1925        1.96371        12.4665      -0.751157     -0.0636588       -6.39175      0.0250764       0.174969        1.58557     -0.0803017    -0.00362666    -0.00353043        11.5289        12.4655
           1683   YI11_DH20_E1        1599.88        39.1925        1.96371        12.4665      -0.751157     -0.0636588       -6.39175      0.0250764       0.174969        1.58557     -0.0803017    -0.00362666    -0.00353043        11.5289        12.4655
           1684              D        1609.32        13.1715        0.79323         37.775       -1.92764       0.171765       -6.37017      0.0250939      -0.062345        1.01151     -0.0413197     -0.0369397    -0.00352561        11.5971        12.5371
           1685   YI11_DH20_E2        1609.32        13.1715        0.79323         37.775       -1.92764       0.171765       -6.37017      0.0250939      -0.062345        1.01151     -0.0413197     -0.0369397    -0.00352561        11.5971        12.5371
           1686      DRIFT_498        1609.94        12.2352       0.716516         40.214       -2.00507       0.187329       -6.52501      0.0250939     -0.0779081       0.985883     -0.0413197     -0.0391262    -0.00352561        11.6049        12.5396
           1687      DRIFT_498        1610.56         11.394       0.639803        42.7491       -2.08249       0.202892       -6.69916      0.0250939     -0.0934711       0.960257     -0.0413197     -0.0413128    -0.00352561        11.6133         12.542
           1688           SDPI        1611.31        10.5038       0.547034        45.9431       -2.17612       0.221712       -6.93555      0.0250939      -0.112292       0.929267     -0.0413197      -0.043957    -0.00352561        11.6242        12.5447
           1689      DRIFT_500        1611.44        10.3626       0.530824        46.5156       -2.19248       0.225001       -6.97975      0.0250939       -0.11558       0.923852     -0.0413197      -0.044419    -0.00352561        11.6262        12.5451
           1690             QD        1612.55        10.3815       -0.54845        46.4953        2.21006      -0.441851       -7.38006     -0.0278666      -0.802988       0.925978       0.045183      -0.045959    0.000775108        11.6436        12.5489
           1691      DRIFT_501        1613.26        11.2198      -0.637055         43.433        2.12057      -0.461557        -7.6215     -0.0278666      -0.783282       0.957929       0.045183     -0.0454109    0.000775108         11.654        12.5514
           1692      DRIFT_501        1613.96        12.1835      -0.725661        40.4971        2.03107      -0.481262       -7.83507     -0.0278666      -0.763576        0.98988       0.045183     -0.0448628    0.000775108        11.6636        12.5541
           1693      DRIFT_501        1614.67        13.2724      -0.814266        37.6879        1.94158      -0.500968       -8.02077     -0.0278666      -0.743871        1.02183       0.045183     -0.0443147    0.000775108        11.6725         12.557
           1694   YI11_DH19_E1        1614.67        13.2724      -0.814266        37.6879        1.94158      -0.500968       -8.02077     -0.0278666      -0.743871        1.02183       0.045183     -0.0443147    0.000775108        11.6725         12.557
           1695              D        1624.11        39.8129       -1.99699        12.2832       0.748101      -0.765801       -7.82094      -0.027958      -0.480283        1.63177      0.0840309     -0.0369666    0.000781393        11.7398        12.6292
           1696   YI11_DH19_E2        1624.11        39.8129       -1.99699        12.2832       0.748101      -0.765801       -7.82094      -0.027958      -0.480283        1.63177      0.0840309     -0.0369666    0.000781393        11.7398        12.6292
           1697      DRIFT_503        1624.73        42.3381       -2.07469        11.4041       0.669352       -0.78314       -7.63311      -0.027958      -0.462944        1.68388      0.0840309      -0.036482    0.000781393        11.7422        12.6376
           1698      DRIFT_503        1625.35        44.9597       -2.15239        10.6227       0.590603       -0.80048       -7.42378      -0.027958      -0.445604          1.736      0.0840309     -0.0359974    0.000781393        11.7445        12.6465
           1699           SFPI         1626.1        48.2588       -2.24635         9.8082       0.495372      -0.821448       -7.14189      -0.027958      -0.424636        1.79902      0.0840309     -0.0354113    0.000781393        11.7471        12.6582
           1700      DRIFT_505        1626.23        48.8497       -2.26277        9.68054       0.478732      -0.825112       -7.08941      -0.027958      -0.420972        1.81003      0.0840309     -0.0353089    0.000781393        11.7475        12.6604
           1701             QF        1627.34         48.866        2.24859        9.72847      -0.523372      -0.182955       -6.64129      0.0279582       0.199692        1.81009     -0.0839311     -0.0362451    -0.00248245        11.7511        12.6789
           1702      DRIFT_506        1628.05        45.7478        2.16095        10.5341      -0.615971      -0.163185       -6.38468      0.0279582       0.179922        1.75074     -0.0839311     -0.0380005    -0.00248245        11.7534        12.6901
           1703      DRIFT_506        1628.76        42.7536        2.07331        11.4708       -0.70857      -0.143414       -6.15604      0.0279582       0.160151        1.69138     -0.0839311      -0.039756    -0.00248245         11.756        12.7003
           1704      DRIFT_506        1629.46        39.8833        1.98567        12.5384      -0.801168      -0.123644       -5.95535      0.0279582       0.140381        1.63203     -0.0839311     -0.0415114    -0.00248245        11.7587        12.7097
           1705   YI11_DH18_E1        1629.46        39.8833        1.98567        12.5384      -0.801168      -0.123644       -5.95535      0.0279582       0.140381        1.63203     -0.0839311     -0.0415114    -0.00248245        11.7587        12.7097
           1706              D         1638.9        13.4541       0.814698        39.2718       -2.02826       0.138918        -5.9508       0.027961      -0.124152        1.02385     -0.0449232     -0.0648874    -0.00246873        11.8255        12.7796
           1707   YI11_DH18_E2         1638.9        13.4541       0.814698        39.2718       -2.02826       0.138918        -5.9508       0.027961      -0.124152        1.02385     -0.0449232     -0.0648874    -0.00246873        11.8255        12.7796
           1708      DRIFT_508        1639.52        12.4911       0.738005        41.8377       -2.10902       0.156259       -6.12471       0.027961      -0.141493       0.995984     -0.0449232     -0.0664185    -0.00246873        11.8331        12.7821
           1709      DRIFT_508        1640.14        11.6233       0.661312        44.5038       -2.18978         0.1736       -6.32013       0.027961      -0.158834       0.968123     -0.0449232     -0.0679496    -0.00246873        11.8413        12.7843
           1710           SDMI        1640.89        10.7009       0.568567        47.8617       -2.28744       0.194571       -6.58518       0.027961      -0.179805       0.934431     -0.0449232     -0.0698011    -0.00246873         11.852        12.7869
           1711      DRIFT_510        1641.03         10.554       0.552361        48.4635       -2.30451       0.198235       -6.63473       0.027961       -0.18347       0.928544     -0.0449232     -0.0701246    -0.00246873         11.854        12.7874
           1712             QD        1642.14        10.5421      -0.541347        48.4854        2.28548      -0.438798       -7.08116     -0.0309731      -0.839725       0.926838      0.0418224     -0.0691784     0.00415883        11.8711        12.7909
           1713      DRIFT_511        1642.84        11.3691      -0.628082        45.3172        2.19471        -0.4607       -7.34919     -0.0309731      -0.817822       0.956412      0.0418224     -0.0662375     0.00415883        11.8814        12.7933
           1714      DRIFT_511        1643.55        12.3187      -0.714818        42.2775        2.10394      -0.482603       -7.58624     -0.0309731       -0.79592       0.985987      0.0418224     -0.0632966     0.00415883        11.8909        12.7959
           1715      DRIFT_511        1644.26         13.391      -0.801553        39.3661        2.01318      -0.504505       -7.79231     -0.0309731      -0.774017        1.01556      0.0418224     -0.0603557     0.00415883        11.8997        12.7987
           1716   YI11_DH17_E1        1644.26         13.391      -0.801553        39.3661        2.01318      -0.504505       -7.79231     -0.0309731      -0.774017        1.01556      0.0418224     -0.0603557     0.00415883        11.8997        12.7987
           1717              D         1653.7        39.4513       -1.95868        12.7714       0.802638      -0.798401       -7.56752     -0.0310442      -0.481051         1.5938      0.0806755      -0.021063     0.00416441         11.967        12.8678
           1718   YI11_DH17_E2         1653.7        39.4513       -1.95868        12.7714       0.802638      -0.798401       -7.56752     -0.0310442      -0.481051         1.5938      0.0806755      -0.021063     0.00416441         11.967        12.8678
           1719      DRIFT_513        1654.32         41.928       -2.03471        11.8254       0.722793      -0.817654       -7.35876     -0.0310442      -0.461797        1.64384      0.0806755     -0.0184803     0.00416441        11.9694        12.8759
           1720      DRIFT_513        1654.94         44.499       -2.11074        10.9783       0.642948      -0.836908       -7.12612     -0.0310442      -0.442544        1.69387      0.0806755     -0.0158975     0.00416441        11.9717        12.8845
           1721           SFMI        1655.69        47.7341       -2.20269        10.0863       0.546391      -0.860191       -6.81289     -0.0310442      -0.419261        1.75438      0.0806755     -0.0127742     0.00416441        11.9743        12.8959
           1722      DRIFT_515        1655.82        48.3135       -2.21875        9.94535       0.529519      -0.864259       -6.75457     -0.0310442      -0.415192        1.76495      0.0806755     -0.0122285     0.00416441        11.9748         12.898
           1723             QF        1656.93        48.2923        2.23724        9.90212      -0.489259      -0.256411       -6.25462      0.0309158       0.172468         1.7637     -0.0829105    -0.00815617     0.00323533        11.9783        12.9161
           1724      DRIFT_516        1657.47        45.8895        2.16943        10.4729      -0.557504      -0.239554       -6.02996      0.0309158       0.155612        1.71849     -0.0829105    -0.00639211     0.00323533        11.9802        12.9246
           1725          QGTJI        1657.47        45.8895        2.16025        10.4729      -0.555409       -0.24076       -6.02996      0.0308988       0.154406        1.71849     -0.0825668    -0.00639211     0.00323661        11.9802        12.9246
           1726      DRIFT_517        1658.26        42.5612        2.06294        11.4259      -0.653873      -0.216409       -5.73773      0.0308988       0.130054        1.65342     -0.0825668    -0.00384136     0.00323661         11.983        12.9361
           1727      DRIFT_517        1659.05        39.3864        1.96562        12.5341      -0.752338      -0.192058       -5.48387      0.0308988       0.105703        1.58835     -0.0825668    -0.00129061     0.00323661        11.9861        12.9466
           1728   YI11_DH16_E1        1659.05        39.3864        1.96562        12.5341      -0.752338      -0.192058       -5.48387      0.0308988       0.105703        1.58835     -0.0825668    -0.00129061     0.00323661        11.9861        12.9466
           1729              D        1668.49        13.2758       0.799994        37.8399       -1.92697      0.0989452       -5.42311      0.0308938       -0.18593       0.992214     -0.0437229      0.0292591     0.00323461        12.0538        13.0179
           1730   YI11_DH16_E2        1668.49        13.2758       0.799994        37.8399       -1.92697      0.0989452       -5.42311      0.0308938       -0.18593       0.992214     -0.0437229      0.0292591     0.00323461        12.0538        13.0179
           1731      DRIFT_518        1669.11         12.331        0.72338         40.278       -2.00421       0.118105       -5.61167      0.0308938       -0.20509       0.965097     -0.0437229      0.0312652     0.00323461        12.0615        13.0205
           1732      DRIFT_518        1669.73        11.4812       0.646766        42.8119       -2.08146       0.137266         -5.824      0.0308938       -0.22425       0.937981     -0.0437229      0.0332712     0.00323461        12.0698        13.0228
           1733           SDPI        1670.48        10.5806       0.554117        46.0042       -2.17488       0.160436       -6.11251      0.0308938      -0.247421       0.905189     -0.0437229      0.0356972     0.00323461        12.0807        13.0255
           1734      DRIFT_520        1670.61        10.4375       0.537928        46.5763        -2.1912       0.164484       -6.16649      0.0308938      -0.251469       0.899459     -0.0437229      0.0361211     0.00323461        12.0827         13.026
           1735             QD        1671.72        10.4466       -0.54647        46.5504        2.21374      -0.430445       -6.65147     -0.0335256      -0.864544       0.897549      0.0402512      0.0377757   -0.000279344        12.0999        13.0297
           1736      DRIFT_521        1672.43        11.2817      -0.634376        43.4829         2.1241      -0.454152       -6.94168     -0.0335256      -0.840837       0.926012      0.0402512      0.0375782   -0.000279344        12.1103        13.0322
           1737      DRIFT_521        1673.14         12.241      -0.722281        40.5422        2.03447       -0.47786       -7.19836     -0.0335256      -0.817129       0.954476      0.0402512      0.0373806   -0.000279344        12.1199        13.0349
           1738      DRIFT_521        1673.84        13.3247      -0.810187        37.7283        1.94483      -0.501567       -7.42151     -0.0335256      -0.793422       0.982939      0.0402512      0.0371831   -0.000279344        12.1287        13.0378
           1739   YI11_DH15_E1        1673.84        13.3247      -0.810187        37.7283        1.94483      -0.501567       -7.42151     -0.0335256      -0.793422       0.982939      0.0402512      0.0371831   -0.000279344        12.1287        13.0378
           1740              D        1683.28        39.6393       -1.97506        12.3179       0.747454      -0.816478       -7.18876     -0.0333145      -0.475988        1.54523      0.0788483      0.0345599   -0.000276419         12.196        13.1099
           1741   YI11_DH15_E2        1683.28        39.6393       -1.97506        12.3179       0.747454      -0.816478       -7.18876     -0.0333145      -0.475988        1.54523      0.0788483      0.0345599   -0.000276419         12.196        13.1099
           1742      DRIFT_523        1683.91        42.1367       -2.05174        11.4394       0.668975      -0.837139       -6.96478     -0.0333145      -0.455327        1.59414      0.0788483      0.0343885   -0.000276419        12.1984        13.1182
           1743      DRIFT_523        1684.53        44.7292       -2.12842        10.6583       0.590497      -0.857801       -6.71517     -0.0333145      -0.434665        1.64304      0.0788483       0.034217   -0.000276419        12.2007        13.1272
           1744           SFPI        1685.28        47.9914       -2.22115        9.84374       0.495593      -0.882787       -6.37908     -0.0333145      -0.409679        1.70217      0.0788483      0.0340097   -0.000276419        12.2033        13.1389
           1745      DRIFT_525        1685.41        48.5757       -2.23735        9.71602        0.47901      -0.887153       -6.31651     -0.0333145      -0.405313        1.71251      0.0788483      0.0339735   -0.000276419        12.2037         13.141
           1746             QF        1686.52        48.5669        2.24497        9.76597      -0.525537      -0.321595       -5.77865      0.0336539       0.140955        1.71189     -0.0799512      0.0354101     0.00288683        12.2073        13.1595
           1747      DRIFT_526        1687.06        46.1558        2.17717        10.3779      -0.596789      -0.303245       -5.53645      0.0336539       0.122605         1.6683     -0.0799512      0.0369841     0.00288683        12.2091        13.1681
           1748          QGTJI        1687.06        46.1558        2.16793        10.3779      -0.594714      -0.304352       -5.53645      0.0336175       0.121498         1.6683     -0.0796175      0.0369841     0.00287943        12.2091        13.1681
           1749      DRIFT_527        1687.85        42.8154        2.07061        11.3963      -0.697512      -0.277858       -5.22172      0.0336175      0.0950043        1.60555     -0.0796175      0.0392534     0.00287943         12.212        13.1796
           1750      DRIFT_527        1688.64        39.6284        1.97329        12.5767       -0.80031      -0.251365       -4.94875      0.0336175      0.0685105         1.5428     -0.0796175      0.0415226     0.00287943         12.215        13.1901
           1751   YI11_DH14_E1        1688.64        39.6284        1.97329        12.5767       -0.80031      -0.251365       -4.94875      0.0336175      0.0685105         1.5428     -0.0796175      0.0415226     0.00287943         12.215        13.1901
           1752              D        1698.08        13.3992       0.806171        39.2408       -2.02151      0.0645848         -4.921      0.0335794      -0.249294       0.975432      -0.040592      0.0686374     0.00286351        12.2822        13.2599
           1753   YI11_DH14_E2        1698.08        13.3992       0.806171        39.2408       -2.02151      0.0645848         -4.921      0.0335794      -0.249294       0.975432      -0.040592      0.0686374     0.00286351        12.2822        13.2599
           1754      DRIFT_528         1698.7        12.4466       0.729803        41.7981        -2.1019      0.0854105       -5.12859      0.0335794      -0.270119       0.950258      -0.040592      0.0704133     0.00286351        12.2898        13.2624
           1755      DRIFT_528        1699.32        11.5887       0.653435        44.4551       -2.18229       0.106236         -5.362      0.0335794      -0.290945       0.925083      -0.040592      0.0721892     0.00286351        12.2981        13.2647
           1756           SDMI        1700.07        10.6778       0.561084        47.8015       -2.27951       0.131421       -5.67877      0.0335794      -0.316129       0.894639      -0.040592      0.0743369     0.00286351        12.3088        13.2673
           1757      DRIFT_530         1700.2        10.5329       0.544947        48.4012       -2.29649       0.135821         -5.738      0.0335794       -0.32053       0.889319      -0.040592      0.0747121     0.00286351        12.3108        13.2677
           1758             QD        1701.31        10.5357      -0.547614        48.4121        2.28701      -0.421928        -6.2681     -0.0364418      -0.894855       0.890434      0.0426177      0.0739584    -0.00420972        12.3279        13.2713
           1759      DRIFT_531        1702.02        11.3719       -0.63486        45.2419          2.196      -0.447698        -6.5843     -0.0364418      -0.869085        0.92057      0.0426177      0.0709815    -0.00420972        12.3382        13.2737
           1760      DRIFT_531        1702.72        12.3315      -0.722107        42.2005          2.105      -0.473468       -6.86406     -0.0364418      -0.843316       0.950707      0.0426177      0.0680046    -0.00420972        12.3477        13.2763
           1761      DRIFT_531        1703.43        13.4145      -0.809353        39.2878        2.01399      -0.499237       -7.10738     -0.0364418      -0.817546       0.980844      0.0426177      0.0650277    -0.00420972        12.3564         13.279
           1762   YI11_DH13_E1        1703.43        13.4145      -0.809353        39.2878        2.01399      -0.499237       -7.10738     -0.0364418      -0.817546       0.980844      0.0426177      0.0650277    -0.00420972        12.3564         13.279
           1763              D        1712.87        39.6554       -1.96896        12.7283        0.79917      -0.843038       -6.86091     -0.0363564      -0.472791        1.56601      0.0813348      0.0252811    -0.00421048        12.4235        13.3484
           1764   YI11_DH13_E2        1712.87        39.6554       -1.96896        12.7283        0.79917      -0.843038       -6.86091     -0.0363564      -0.472791        1.56601      0.0813348      0.0252811    -0.00421048        12.4235        13.3484
           1765      DRIFT_533        1713.49         42.145       -2.04523        11.7865       0.719325      -0.865586        -6.6173     -0.0363564      -0.450243        1.61645      0.0813348      0.0226698    -0.00421048        12.4259        13.3565
           1766      DRIFT_533        1714.11        44.7291        -2.1215        10.9438       0.639479      -0.888134       -6.34572     -0.0363564      -0.427695        1.66689      0.0813348      0.0200585    -0.00421048        12.4282        13.3652
           1767           SFMI        1714.86        47.9806       -2.21373         10.057       0.542922      -0.915402       -5.97994     -0.0363564      -0.400428        1.72789      0.0813348      0.0169006    -0.00421048        12.4308        13.3765
           1768      DRIFT_535        1714.99        48.5629       -2.22985         9.9169        0.52605      -0.920166       -5.91183     -0.0363564      -0.395664        1.73855      0.0813348      0.0163488    -0.00421048        12.4312        13.3786
           1769             QF         1716.1        48.5393        2.25037        9.87915       -0.49089      -0.394985       -5.32447      0.0363188        0.11199        1.73934     -0.0799375      0.0124367    -0.00289819        12.4348        13.3968
           1770      DRIFT_536        1716.65        46.1224        2.18225        10.4518      -0.559381      -0.375183       -5.05884      0.0363188      0.0921877        1.69575     -0.0799375      0.0108565    -0.00289819        12.4366        13.4054
           1771          QGTJI        1716.65        46.1224        2.17302        10.4518      -0.557291      -0.376194       -5.05884       0.036262      0.0911759        1.69575     -0.0795983      0.0108565    -0.00290036        12.4366        13.4054
           1772      DRIFT_537        1717.44        42.7744        2.07525        11.4081      -0.656112      -0.347617       -4.71303       0.036262      0.0625981        1.63302     -0.0795983     0.00857076    -0.00290036        12.4395        13.4169
           1773      DRIFT_537        1718.22        39.5805        1.97748        12.5201      -0.754932      -0.319039       -4.41227       0.036262      0.0340203        1.57029     -0.0795983     0.00628501    -0.00290036        12.4425        13.4274
           1774   YI11_DH12_E1        1718.22        39.5805        1.97748        12.5201      -0.754932      -0.319039       -4.41227       0.036262      0.0340203        1.57029     -0.0795983     0.00628501    -0.00290036        12.4425        13.4274
           1775              D        1727.67        13.2998       0.806275        37.9115       -1.93331      0.0226366       -4.30791      0.0362406      -0.308251        1.00234     -0.0407202     -0.0210941    -0.00289919          12.51        13.4987
           1776   YI11_DH12_E2        1727.67        13.2998       0.806275        37.9115       -1.93331      0.0226366       -4.30791      0.0362406      -0.308251        1.00234     -0.0407202     -0.0210941    -0.00289919          12.51        13.4987
           1777      DRIFT_538        1728.29        12.3474       0.729329        40.3577       -2.01082      0.0451128       -4.52707      0.0362406      -0.330727        0.97709     -0.0407202     -0.0228922    -0.00289919        12.5177        13.5012
           1778      DRIFT_538        1728.91        11.4905       0.652383        42.8999       -2.08832       0.067589        -4.7741      0.0362406      -0.353203       0.951836     -0.0407202     -0.0246903    -0.00289919         12.526        13.5036
           1779           SDPI        1729.66        10.5817       0.559332        46.1027       -2.18204      0.0947695       -5.11008      0.0362406      -0.380383       0.921295     -0.0407202     -0.0268646    -0.00289919        12.5368        13.5063
           1780      DRIFT_540        1729.79        10.4372       0.543073        46.6767       -2.19842      0.0995188       -5.17297      0.0362406      -0.385133       0.915959     -0.0407202     -0.0272446    -0.00289919        12.5388        13.5067
           1781             QD         1730.9         10.436      -0.541882         46.651         2.2208      -0.407243       -5.73485     -0.0384316      -0.907427       0.918361      0.0450861     -0.0289922   -0.000222194        12.5561        13.5104
           1782      DRIFT_541        1731.44        11.0637       -0.60947         44.267        2.15147      -0.428198       -5.99615     -0.0384316      -0.886472       0.942944      0.0450861     -0.0291134   -0.000222194        12.5642        13.5123
           1783         SQSK12        1731.44        11.0494      -0.607347        44.2095        2.14736       -0.42792       -5.99226     -0.0385589      -0.885897       0.942944      0.0450919     -0.0291134   -0.000410783        12.5642        13.5123
           1784      DRIFT_542        1732.23        12.0836      -0.704981        40.9037        2.04734      -0.458308       -6.32924     -0.0385589      -0.855509       0.978481      0.0450919     -0.0294371   -0.000410783         12.575        13.5153
           1785      DRIFT_542        1733.02        13.2717      -0.802615        37.7556        1.94731      -0.488696       -6.61832     -0.0385589      -0.825121        1.01402      0.0450919     -0.0297609   -0.000410783        12.5849        13.5185
           1786   YI11_DH11_E1        1733.02        13.2717      -0.802615        37.7556        1.94731      -0.488696       -6.61832     -0.0385589      -0.825121        1.01402      0.0450919     -0.0297609   -0.000410783        12.5849        13.5185
           1787              D        1742.46        39.4917       -1.97555        12.2591       0.751241      -0.855626       -6.34526     -0.0387855      -0.460647        1.62379      0.0840979     -0.0336017    -0.00040273        12.6526        13.5907
           1788   YI11_DH11_E2        1742.46        39.4917       -1.97555        12.2591       0.751241      -0.855626       -6.34526     -0.0387855      -0.460647        1.62379      0.0840979     -0.0336017    -0.00040273        12.6526        13.5907
           1789      DRIFT_543        1743.08        41.9899       -2.05255        11.3764       0.672099       -0.87968       -6.08538     -0.0387855      -0.436592        1.67595      0.0840979     -0.0338514    -0.00040273         12.655        13.5991
           1790      DRIFT_543         1743.7        44.5836       -2.12954        10.5918       0.592958      -0.903735       -5.79566     -0.0387855      -0.412538        1.72811      0.0840979     -0.0341012    -0.00040273        12.6573        13.6081
           1791           SFPI        1744.45        47.8477       -2.22265        9.77412       0.497251      -0.932824       -5.40544     -0.0387855      -0.383449        1.79118      0.0840979     -0.0344033    -0.00040273        12.6599        13.6198
           1792      DRIFT_545        1744.58        48.4324       -2.23892        9.64598       0.480528      -0.937907       -5.33278     -0.0387855      -0.378366         1.8022      0.0840979      -0.034456    -0.00040273        12.6603         13.622
           1793             QF        1745.69        48.4436        2.22919        9.68591      -0.517718      -0.468835       -4.70456      0.0389276      0.0748656        1.80281     -0.0830104     -0.0366835    -0.00364476        12.6639        13.6406
           1794      DRIFT_546        1746.24        46.0493          2.162        10.2894        -0.5891       -0.44761       -4.41968      0.0389276      0.0536403        1.75755     -0.0830104     -0.0386708    -0.00364476        12.6657        13.6493
           1795          QGTJI        1746.24        46.0493        2.15279        10.2894      -0.587042      -0.448494       -4.41968      0.0388486      0.0527564        1.75755     -0.0826589     -0.0386708    -0.00363703        12.6657        13.6493
           1796      DRIFT_547        1747.02        42.7321        2.05636        11.2959       -0.69003      -0.417878       -4.04878      0.0388486      0.0221401         1.6924     -0.0826589     -0.0415371    -0.00363703        12.6686         13.661
           1797      DRIFT_547        1747.81        39.5669        1.95993        12.4646      -0.793018      -0.387261       -3.72613      0.0388486    -0.00847627        1.62726     -0.0826589     -0.0444034    -0.00363703        12.6716        13.6715
           1798   YI11_DH10_E1        1747.81        39.5669        1.95993        12.4646      -0.793018      -0.387261       -3.72613      0.0388486    -0.00847627        1.62726     -0.0826589     -0.0444034    -0.00363703        12.6716        13.6715
           1799              D        1757.25        13.4817       0.803911        39.0229       -2.01796     -0.0215411        -3.6087      0.0387825      -0.375243        1.03087      -0.043695     -0.0786737    -0.00362169        12.7386        13.7419
           1800   YI11_DH10_E2        1757.25        13.4817       0.803911        39.0229       -2.01796     -0.0215411        -3.6087      0.0387825      -0.375243        1.03087      -0.043695     -0.0786737    -0.00362169        12.7386        13.7419
           1801      DRIFT_548        1757.87        12.5316       0.728178         41.576       -2.09857      0.0025116       -3.84298      0.0387825      -0.399296        1.00377      -0.043695     -0.0809198    -0.00362169        12.7462        13.7444
           1802      DRIFT_548        1758.49        11.6753       0.652446         44.229       -2.17918      0.0265643       -4.10709      0.0387825      -0.423348       0.976673      -0.043695      -0.083166    -0.00362169        12.7544        13.7467
           1803           SDMI        1759.24        10.7653       0.560862        47.5709       -2.27667      0.0556511       -4.46634      0.0387825      -0.452435       0.943901      -0.043695     -0.0858822    -0.00362169        12.7651        13.7493
           1804      DRIFT_550        1759.37        10.6204        0.54486        48.1698        -2.2937      0.0607336       -4.53359      0.0387825      -0.457518       0.938175      -0.043695     -0.0863569    -0.00362169         12.767        13.7497
           1805             QD        1760.48        10.6313      -0.555022        48.2004        2.26716      -0.387963       -5.13278     -0.0406958      -0.919984       0.938349      0.0440117     -0.0858272     0.00456763         12.784        13.7533
           1806      DRIFT_551        1761.03        11.2732      -0.622108        45.7659         2.1977      -0.410153       -5.41076     -0.0406958      -0.897795       0.962347      0.0440117     -0.0833367     0.00456763        12.7919        13.7552
           1807         SQSK12        1761.03        11.2599      -0.619918        45.7123        2.19364      -0.409912       -5.40759     -0.0408246      -0.897269       0.962347      0.0440284     -0.0833367     0.00437516        12.7919        13.7552
           1808      DRIFT_552        1761.82        12.3154      -0.716978        42.3278        2.09326      -0.442143       -5.76692     -0.0408246      -0.865038       0.997107      0.0440284     -0.0798826     0.00437516        12.8026         13.758
           1809      DRIFT_552        1762.61        13.5242      -0.814039        39.1018        1.99288      -0.474374       -6.07534     -0.0408246      -0.832807        1.03187      0.0440284     -0.0764284     0.00437516        12.8123        13.7611
           1810    YI11_DH9_E1        1762.61        13.5242      -0.814039        39.1018        1.99288      -0.474374       -6.07534     -0.0408246      -0.832807        1.03187      0.0440284     -0.0764284     0.00437516        12.8123        13.7611
           1811             DS        1765.56         19.393       -1.17568        28.4521        1.61788      -0.594745       -6.77697     -0.0407975      -0.712107        1.17969       0.056207     -0.0635241     0.00437516        12.8415        13.7752
           1812    YI11_DH9_E2        1765.56         19.393       -1.17568        28.4521        1.61788      -0.594745       -6.77697     -0.0407975      -0.712107        1.17969       0.056207     -0.0635241     0.00437516        12.8415        13.7752
           1813      DRIFT_553        1766.53        21.7832       -1.29454        25.4402        1.49485      -0.634221       -6.85234     -0.0407975      -0.672631        1.23407       0.056207     -0.0592907     0.00437516        12.8489        13.7809
           1814      DRIFT_553        1767.49        24.4034        -1.4134        22.6664        1.37183      -0.673697        -6.8513     -0.0407975      -0.633155        1.28846       0.056207     -0.0550573     0.00437516        12.8556        13.7873
           1815      DRIFT_553        1768.46        27.2536       -1.53225        20.1307         1.2488      -0.713173       -6.77388     -0.0407975      -0.593679        1.34285       0.056207     -0.0508238     0.00437516        12.8616        13.7946
           1816      DRIFT_553        1769.43        30.3339       -1.65111         17.833        1.12577      -0.752649       -6.62006     -0.0407975      -0.554203        1.39723       0.056207     -0.0465904     0.00437516         12.867        13.8027
           1817      DRIFT_553         1770.4        33.6441       -1.76997        15.7735        1.00275      -0.792125       -6.38984     -0.0407975      -0.514727        1.45162       0.056207      -0.042357     0.00437516        12.8718        13.8119
           1818      DRIFT_553        1771.36        37.1844       -1.88883         13.952       0.879723      -0.831601       -6.08323     -0.0407975      -0.475251        1.50601       0.056207     -0.0381235     0.00437516        12.8761        13.8223
           1819      DRIFT_553        1772.33        40.9547       -2.00769        12.3686       0.756698      -0.871077       -5.70023     -0.0407975      -0.435775        1.56039       0.056207     -0.0338901     0.00437516        12.8801         13.834
           1820      DRIFT_553         1773.3         44.955       -2.12655        11.0232       0.633672      -0.910553       -5.24083     -0.0407975      -0.396299        1.61478       0.056207     -0.0296567     0.00437516        12.8837        13.8472
           1821           SFMI        1774.05         48.214       -2.21868        10.1442       0.538314      -0.941151        -4.8322     -0.0407975      -0.365701        1.65693       0.056207     -0.0263753     0.00437516        12.8862        13.8585
           1822      DRIFT_555        1774.18        48.7976       -2.23478        10.0053       0.521651      -0.946497       -4.75608     -0.0407975      -0.360355         1.6643       0.056207     -0.0258019     0.00437516        12.8867        13.8606
           1823          QFA12        1775.29        48.8733         2.1689        9.96243       -0.48173      -0.542648       -4.09577      0.0400244      0.0311289        1.64333     -0.0936818     -0.0221621     0.00223746        12.8902        13.8786
           1824      DRIFT_556        1775.83        46.5428        2.10526        10.5245      -0.549162      -0.520825       -3.79481      0.0400244     0.00930558        1.59225     -0.0936818     -0.0209422     0.00223746         12.892        13.8871
           1825         SQSK12        1775.83        46.5045        2.10517        10.5159      -0.550348      -0.520611       -3.79326       0.039855     0.00930176        1.59225     -0.0936776     -0.0209422     0.00191901         12.892        13.8871
           1826      DRIFT_557        1776.62         43.259        2.01312        11.4603       -0.64799      -0.489202       -3.40039       0.039855     -0.0221077        1.51842     -0.0936776     -0.0194298     0.00191901        12.8948        13.8985
           1827      DRIFT_557        1777.41        40.1584        1.92107        12.5586      -0.745632      -0.457792       -3.05703       0.039855     -0.0535172        1.44459     -0.0936776     -0.0179174     0.00191901        12.8979         13.909
           1828    YI11_DH8_E1        1777.41        40.1584        1.92107        12.5586      -0.745632      -0.457792       -3.05703       0.039855     -0.0535172        1.44459     -0.0936776     -0.0179174     0.00191901        12.8979         13.909
           1829              D        1786.85        14.2667       0.820129        37.6795        -1.9153     -0.0812837       -2.79246      0.0398982      -0.429652       0.742794     -0.0549796    0.000199262     0.00191901        12.9624        13.9804
           1830    YI11_DH8_E2        1786.85        14.2667       0.820129        37.6795        -1.9153     -0.0812837       -2.79246      0.0398982      -0.429652       0.742794     -0.0549796    0.000199262     0.00191901        12.9624        13.9804
           1831      DRIFT_558        1787.64        13.0468       0.727734        40.7753       -2.01294     -0.0498402       -3.09179      0.0398982      -0.461096       0.699465     -0.0549796     0.00171162     0.00191901        12.9716        13.9836
           1832      DRIFT_558        1788.43        11.9726       0.635338         44.025       -2.11058     -0.0183967       -3.44067      0.0398982      -0.492539       0.656135     -0.0549796     0.00322398     0.00191901        12.9816        13.9866
           1833         SQSK12        1788.43        11.9637       0.636614        43.9923       -2.11076     -0.0183899       -3.43939      0.0397301      -0.492356       0.656135     -0.0549802     0.00322398     0.00178778        12.9816        13.9866
           1834      DRIFT_559        1788.97        11.3044       0.572568        46.3309       -2.17837     0.00327299       -3.70964      0.0397301      -0.514019       0.626158     -0.0549802     0.00419877     0.00178778        12.9891        13.9885
           1835          QDA12        1790.08        11.2775      -0.547586        46.4664        2.06045      -0.355284       -4.30715     -0.0392105      -0.885453       0.596019    0.000219505     0.00593945     0.00132211         13.005        13.9922
           1836      DRIFT_560        1791.06        12.4597      -0.660386        42.5416        1.94997      -0.393658       -4.78845     -0.0392105       -0.84708       0.596234    0.000219505     0.00723333     0.00132211        13.0182        13.9957
           1837      DRIFT_560        1792.04        13.8627      -0.773186         38.833        1.83949      -0.432031       -5.19464     -0.0392105      -0.808706       0.596448    0.000219505     0.00852722     0.00132211          13.03        13.9996
           1838      DRIFT_560        1793.02        15.4865      -0.885986        35.3407        1.72902      -0.470405       -5.52572     -0.0392105      -0.770333       0.596663    0.000219505     0.00982111     0.00132211        13.0407        14.0038
           1839      DRIFT_560           1794         17.331      -0.998786        32.0646        1.61854      -0.508778       -5.78169     -0.0392105      -0.731959       0.596878    0.000219505       0.011115     0.00132211        13.0502        14.0084
           1840      DRIFT_560        1794.98        19.3963       -1.11159        29.0047        1.50806      -0.547152       -5.96256     -0.0392105      -0.693586       0.597093    0.000219505      0.0124089     0.00132211        13.0587        14.0135
           1841      DRIFT_560        1795.95        21.6824       -1.22439        26.1611        1.39758      -0.585525       -6.06831     -0.0392105      -0.655212       0.597308    0.000219505      0.0137028     0.00132211        13.0663        14.0192
           1842      DRIFT_560        1796.93        24.1893       -1.33719        23.5337        1.28711      -0.623899       -6.09895     -0.0392105      -0.616838       0.597523    0.000219505      0.0149967     0.00132211        13.0731        14.0255
           1843      DRIFT_560        1797.91         26.917       -1.44999        21.1226        1.17663      -0.662273       -6.05449     -0.0392105      -0.578465       0.597737    0.000219505      0.0162905     0.00132211        13.0792        14.0324
           1844      DRIFT_560        1798.89        29.8655       -1.56279        18.9276        1.06615      -0.700646       -5.93492     -0.0392105      -0.540091       0.597952    0.000219505      0.0175844     0.00132211        13.0847        14.0402
           1845      DRIFT_560        1799.87        33.0347       -1.67559         16.949       0.955675       -0.73902       -5.74023     -0.0392105      -0.501718       0.598167    0.000219505      0.0188783     0.00132211        13.0896        14.0489
           1846      DRIFT_560        1800.85        36.4248       -1.78839        15.1865       0.845198      -0.777393       -5.47044     -0.0392105      -0.463344       0.598382    0.000219505      0.0201722     0.00132211        13.0941        14.0587
           1847      DRIFT_560        1801.83        40.0356       -1.90119        13.6403       0.734721      -0.815767       -5.12554     -0.0392105      -0.424971       0.598597    0.000219505      0.0214661     0.00132211        13.0982        14.0695
           1848      DRIFT_560        1802.81        43.8672       -2.01399        12.3104       0.624243       -0.85414       -4.70553     -0.0392105      -0.386597       0.598811    0.000219505        0.02276     0.00132211        13.1019        14.0815
           1849      DRIFT_560        1803.78        47.9196       -2.12679        11.1967       0.513766      -0.892514       -4.21041     -0.0392105      -0.348223       0.599026    0.000219505      0.0240539     0.00132211        13.1053        14.0948
           1850          Q7I12        1804.71        48.1951        1.83803        11.1716      -0.486089      -0.564427        -3.6959      0.0355916     -0.0250849       0.576434     -0.0485082      0.0262259     0.00337997        13.1084        14.1082
           1851      DRIFT_563        1805.26        46.2173        1.78848        11.7347      -0.546442      -0.545016       -3.41234      0.0355916     -0.0444958       0.549979     -0.0485082      0.0280692     0.00337997        13.1102        14.1158
           1852          QGTTI        1805.26        46.2173        1.79773        11.7347      -0.548789      -0.544334       -3.41234      0.0357094     -0.0438133       0.549979     -0.0486181      0.0280692     0.00338558        13.1102        14.1158
           1853      DRIFT_564        1806.05        43.4358        1.72544        12.6703       -0.63633      -0.516141       -3.03944      0.0357094     -0.0720058       0.511595     -0.0486181      0.0307422     0.00338558         13.113        14.1261
           1854      DRIFT_564        1806.84        40.7684        1.65315        13.7442      -0.723872      -0.487949       -2.71106      0.0357094      -0.100198       0.473211     -0.0486181      0.0334151     0.00338558         13.116        14.1356
           1855    YI11_DH6_E1        1806.84        40.7684        1.65315        13.7442      -0.723872      -0.487949       -2.71106      0.0357094      -0.100198       0.473211     -0.0486181      0.0334151     0.00338558         13.116        14.1356
           1856             DS        1809.79         31.808        1.38469        18.9788       -1.05091      -0.382593       -1.87794      0.0357315      -0.205441       0.347837     -0.0363965      0.0434006     0.00338558         13.129        14.1649
           1857    YI11_DH6_E2        1809.79         31.808        1.38469        18.9788       -1.05091      -0.382593       -1.87794      0.0357315      -0.205441       0.347837     -0.0363965      0.0434006     0.00338558         13.129        14.1649
           1858      DRIFT_565        1810.69        29.3966        1.30238        20.9543       -1.15042      -0.350527       -1.74774      0.0357315      -0.237506       0.315175     -0.0363965      0.0464388     0.00338558        13.1337         14.172
           1859      DRIFT_565        1811.58         27.133        1.22008        23.1084       -1.24992      -0.318461       -1.67509      0.0357315      -0.269572       0.282512     -0.0363965      0.0494771     0.00338558        13.1388        14.1785
           1860      DRIFT_565        1812.48         25.017        1.13777         25.441       -1.34943      -0.286396          -1.66      0.0357315      -0.301638        0.24985     -0.0363965      0.0525153     0.00338558        13.1442        14.1844
           1861      DRIFT_565        1813.38        23.0488        1.05546        27.9523       -1.44894       -0.25433       -1.70245      0.0357315      -0.333703       0.217187     -0.0363965      0.0555536     0.00338558        13.1502        14.1898
           1862      DRIFT_565        1814.27        21.2283        0.97315        30.6422       -1.54844      -0.222264       -1.80246      0.0357315      -0.365769       0.184525     -0.0363965      0.0585918     0.00338558        13.1567        14.1947
           1863      DRIFT_565        1815.17        19.5556       0.890842        33.5106       -1.64795      -0.190199       -1.96001      0.0357315      -0.397835       0.151863     -0.0363965      0.0616301     0.00338558        13.1637        14.1991
           1864      DRIFT_565        1816.07        18.0305       0.808534        36.5577       -1.74746      -0.158133       -2.17512      0.0357315        -0.4299         0.1192     -0.0363965      0.0646683     0.00338558        13.1713        14.2032
           1865      DRIFT_565        1816.97        16.6532       0.726225        39.7833       -1.84696      -0.126067       -2.44778      0.0357315      -0.461966      0.0865377     -0.0363965      0.0677065     0.00338558        13.1795        14.2069
           1866      DRIFT_565        1817.86        15.4237       0.643917        43.1876       -1.94647     -0.0940016         -2.778      0.0357315      -0.494032      0.0538753     -0.0363965      0.0707448     0.00338558        13.1884        14.2104
           1867         SQSK12        1817.86        15.4144       0.645565        43.1616       -1.94735     -0.0939733       -2.77716      0.0355674      -0.493883      0.0538753     -0.0364106      0.0707448     0.00337481        13.1884        14.2104
           1868      DRIFT_566        1818.41        14.7377        0.59545        45.3182       -2.00788     -0.0745802       -3.00579      0.0355674      -0.513276      0.0340224     -0.0364106      0.0725849     0.00337481        13.1942        14.2123
           1869          Q6I12        1819.52        15.1072       -0.94035        44.8084         2.4503      -0.399597       -3.50656     -0.0532255      -0.830405    -0.00525589     -0.0350054      0.0723275    -0.00383441        13.2063        14.2162
           1870      DRIFT_567        1819.65        15.3558      -0.956695        44.1689        2.42981      -0.406572       -3.56211     -0.0532255      -0.823429    -0.00984335     -0.0350054       0.071825    -0.00383441        13.2076        14.2167
           1871         Q6IT12         1820.4        16.9612       -1.18818         40.357        2.64235      -0.480574       -3.84291     -0.0635067      -0.809944     -0.0361543      -0.035193      0.0687324    -0.00440821         13.215        14.2195
           1872      DRIFT_568        1821.24        19.0437       -1.30686        36.0838        2.47726      -0.533581       -4.07358     -0.0635067      -0.756938     -0.0655287      -0.035193       0.065053    -0.00440821        13.2224         14.223
           1873      DRIFT_568        1822.07        21.3243       -1.42555        32.0862        2.31218      -0.586588       -4.21576     -0.0635067      -0.703931      -0.094903      -0.035193      0.0613737    -0.00440821         13.229        14.2269
           1874      DRIFT_568         1822.9        23.8031       -1.54423        28.3642        2.14709      -0.639595       -4.26946     -0.0635067      -0.650924      -0.124277      -0.035193      0.0576943    -0.00440821        13.2349        14.2313
           1875    YI11_DH5_E1         1822.9        23.8031       -1.54423        28.3642        2.14709      -0.639595       -4.26946     -0.0635067      -0.650924      -0.124277      -0.035193      0.0576943    -0.00440821        13.2349        14.2313
           1876            D5I        1829.82        51.9314       -2.52181        8.12589       0.779215       -1.07849       -1.31009     -0.0634058      -0.211644      -0.269045    -0.00666866      0.0272071    -0.00440821        13.2664        14.3066
           1877    YI11_DH5_E2        1829.82        51.9314       -2.52181        8.12589       0.779215       -1.07849       -1.31009     -0.0634058      -0.211644      -0.269045    -0.00666866      0.0272071    -0.00440821        13.2664        14.3066
           1878      DRIFT_570        1830.77        56.8327       -2.65595         6.8279       0.591992       -1.13851      -0.432718     -0.0634058      -0.151624      -0.275357    -0.00666866      0.0230343    -0.00440821        13.2692        14.3268
           1879      DRIFT_570        1831.71        61.9879        -2.7901        5.88437        0.40477       -1.19853       0.558279     -0.0634058     -0.0916043       -0.28167    -0.00666866      0.0188615    -0.00440821        13.2718        14.3507
           1880      DRIFT_570        1832.66        67.3971       -2.92425        5.29529       0.217547       -1.25855        1.66291     -0.0634058     -0.0315844      -0.287982    -0.00666866      0.0146887    -0.00440821        13.2741        14.3778
           1881          QGTTI        1832.66        67.3971       -2.91077        5.29529       0.216488       -1.25888        1.66291     -0.0631477      -0.031917      -0.287982    -0.00661106      0.0146887    -0.00440527        13.2741        14.3778
           1882      DRIFT_571        1833.21        70.6131        -2.9874        5.11798       0.108693       -1.29331        2.35068     -0.0631477     0.00251424      -0.291587    -0.00661106      0.0122867    -0.00440527        13.2753        14.3945
           1883          Q5I12        1834.32        69.4848        3.96648        5.69243      -0.644963       -1.58695        3.80928      0.0917914      -0.311823      -0.282974      0.0219887       0.007986    -0.00341441        13.2778        14.4281
           1884      DRIFT_572        1834.45        68.4494        3.93492        5.86574      -0.677562       -1.57492        3.97481      0.0917914      -0.323852      -0.280092      0.0219887     0.00753854    -0.00341441        13.2781        14.4317
           1885         Q5IT12         1835.2        62.2516        4.31035        7.06618      -0.926589       -1.53912        4.85827       0.109066      -0.438604      -0.262683      0.0244104      0.0050001    -0.00335852        13.2799        14.4503
           1886      DRIFT_573        1836.05        55.1001        4.04102        8.84599       -1.15182       -1.44572        5.72069       0.109066         -0.532      -0.241779      0.0244104      0.0021241    -0.00335852        13.2823        14.4676
           1887      DRIFT_573        1836.91        48.4098        3.77169        11.0115       -1.37706       -1.35232        6.42316       0.109066      -0.625397      -0.220876      0.0244104   -0.000751902    -0.00335852        13.2849        14.4814
           1888      DRIFT_573        1837.77        42.1808        3.50236        13.5628       -1.60229       -1.25893        6.96567       0.109066      -0.718794      -0.199973      0.0244104    -0.00362791    -0.00335852        13.2879        14.4926
           1889      DRIFT_573        1838.62        36.4131        3.23303        16.4999       -1.82752       -1.16553        7.34822       0.109066      -0.812191      -0.179069      0.0244104    -0.00650391    -0.00335852        13.2914        14.5017
           1890      DRIFT_573        1839.48        31.1067         2.9637        19.8227       -2.05276       -1.07213        7.57082       0.109066      -0.905587      -0.158166      0.0244104    -0.00937991    -0.00335852        13.2955        14.5092
           1891      DRIFT_573        1840.33        26.2615        2.69437        23.5312       -2.27799      -0.978736        7.63346       0.109066      -0.998984      -0.137262      0.0244104     -0.0122559    -0.00335852        13.3002        14.5155
           1892          Q4I12        1842.15        24.0861        -1.3788        24.8038        1.64561       0.271514        7.47973     -0.0123211       0.195311      -0.111438     0.00478643     -0.0162972   -0.000992758        13.3123        14.5269
           1893      DRIFT_576        1842.28        24.4468       -1.39447        24.3783        1.62616       0.269911        7.47003     -0.0123211       0.196914      -0.110816     0.00478643     -0.0164263   -0.000992758        13.3131        14.5277
           1894         Q4IT12        1843.03        26.4798       -1.31175        22.1349        1.36991       0.210987        7.42276     -0.0150518       0.158599      -0.106957      0.0054978     -0.0172117    -0.00110255        13.3178        14.5329
           1895      DRIFT_577        1844.02        29.1759        -1.4134        19.5515        1.24134       0.196096        7.38566     -0.0150518        0.17349      -0.101518      0.0054978     -0.0183025    -0.00110255        13.3235        14.5405
           1896      DRIFT_577        1845.01        32.0731       -1.51505        17.2225        1.11276       0.181204        7.37803     -0.0150518       0.188381      -0.096079      0.0054978     -0.0193933    -0.00110255        13.3286         14.549
           1897      DRIFT_577        1845.99        35.1715        -1.6167        15.1479       0.984188       0.166313        7.39986     -0.0150518       0.203272     -0.0906399      0.0054978     -0.0204841    -0.00110255        13.3333        14.5588
           1898      DRIFT_577        1846.98        38.4709       -1.71835        13.3277       0.855613       0.151422        7.45116     -0.0150518       0.218164     -0.0852007      0.0054978     -0.0215749    -0.00110255        13.3376        14.5699
           1899      DRIFT_577        1847.97        41.9715          -1.82        11.7619       0.727039        0.13653        7.53192     -0.0150518       0.233055     -0.0797615      0.0054978     -0.0226657    -0.00110255        13.3415        14.5825
           1900      DRIFT_577        1848.96        45.6733       -1.92165        10.4505       0.598464       0.121639        7.64215     -0.0150518       0.247946     -0.0743223      0.0054978     -0.0237565    -0.00110255        13.3451        14.5967
           1901      DRIFT_577        1849.95        49.5762        -2.0233        9.39359       0.469889       0.106748        7.78184     -0.0150518       0.262838     -0.0688832      0.0054978     -0.0248473    -0.00110255        13.3484        14.6126
           1902      DRIFT_577        1850.94        53.6802       -2.12495        8.59103       0.341315      0.0918565          7.951     -0.0150518       0.277729      -0.063444      0.0054978     -0.0259381    -0.00110255        13.3515        14.6302
           1903      DRIFT_577        1851.93        57.9853        -2.2266        8.04289        0.21274      0.0769652        8.14962     -0.0150518        0.29262     -0.0580048      0.0054978     -0.0270289    -0.00110255        13.3543        14.6492
           1904      DRIFT_577        1852.92        62.4916       -2.32825        7.74915      0.0841653      0.0620739        8.37771     -0.0150518       0.307512     -0.0525657      0.0054978     -0.0281197    -0.00110255        13.3569        14.6692
           1905      DRIFT_577        1853.91         67.199        -2.4299        7.70982     -0.0444093      0.0471825        8.63526     -0.0150518       0.322403     -0.0471265      0.0054978     -0.0292104    -0.00110255        13.3593        14.6896
           1906      DRIFT_577         1854.9        72.1075       -2.53155        7.92489      -0.172984      0.0322912        8.92228     -0.0150518       0.337294     -0.0416873      0.0054978     -0.0303012    -0.00110255        13.3616        14.7098
           1907      DRIFT_577        1855.89        77.2172        -2.6332        8.39437      -0.301559      0.0173999        9.23876     -0.0150518       0.352186     -0.0362482      0.0054978      -0.031392    -0.00110255        13.3637        14.7291
           1908      DRIFT_577        1856.88         82.528       -2.73485        9.11826      -0.430133     0.00250858        9.58471     -0.0150518       0.367077      -0.030809      0.0054978     -0.0324828    -0.00110255        13.3657        14.7472
           1909      DRIFT_577        1857.87        88.0399        -2.8365        10.0966      -0.558708     -0.0123827        9.96012     -0.0150518       0.381968     -0.0253698      0.0054978     -0.0335736    -0.00110255        13.3675        14.7636
           1910      DRIFT_577        1858.86        93.7529       -2.93814        11.3293      -0.687283     -0.0272741         10.365     -0.0150518        0.39686     -0.0199307      0.0054978     -0.0346644    -0.00110255        13.3693        14.7784
           1911      DRIFT_577        1859.85        99.6671       -3.03979        12.8164      -0.815857     -0.0421654        10.7993     -0.0150518       0.411751     -0.0144915      0.0054978     -0.0357552    -0.00110255        13.3709        14.7914
           1912      DRIFT_577        1860.83        105.782       -3.14144        14.5579      -0.944432     -0.0570567        11.2632     -0.0150518       0.426642    -0.00905233      0.0054978      -0.036846    -0.00110255        13.3724         14.803
           1913      DRIFT_577        1861.82        112.099       -3.24309        16.5538       -1.07301      -0.071948        11.7564     -0.0150518       0.441534    -0.00361316      0.0054978     -0.0379368    -0.00110255        13.3739        14.8131
           1914      DRIFT_577        1862.81        118.616       -3.34474        18.8041       -1.20158     -0.0868393        12.2792     -0.0150518       0.456425     0.00182601      0.0054978     -0.0390276    -0.00110255        13.3752        14.8221
           1915      DRIFT_577         1863.8        125.335       -3.44639        21.3089       -1.33016      -0.101731        12.8314     -0.0150518       0.471316     0.00726517      0.0054978     -0.0401184    -0.00110255        13.3765        14.8299
           1916      DRIFT_577        1864.79        132.255       -3.54804         24.068       -1.45873      -0.116622         13.413     -0.0150518       0.486208      0.0127043      0.0054978     -0.0412091    -0.00110255        13.3778        14.8369
           1917      DRIFT_577        1865.78        139.376       -3.64969        27.0816       -1.58731      -0.131513        14.0242     -0.0150518       0.501099      0.0181435      0.0054978     -0.0422999    -0.00110255        13.3789        14.8431
           1918      DRIFT_577        1866.77        146.698       -3.75134        30.3495       -1.71588      -0.146405        14.6648     -0.0150518        0.51599      0.0235827      0.0054978     -0.0433907    -0.00110255          13.38        14.8486
           1919      DRIFT_577        1867.76        154.221       -3.85299        33.8719       -1.84445      -0.161296        15.3348     -0.0150518       0.530881      0.0290218      0.0054978     -0.0444815    -0.00110255        13.3811        14.8535
           1920      DRIFT_577        1868.75        161.946       -3.95464        37.6487       -1.97303      -0.176187        16.0344     -0.0150518       0.545773       0.034461      0.0054978     -0.0455723    -0.00110255        13.3821        14.8579
           1921      DRIFT_577        1869.74        169.871       -4.05629        41.6799        -2.1016      -0.191079        16.7634     -0.0150518       0.560664      0.0399002      0.0054978     -0.0466631    -0.00110255         13.383        14.8618
           1922      DRIFT_577        1870.73        177.998       -4.15794        45.9655       -2.23018       -0.20597        17.5218     -0.0150518       0.575555      0.0453394      0.0054978     -0.0477539    -0.00110255        13.3839        14.8654
           1923      DRIFT_577        1871.72        186.326       -4.25959        50.5054       -2.35875      -0.220861        18.3097     -0.0150518       0.590447      0.0507785      0.0054978     -0.0488447    -0.00110255        13.3848        14.8687
           1924      DRIFT_577        1872.71        194.855       -4.36124        55.2998       -2.48733      -0.235753        19.1271     -0.0150518       0.605338      0.0562177      0.0054978     -0.0499355    -0.00110255        13.3856        14.8717
           1925      DRIFT_577         1873.7        203.585       -4.46289        60.3487        -2.6159      -0.250644         19.974     -0.0150518       0.620229      0.0616569      0.0054978     -0.0510263    -0.00110255        13.3864        14.8744
           1926      DRIFT_577        1874.69        212.516       -4.56454        65.6519       -2.74448      -0.265535        20.8503     -0.0150518       0.635121       0.067096      0.0054978     -0.0521171    -0.00110255        13.3872        14.8769
           1927      DRIFT_577        1875.67        221.648       -4.66619        71.2095       -2.87305      -0.280426        21.7561     -0.0150518       0.650012      0.0725352      0.0054978     -0.0532078    -0.00110255        13.3879        14.8792
           1928      DRIFT_577        1876.66        230.982       -4.76784        77.0215       -3.00163      -0.295318        22.6913     -0.0150518       0.664903      0.0779744      0.0054978     -0.0542986    -0.00110255        13.3886        14.8813
           1929      DRIFT_577        1877.65        240.516       -4.86949         83.088        -3.1302      -0.310209         23.656     -0.0150518       0.679795      0.0834135      0.0054978     -0.0553894    -0.00110255        13.3892        14.8833
           1930      DRIFT_577        1878.64        250.252       -4.97114        89.4088       -3.25878        -0.3251        24.6502     -0.0150518       0.694686      0.0888527      0.0054978     -0.0564802    -0.00110255        13.3899        14.8851
           1931      DRIFT_577        1879.63        260.189       -5.07279        95.9841       -3.38735      -0.339992        25.6739     -0.0150518       0.709577      0.0942919      0.0054978      -0.057571    -0.00110255        13.3905        14.8868
           1932      DRIFT_577        1880.62        270.327       -5.17444        102.814       -3.51592      -0.354883         26.727     -0.0150518       0.724469       0.099731      0.0054978     -0.0586618    -0.00110255        13.3911        14.8884
           1933          Q3I12        1882.72        228.797        23.3238        147.679       -19.5404       -3.38729        28.8576       0.307571       -2.66318      0.0989857    -0.00619314     -0.0683191    -0.00827755        13.3924        14.8913
           1934      DRIFT_585        1883.65        187.459        21.1076        186.282       -21.9522       -3.10113         29.265       0.307571       -2.94933      0.0932238    -0.00619314     -0.0760203    -0.00827755        13.3931        14.8921
           1935      DRIFT_585        1884.58        150.245        18.8914        229.374        -24.364       -2.81498          29.14       0.307571       -3.23549      0.0874618    -0.00619314     -0.0837214    -0.00827755         13.394        14.8929
           1936          Q2I12        1887.97        112.528       -5.48638        238.046        22.3793        2.73652        26.5947       0.179487        1.79739      0.0937546      0.0101004     -0.0834117     0.00845035        13.3986        14.8949
           1937      DRIFT_587        1888.81        121.921       -5.71807        202.006         20.612        2.88699        25.6813       0.179487        1.64693       0.102222      0.0101004     -0.0763276     0.00845035        13.3997        14.8955
           1938      DRIFT_587        1889.65        131.702       -5.94976        168.928        18.8447        3.03745        24.5156       0.179487        1.49646       0.110689      0.0101004     -0.0692435     0.00845035        13.4008        14.8963
           1939          Q1I12        1891.09        133.037        5.05967        135.666        5.16134          1.181        22.1263     -0.0329737      -0.494834       0.118442    0.000560459      -0.060984     0.00313454        13.4025        14.8978
           1940      DRIFT_589        1891.72        126.719        4.93324         129.22        5.03252        1.16015        21.0798     -0.0329737      -0.473984       0.118796    0.000560459     -0.0590019     0.00313454        13.4033        14.8986
           1941      DRIFT_589        1892.36         120.56        4.80681        122.937         4.9037         1.1393        20.0597     -0.0329737      -0.453133       0.119151    0.000560459     -0.0570199     0.00313454        13.4041        14.8994
           1942    YI11_DH0_E1        1892.36         120.56        4.80681        122.937         4.9037         1.1393        20.0597     -0.0329737      -0.453133       0.119151    0.000560459     -0.0570199     0.00313454        13.4041        14.8994
           1943         D0MM11        1895.94        88.6096        4.09485        90.3628        4.17251        1.02083        14.7674     -0.0330431       -0.33578      0.0938973     -0.0146329     -0.0457701     0.00313454        13.4096        14.9048
           1944    YI11_DH0_E2        1895.94        88.6096        4.09485        90.3628        4.17251        1.02083        14.7674     -0.0330431       -0.33578      0.0938973     -0.0146329     -0.0457701     0.00313454        13.4096        14.9048
           1945      DRIFT_591        1896.82        81.5903        3.91923          83.21        3.99407       0.991886        13.6046     -0.0330431      -0.306839      0.0810809     -0.0146329     -0.0430247     0.00313454        13.4112        14.9064
           1946      DRIFT_591         1897.7        74.8788         3.7436        76.3698        3.81562       0.962945        12.4924     -0.0330431      -0.277897      0.0682644     -0.0146329     -0.0402792     0.00313454         13.413        14.9081
           1947      DRIFT_591        1898.57        68.4748        3.56797        69.8421        3.63718       0.934003         11.431     -0.0330431      -0.248956       0.055448     -0.0146329     -0.0375338     0.00313454         13.415        14.9101
           1948      DRIFT_591        1899.45        62.3786        3.39235        63.6271        3.45874       0.905062        10.4202     -0.0330431      -0.220015      0.0426316     -0.0146329     -0.0347884     0.00313454        13.4171        14.9121
           1949      DRIFT_591        1900.32        56.5899        3.21672        57.7246         3.2803       0.876121        9.46014     -0.0330431      -0.191074      0.0298152     -0.0146329      -0.032043     0.00313454        13.4194        14.9144
           1950      DRIFT_591         1901.2        51.1089         3.0411        52.1347        3.10186        0.84718        8.55078     -0.0330431      -0.162133      0.0169987     -0.0146329     -0.0292975     0.00313454         13.422         14.917
           1951      DRIFT_591        1902.08        45.9356        2.86547        46.8574        2.92342       0.818239        7.69211     -0.0330431      -0.133192     0.00418232     -0.0146329     -0.0265521     0.00313454        13.4249        14.9198
           1952      DRIFT_591        1902.95        41.0699        2.68984        41.8927        2.74498       0.789298        6.88413     -0.0330431       -0.10425     -0.0086341     -0.0146329     -0.0238067     0.00313454        13.4281         14.923
           1953     G11_DHX_E1        1902.95        41.0699        2.69038        41.8927        2.74442       0.789207        6.88413     -0.0330521      -0.104341     -0.0086341     -0.0146328     -0.0238067     0.00313423        13.4281         14.923
           1954       ERDXPP11        1902.95        41.0699        2.68644        41.8927        2.74845       0.789869        6.88413     -0.0329862      -0.103679     -0.0086341     -0.0146336     -0.0238067     0.00313652        13.4281         14.923
           1955         DXPP11        1906.65        23.9182        1.94834        24.3486        1.99291        0.66768        4.02874     -0.0330562      0.0179928     -0.0278836     0.00422946     -0.0122009     0.00313652         13.447        14.9414
           1956          TEMPD        1906.65        23.9182        1.94834        24.3486        1.99291        0.66768        4.02874     -0.0330562      0.0179928     -0.0278836     0.00422946     -0.0122009     0.00313652         13.447        14.9414
           1957     G11_DHX_E2        1906.65        23.9182        1.94834        24.3486        1.99291        0.66768        4.02874     -0.0330562      0.0179928     -0.0278836     0.00422946     -0.0122009     0.00313652         13.447        14.9414
           1958      DRIFT_592        1907.63         20.292        1.75183        20.6386        1.79281       0.635285        3.42379     -0.0330562       0.050388     -0.0237387     0.00422946    -0.00912709     0.00313652         13.454        14.9484
           1959      DRIFT_592        1908.61         17.051        1.55532        17.3208         1.5927       0.602889        2.88234     -0.0330562      0.0827831     -0.0195938     0.00422946    -0.00605331     0.00313652        13.4624        14.9566
           1960      DRIFT_592        1909.59        14.1952        1.35882        14.3952         1.3926       0.570494        2.40438     -0.0330562       0.115178      -0.015449     0.00422946    -0.00297952     0.00313652        13.4725        14.9665
           1961      DRIFT_592        1910.57        11.7245        1.16231        11.8618        1.19249       0.538099        1.98992     -0.0330562       0.147573     -0.0113041     0.00422946      9.427e-05     0.00313652        13.4846        14.9785
           1962      DRIFT_592        1911.55        9.63893       0.965802        9.72062       0.992389       0.505704        1.63895     -0.0330562       0.179968    -0.00715922     0.00422946     0.00316806     0.00313652        13.4993         14.993
           1963      DRIFT_592        1912.53        7.93853       0.769295        7.97164       0.792285       0.473309        1.35148     -0.0330562       0.212364    -0.00301435     0.00422946     0.00624185     0.00313652        13.5171        15.0108
           1964      DRIFT_592        1913.51        6.62329       0.572788        6.61487       0.592181       0.440914         1.1275     -0.0330562       0.244759     0.00113052     0.00422946     0.00931563     0.00313652        13.5387        15.0323
           1965      DRIFT_592        1914.49        5.69321       0.376281         5.6503       0.392076       0.408519       0.967013     -0.0330562       0.277154     0.00527539     0.00422946      0.0123894     0.00313652        13.5642        15.0579
           1966      DRIFT_592        1915.47        5.14827       0.179774        5.07793       0.191972       0.376124       0.870023     -0.0330562       0.309549     0.00942026     0.00422946      0.0154632     0.00313652        13.5932        15.0872
           1967      DRIFT_592        1916.45        4.98849     -0.0167335        4.89777     -0.0081327       0.343728       0.836527     -0.0330562       0.341944      0.0135651     0.00422946       0.018537     0.00313652        13.6242        15.1187
           1968      DRIFT_592        1917.43        5.21387      -0.213241        5.10981      -0.208237       0.311333       0.866525     -0.0330562       0.374339        0.01771     0.00422946      0.0216108     0.00313652        13.6549        15.1501
           1969      DRIFT_592        1918.41         5.8244      -0.409748        5.71406      -0.408342       0.278938       0.960018     -0.0330562       0.406734      0.0218549     0.00422946      0.0246846     0.00313652        13.6834        15.1791
           1970      DRIFT_592        1919.39        6.82008      -0.606255        6.71051      -0.608446       0.246543        1.11701     -0.0330562       0.439129      0.0259997     0.00422946      0.0277584     0.00313652        13.7082        15.2044
           1971      DRIFT_592        1920.37        8.20092      -0.802762        8.09916       -0.80855       0.214148        1.33749     -0.0330562       0.471524      0.0301446     0.00422946      0.0308322     0.00313652        13.7291        15.2256
           1972      DRIFT_592        1921.35        9.96691      -0.999269        9.88003       -1.00865       0.181753        1.62146     -0.0330562        0.50392      0.0342895     0.00422946      0.0339059     0.00313652        13.7464        15.2431
           1973      DRIFT_592        1922.33         12.118       -1.19578        12.0531       -1.20876       0.149358        1.96893     -0.0330562       0.536315      0.0384343     0.00422946      0.0369797     0.00313652        13.7606        15.2574
           1974      DRIFT_592        1923.31        14.6543       -1.39228        14.6184       -1.40886       0.116963         2.3799     -0.0330562        0.56871      0.0425792     0.00422946      0.0400535     0.00313652        13.7724        15.2692
           1975      DRIFT_592        1924.29        17.5758       -1.58879        17.5758       -1.60897      0.0845676        2.85436     -0.0330562       0.601105      0.0467241     0.00422946      0.0431273     0.00313652        13.7821        15.2789
           1976      DRIFT_592        1925.27        20.8824        -1.7853        20.9255       -1.80907      0.0521725        3.39231     -0.0330562         0.6335       0.050869     0.00422946      0.0462011     0.00313652        13.7902         15.287
           1977      DRIFT_592        1926.25        24.5742        -1.9818        24.6674       -2.00918      0.0197774        3.99376     -0.0330562       0.665895      0.0550138     0.00422946      0.0492749     0.00313652        13.7971        15.2939
           1978     G12_DHX_E1        1926.25        24.5742        -1.9818        24.6674       -2.00918      0.0197774        3.99376     -0.0330562       0.665895      0.0550138     0.00422946      0.0492749     0.00313652        13.7971        15.2939
           1979         DXMM12        1929.95        41.9733       -2.71982        42.3319       -2.76472      -0.102534        6.83626     -0.0330523       0.787694       0.035783     -0.0146236      0.0608807     0.00313652        13.8155        15.3122
           1980       ERDXMM12        1929.95        41.9733       -2.72386        42.3319       -2.76065      -0.101877        6.83626     -0.0329863       0.788351       0.035783     -0.0146201      0.0608807     0.00313066        13.8155        15.3122
           1981     G12_DHX_E2        1929.95        41.9733       -2.72556        42.3319       -2.75893      -0.101599        6.83626     -0.0329584       0.788629       0.035783     -0.0146187      0.0608807     0.00312819        13.8155        15.3122
           1982      DRIFT_598        1930.83        46.9017       -2.90144        47.3208       -2.93711      -0.130467        7.64126     -0.0329584       0.817496      0.0229791     -0.0146187      0.0636206     0.00312819        13.8186        15.3153
           1983      DRIFT_598         1931.7        52.1383       -3.07732        52.6219       -3.11529      -0.159334        8.49683     -0.0329584       0.846363      0.0101752     -0.0146187      0.0663604     0.00312819        13.8215        15.3181
           1984      DRIFT_598        1932.58         57.683       -3.25321         58.235       -3.29347      -0.188201        9.40296     -0.0329584        0.87523    -0.00262875     -0.0146187      0.0691003     0.00312819         13.824        15.3206
           1985      DRIFT_598        1933.46        63.5358       -3.42909        64.1604       -3.47165      -0.217068        10.3597     -0.0329584       0.904097     -0.0154327     -0.0146187      0.0718401     0.00312819        13.8263        15.3229
           1986      DRIFT_598        1934.33        69.6966       -3.60497        70.3978       -3.64982      -0.245935        11.3669     -0.0329584       0.932964     -0.0282366     -0.0146187        0.07458     0.00312819        13.8284         15.325
           1987      DRIFT_598        1935.21        76.1656       -3.78085        76.9473         -3.828      -0.274802        12.4248     -0.0329584       0.961831     -0.0410405     -0.0146187      0.0773199     0.00312819        13.8303        15.3269
           1988      DRIFT_598        1936.08        82.9426       -3.95674         83.809       -4.00618      -0.303669        13.5332     -0.0329584       0.990698     -0.0538445     -0.0146187      0.0800597     0.00312819        13.8321        15.3286
           1989      DRIFT_598        1936.96        90.0278       -4.13262        90.9828       -4.18436      -0.332536        14.6921     -0.0329584        1.01957     -0.0666484     -0.0146187      0.0827996     0.00312819        13.8337        15.3302
           1990    YO12_DH0_E1        1936.96        90.0278       -4.13262        90.9828       -4.18436      -0.332536        14.6921     -0.0329584        1.01957     -0.0666484     -0.0146187      0.0827996     0.00312819        13.8337        15.3302
           1991         D0PP12        1940.55        122.252       -4.84547        123.638       -4.91448      -0.450779        19.9673     -0.0329331        1.13669     -0.0917682    0.000620596      0.0940266     0.00312819        13.8391        15.3356
           1992    YO12_DH0_E2        1940.55        122.252       -4.84547        123.638       -4.91448      -0.450779        19.9673     -0.0329331        1.13669     -0.0917682    0.000620596      0.0940266     0.00312819        13.8391        15.3356
           1993      DRIFT_599        1941.18         128.46       -4.97208        129.935       -5.04311      -0.471604        20.9843     -0.0329331        1.15752     -0.0913757    0.000620596      0.0960046     0.00312819        13.8399        15.3364
           1994      DRIFT_599        1941.81        134.828       -5.09869        136.394       -5.17175      -0.492428        22.0276     -0.0329331        1.17834     -0.0909833    0.000620596      0.0979827     0.00312819        13.8407        15.3371
           1995          Q1O12        1943.25         167.74       -18.6522        135.019        6.08823        1.48509        24.4102       0.177938         3.0225     -0.0955131    -0.00697393      0.0966536    -0.00495582        13.8422        15.3388
           1996      DRIFT_601        1944.09        200.475       -20.3959         125.01        5.85188        1.63426        25.5739       0.177938        2.87333      -0.101359    -0.00697393      0.0924991    -0.00495582         13.843        15.3398
           1997      DRIFT_601        1944.93        236.133       -22.1396        115.396        5.61553        1.78342        26.4876       0.177938        2.72416      -0.107206    -0.00697393      0.0883445    -0.00495582        13.8436        15.3409
           1998          Q2O12        1948.32        227.495        24.1177        153.966       -19.3189       -3.22142        29.0453       0.304876       -2.79392     -0.0958591      0.0133037      0.0995325      0.0119018        13.8457        15.3454
           1999      DRIFT_603        1949.25        184.835        21.7349        192.017       -21.5801       -2.93777        29.1791       0.304876       -3.07757     -0.0834818      0.0133037       0.110605      0.0119018        13.8464        15.3463
           2000      DRIFT_603        1950.18        146.609         19.352        234.276       -23.8414       -2.65412        28.7851       0.304876       -3.36122     -0.0711044      0.0133037       0.121679      0.0119018        13.8473         15.347
           2001          Q3O12        1952.28         102.22        3.45862        276.667        5.31448       0.723314        26.6965     -0.0145241      -0.335339     -0.0507968     0.00642074       0.131255    -0.00296767        13.8501        15.3482
           2002      DRIFT_605        1953.27        95.5002        3.33317        266.255        5.20991       0.708945        25.6634     -0.0145241       -0.32097     -0.0444445     0.00642074       0.128319    -0.00296767        13.8517        15.3488
           2003      DRIFT_605        1954.26         89.029        3.20771         256.05        5.10533       0.694575        24.6587     -0.0145241      -0.306601     -0.0380922     0.00642074       0.125383    -0.00296767        13.8534        15.3494
           2004      DRIFT_605        1955.25        82.8061        3.08226        246.052        5.00076       0.680206        23.6824     -0.0145241      -0.292231       -0.03174     0.00642074       0.122447    -0.00296767        13.8553          15.35
           2005      DRIFT_605        1956.24        76.8315        2.95681         236.26        4.89619       0.665837        22.7345     -0.0145241      -0.277862     -0.0253877     0.00642074       0.119511    -0.00296767        13.8572        15.3507
           2006      DRIFT_605        1957.23         71.105        2.83135        226.676        4.79162       0.651468        21.8151     -0.0145241      -0.263493     -0.0190354     0.00642074       0.116575    -0.00296767        13.8594        15.3514
           2007      DRIFT_605        1958.22        65.6268         2.7059        217.298        4.68704       0.637098        20.9241     -0.0145241      -0.249124     -0.0126832     0.00642074       0.113639    -0.00296767        13.8617        15.3521
           2008      DRIFT_605        1959.21        60.3969        2.58045        208.127        4.58247       0.622729        20.0616     -0.0145241      -0.234754    -0.00633091     0.00642074       0.110703    -0.00296767        13.8642        15.3528
           2009      DRIFT_605         1960.2        55.4151        2.45499        199.164         4.4779        0.60836        19.2274     -0.0145241      -0.220385     2.1351e-05     0.00642074       0.107767    -0.00296767        13.8669        15.3536
           2010      DRIFT_605        1961.19        50.6816        2.32954        190.407        4.37333       0.593991        18.4217     -0.0145241      -0.206016     0.00637362     0.00642074       0.104831    -0.00296767        13.8699        15.3544
           2011      DRIFT_605        1962.18        46.1963        2.20408        181.857        4.26875       0.579621        17.6445     -0.0145241      -0.191647      0.0127259     0.00642074       0.101895    -0.00296767        13.8731        15.3553
           2012      DRIFT_605        1963.16        41.9593        2.07863        173.514        4.16418       0.565252        16.8957     -0.0145241      -0.177277      0.0190781     0.00642074      0.0989592    -0.00296767        13.8767        15.3561
           2013      DRIFT_605        1964.15        37.9705        1.95318        165.378        4.05961       0.550883        16.1753     -0.0145241      -0.162908      0.0254304     0.00642074      0.0960232    -0.00296767        13.8806        15.3571
           2014      DRIFT_605        1965.14        34.2299        1.82772        157.449        3.95503       0.536514        15.4833     -0.0145241      -0.148539      0.0317827     0.00642074      0.0930871    -0.00296767         13.885         15.358
           2015      DRIFT_605        1966.13        30.7376        1.70227        149.726        3.85046       0.522144        14.8198     -0.0145241       -0.13417      0.0381349     0.00642074      0.0901511    -0.00296767        13.8899        15.3591
           2016      DRIFT_605        1967.12        27.4935        1.57681        142.211        3.74589       0.507775        14.1847     -0.0145241        -0.1198      0.0444872     0.00642074      0.0872151    -0.00296767        13.8953        15.3602
           2017      DRIFT_605        1968.11        24.4976        1.45136        134.903        3.64132       0.493406         13.578     -0.0145241      -0.105431      0.0508395     0.00642074      0.0842791    -0.00296767        13.9014        15.3613
           2018      DRIFT_605         1969.1        21.7499        1.32591        127.801        3.53674       0.479037        12.9998     -0.0145241      -0.091062      0.0571917     0.00642074      0.0813431    -0.00296767        13.9082        15.3625
           2019      DRIFT_605        1970.09        19.2505        1.20045        120.907        3.43217       0.464667          12.45     -0.0145241     -0.0766927       0.063544     0.00642074       0.078407    -0.00296767        13.9159        15.3638
           2020      DRIFT_605        1971.08        16.9993          1.075        114.219         3.3276       0.450298        11.9286     -0.0145241     -0.0623235      0.0698963     0.00642074       0.075471    -0.00296767        13.9246        15.3651
           2021      DRIFT_605        1972.07        14.9964       0.949544        107.738        3.22303       0.435929        11.4357     -0.0145241     -0.0479542      0.0762485     0.00642074       0.072535    -0.00296767        13.9345        15.3665
           2022      DRIFT_605        1973.06        13.2417        0.82409        101.464        3.11845        0.42156        10.9711     -0.0145241      -0.033585      0.0826008     0.00642074       0.069599    -0.00296767        13.9456         15.368
           2023      DRIFT_605        1974.05        11.7352       0.698636        95.3973        3.01388        0.40719        10.5351     -0.0145241     -0.0192157      0.0889531     0.00642074      0.0666629    -0.00296767        13.9583        15.3696
           2024      DRIFT_605        1975.04        10.4769       0.573182        89.5373        2.90931       0.392821        10.1274     -0.0145241    -0.00484649      0.0953053     0.00642074      0.0637269    -0.00296767        13.9725        15.3713
           2025      DRIFT_605        1976.03        9.46689       0.447728        83.8842        2.80474       0.378452        9.74821     -0.0145241     0.00952276       0.101658     0.00642074      0.0607909    -0.00296767        13.9883        15.3731
           2026      DRIFT_605        1977.02         8.7051       0.322274         78.438        2.70016       0.364083        9.39744     -0.0145241       0.023892        0.10801     0.00642074      0.0578549    -0.00296767        14.0057        15.3751
           2027      DRIFT_605           1978        8.19154        0.19682        73.1987        2.59559       0.349713        9.07509     -0.0145241      0.0382613       0.114362     0.00642074      0.0549189    -0.00296767        14.0244        15.3772
           2028      DRIFT_605        1978.99        7.92621      0.0713662        68.1664        2.49102       0.335344        8.78117     -0.0145241      0.0526305       0.120714     0.00642074      0.0519828    -0.00296767         14.044        15.3794
           2029      DRIFT_605        1979.98        7.90912     -0.0540877        63.3409        2.38645       0.320975        8.51569     -0.0145241      0.0669998       0.127067     0.00642074      0.0490468    -0.00296767        14.0639        15.3818
           2030      DRIFT_605        1980.97        8.14026      -0.179542        58.7224        2.28187       0.306606        8.27864     -0.0145241       0.081369       0.133419     0.00642074      0.0461108    -0.00296767        14.0836        15.3844
           2031      DRIFT_605        1981.96        8.61963      -0.304996        54.3107         2.1773       0.292236        8.07002     -0.0145241      0.0957383       0.139771     0.00642074      0.0431748    -0.00296767        14.1025        15.3872
           2032      DRIFT_605        1982.95        9.34723       -0.43045         50.106        2.07273       0.277867        7.88984     -0.0145241       0.110108       0.146123     0.00642074      0.0402388    -0.00296767          14.12        15.3902
           2033      DRIFT_605        1983.94        10.3231      -0.555903        46.1083        1.96815       0.263498        7.73808     -0.0145241       0.124477       0.152476     0.00642074      0.0373027    -0.00296767        14.1361        15.3935
           2034      DRIFT_605        1984.93        11.5471      -0.681357        42.3174        1.86358       0.249129        7.61476     -0.0145241       0.138846       0.158828     0.00642074      0.0343667    -0.00296767        14.1505         15.397
           2035      DRIFT_605        1985.92        13.0194      -0.806811        38.7334        1.75901       0.234759        7.51987     -0.0145241       0.153215        0.16518     0.00642074      0.0314307    -0.00296767        14.1634        15.4009
           2036      DRIFT_605        1986.91          14.74      -0.932265        35.3564        1.65444        0.22039        7.45341     -0.0145241       0.167585       0.171533     0.00642074      0.0284947    -0.00296767        14.1748        15.4052
           2037      DRIFT_605         1987.9        16.7087       -1.05772        32.1862        1.54986       0.206021        7.41538     -0.0145241       0.181954       0.177885     0.00642074      0.0255587    -0.00296767        14.1848        15.4098
           2038      DRIFT_605        1988.89        18.9257       -1.18317         29.223        1.44529       0.191652        7.40579     -0.0145241       0.196323       0.184237     0.00642074      0.0226226    -0.00296767        14.1937         15.415
           2039      DRIFT_605        1989.88        21.3909       -1.30863        26.4667        1.34072       0.177282        7.42463     -0.0145241       0.210692       0.190589     0.00642074      0.0196866    -0.00296767        14.2015        15.4206
           2040         Q4OT12        1990.63        23.5767       -1.61223        24.3482        1.47776       0.233829        7.45715      -0.010497       0.286151       0.196045     0.00813484      0.0173979    -0.00313226        14.2068        15.4253
           2041      DRIFT_616        1990.76        23.9987       -1.63208        23.9659        1.46075       0.232464        7.46414      -0.010497       0.287517       0.197103     0.00813484      0.0169905    -0.00313226        14.2077        15.4262
           2042          Q4O12        1992.57        22.9081        2.17402        25.7826        -2.5594      -0.961329        7.58326       0.101606      -0.952527       0.182962     -0.0233606      0.0135837   -0.000719387        14.2194        15.4384
           2043      DRIFT_617        1993.43        19.3681        1.95997        30.3808       -2.81018      -0.874321        7.51629       0.101606       -1.03953       0.162957     -0.0233606      0.0129677   -0.000719387        14.2259        15.4432
           2044      DRIFT_617        1994.28        16.1946        1.74591        35.4084       -3.06096      -0.787313        7.30031       0.101606       -1.12654       0.142953     -0.0233606      0.0123517   -0.000719387        14.2336        15.4474
           2045      DRIFT_617        1995.14        13.3878        1.53185        40.8655       -3.31174      -0.700305        6.93531       0.101606       -1.21355       0.122948     -0.0233606      0.0117356   -0.000719387        14.2428         15.451
           2046      DRIFT_617        1995.99        10.9476        1.31779        46.7522       -3.56252      -0.613297         6.4213       0.101606       -1.30056       0.102944     -0.0233606      0.0111196   -0.000719387        14.2541        15.4541
           2047      DRIFT_617        1996.85        8.87395        1.10373        53.0683        -3.8133      -0.526289        5.75827       0.101606       -1.38757      0.0829397     -0.0233606      0.0105036   -0.000719387        14.2679        15.4568
           2048      DRIFT_617        1997.71        7.16693       0.889677        59.8139       -4.06408      -0.439281        4.94622       0.101606       -1.47458      0.0629353     -0.0233606     0.00988753   -0.000719387        14.2851        15.4593
           2049         Q5OT12        1998.46        6.00956       0.656449        65.7069       -3.77806      -0.333626        4.11533      0.0871698       -1.51043      0.0455795     -0.0229437     0.00932001    -0.00079325        14.3033        15.4612
           2050      DRIFT_620        1998.59        5.84159       0.625245        66.7011       -3.80853      -0.322203        3.95961      0.0871698       -1.52186      0.0425727     -0.0229437     0.00921606    -0.00079325        14.3068        15.4615
           2051          Q5O12         1999.7        5.31726      -0.135765         67.791        2.86269     0.00959105         2.5879     -0.0605789        -1.2078       0.018989     -0.0199362     0.00785179    -0.00164244        14.3393         15.464
           2052      DRIFT_621        2000.53        5.67813      -0.295891        63.0993         2.7493     -0.0410545        1.61247     -0.0605789       -1.15715     0.00232189     -0.0199362     0.00647867    -0.00164244        14.3636        15.4661
           2053      DRIFT_621        2001.37        6.30675      -0.456018        58.5971         2.6359        -0.0917       0.721729     -0.0605789       -1.10651     -0.0143453     -0.0199362     0.00510554    -0.00164244         14.386        15.4683
           2054      DRIFT_621        2002.21         7.2031      -0.616145        54.2846         2.5225      -0.142346     -0.0843351     -0.0605789       -1.05586     -0.0310124     -0.0199362     0.00373242    -0.00164244        14.4057        15.4706
           2055    YO12_DH5_E1        2002.21         7.2031      -0.616145        54.2846         2.5225      -0.142346     -0.0843351     -0.0605789       -1.05586     -0.0310124     -0.0199362     0.00373242    -0.00164244        14.4057        15.4706
           2056            D5O         2010.9        32.3895       -2.27812        20.6636        1.34267      -0.669084       -3.44669      -0.060519       -0.52875     -0.0484908      0.0159179     -0.0105542    -0.00164244        14.5021        15.5124
           2057    YO12_DH5_E2         2010.9        32.3895       -2.27812        20.6636        1.34267      -0.669084       -3.44669      -0.060519       -0.52875     -0.0484908      0.0159179     -0.0105542    -0.00164244        14.5021        15.5124
           2058      DRIFT_623        2011.72        36.2225       -2.43358        18.5688        1.23232      -0.718317       -3.29247      -0.060519      -0.479517     -0.0355414      0.0159179     -0.0118904    -0.00164244        14.5059        15.5191
           2059      DRIFT_623        2012.53        40.3085       -2.58905        16.6535        1.12198       -0.76755       -3.05815      -0.060519      -0.430284      -0.022592      0.0159179     -0.0132265    -0.00164244        14.5093        15.5264
           2060         Q6OT12        2013.28        44.1406       -2.51419        15.1046       0.945841      -0.796308       -2.77226     -0.0546731      -0.372666     -0.0106191          0.016     -0.0144836    -0.00171087        14.5121         15.534
           2061      DRIFT_625        2013.41        44.8025       -2.53593        14.8588       0.929403      -0.803473       -2.71581     -0.0546731      -0.365501    -0.00852232          0.016     -0.0147078    -0.00171087        14.5126        15.5353
           2062          Q6O12        2014.52        45.4996        1.93097        14.4886      -0.583767      -0.566809       -2.20442      0.0358348      -0.116783     0.00937758      0.0159574     -0.0174541    -0.00328234        14.5165        15.5476
           2063      DRIFT_626        2015.07        43.4248         1.8743        15.1527      -0.634224       -0.54727       -1.96969      0.0358348      -0.136321      0.0180783      0.0159574     -0.0192438    -0.00328234        14.5184        15.5535
           2064          QGTTO        2015.07        43.4248        1.88298        15.1527      -0.637255      -0.546876       -1.96969      0.0359715      -0.135928      0.0180783      0.0159538     -0.0192438    -0.00328619        14.5184        15.5535
           2065      DRIFT_627        2015.97        40.1273        1.78898         16.372      -0.720586      -0.514574       -1.62966      0.0359715       -0.16823      0.0324051      0.0159538     -0.0221948    -0.00328619        14.5218        15.5626
           2066      DRIFT_627        2016.86        36.9986        1.69498        17.7411      -0.803917      -0.482271       -1.34765      0.0359715      -0.200533      0.0467318      0.0159538     -0.0251459    -0.00328619        14.5255        15.5709
           2067      DRIFT_627        2017.76        34.0388        1.60098        19.2598      -0.887249      -0.449968       -1.12366      0.0359715      -0.232836      0.0610585      0.0159538     -0.0280969    -0.00328619        14.5296        15.5787
           2068      DRIFT_627        2018.66        31.2479        1.50697        20.9281       -0.97058      -0.417665      -0.957676      0.0359715      -0.265139      0.0753852      0.0159538      -0.031048    -0.00328619         14.534        15.5858
           2069      DRIFT_627        2019.56        28.6257        1.41297        22.7461       -1.05391      -0.385362      -0.849714      0.0359715      -0.297442      0.0897119      0.0159538      -0.033999    -0.00328619        14.5387        15.5924
           2070      DRIFT_627        2020.46        26.1724        1.31897        24.7138       -1.13724      -0.353059      -0.799769      0.0359715      -0.329745       0.104039      0.0159538     -0.0369501    -0.00328619         14.544        15.5984
           2071      DRIFT_627        2021.35        23.8879        1.22497        26.8312       -1.22057      -0.320756      -0.807841      0.0359715      -0.362048       0.118365      0.0159538     -0.0399011    -0.00328619        14.5497        15.6039
           2072      DRIFT_627        2022.25        21.7722        1.13096        29.0982        -1.3039      -0.288453       -0.87393      0.0359715      -0.394351       0.132692      0.0159538     -0.0428522    -0.00328619        14.5559        15.6091
           2073      DRIFT_627        2023.15        19.8254        1.03696        31.5149       -1.38724       -0.25615      -0.998036      0.0359715      -0.426653       0.147019      0.0159538     -0.0458032    -0.00328619        14.5628        15.6138
           2074    YO12_DH6_E1        2023.15        19.8254        1.03696        31.5149       -1.38724       -0.25615      -0.998036      0.0359715      -0.426653       0.147019      0.0159538     -0.0458032    -0.00328619        14.5628        15.6138
           2075             DS         2026.1        14.6167       0.728945        40.5052       -1.66093      -0.150039       -1.81378      0.0359818      -0.532697       0.212076      0.0281609     -0.0554956    -0.00328619        14.5905        15.6269
           2076    YO12_DH6_E2         2026.1        14.6167       0.728945        40.5052       -1.66093      -0.150039       -1.81378      0.0359818      -0.532697       0.212076      0.0281609     -0.0554956    -0.00328619        14.5905        15.6269
           2077      DRIFT_628        2026.89        13.5275       0.645944        43.1951       -1.73444      -0.121533       -2.13952      0.0359818      -0.561203       0.234386      0.0281609      -0.058099    -0.00328619        14.5995        15.6299
           2078      DRIFT_628        2027.68        12.5698       0.562944        46.0015       -1.80796     -0.0930267       -2.51043      0.0359818      -0.589709       0.256696      0.0281609     -0.0607025    -0.00328619        14.6092        15.6328
           2079         SQSK12        2027.68         12.563       0.564546        45.9766       -1.80888     -0.0930015       -2.50975      0.0358184      -0.589549       0.256696       0.028173     -0.0607025    -0.00333753        14.6092        15.6328
           2080      DRIFT_629        2028.23        11.9784       0.507299        47.9773       -1.85956     -0.0734669       -2.79121      0.0358184      -0.609083       0.272061       0.028173     -0.0625227    -0.00333753        14.6163        15.6346
           2081          Q7O12        2029.16        12.0205      -0.553784         47.757        2.09043       -0.32342       -3.30112     -0.0405208      -0.861073       0.309078      0.0519632     -0.0632067      0.0018756        14.6288        15.6377
           2082      DRIFT_630        2030.14        13.2086      -0.660168         43.773        1.98039      -0.363076       -3.78849     -0.0405208      -0.821417       0.359932      0.0519632     -0.0613711      0.0018756        14.6411        15.6411
           2083      DRIFT_630        2031.12        14.6048      -0.766551        40.0045        1.87035      -0.402732       -4.19824     -0.0405208      -0.781761       0.410786      0.0519632     -0.0595355      0.0018756        14.6524        15.6448
           2084      DRIFT_630        2032.09        16.2093      -0.872935        36.4513         1.7603      -0.442388       -4.53037     -0.0405208      -0.742105        0.46164      0.0519632     -0.0576999      0.0018756        14.6625        15.6489
           2085      DRIFT_630        2033.07        18.0221      -0.979318        33.1136        1.65026      -0.482044       -4.78488     -0.0405208      -0.702449       0.512494      0.0519632     -0.0558644      0.0018756        14.6716        15.6534
           2086      DRIFT_630        2034.05         20.043        -1.0857        29.9912        1.54022        -0.5217       -4.96177     -0.0405208      -0.662793       0.563348      0.0519632     -0.0540288      0.0018756        14.6798        15.6583
           2087      DRIFT_630        2035.03        22.2722       -1.19209        27.0842        1.43018      -0.561355       -5.06104     -0.0405208      -0.623137       0.614202      0.0519632     -0.0521932      0.0018756        14.6872        15.6638
           2088      DRIFT_630        2036.01        24.7096       -1.29847        24.3926        1.32014      -0.601011        -5.0827     -0.0405208      -0.583482       0.665056      0.0519632     -0.0503577      0.0018756        14.6938        15.6698
           2089      DRIFT_630        2036.99        27.3552       -1.40485        21.9164        1.21009      -0.640667       -5.02673     -0.0405208      -0.543826        0.71591      0.0519632     -0.0485221      0.0018756        14.6998        15.6766
           2090      DRIFT_630        2037.97         30.209       -1.51124        19.6555        1.10005      -0.680323       -4.89315     -0.0405208       -0.50417       0.766764      0.0519632     -0.0466865      0.0018756        14.7052        15.6841
           2091      DRIFT_630        2038.95        33.2711       -1.61762        17.6101       0.990009      -0.719979       -4.68194     -0.0405208      -0.464514       0.817618      0.0519632     -0.0448509      0.0018756        14.7102        15.6925
           2092      DRIFT_630        2039.92        36.5414         -1.724          15.78       0.879966      -0.759635       -4.39312     -0.0405208      -0.424858       0.868473      0.0519632     -0.0430154      0.0018756        14.7146        15.7018
           2093      DRIFT_630         2040.9        40.0199       -1.83039        14.1653       0.769924      -0.799291       -4.02668     -0.0405208      -0.385202       0.919327      0.0519632     -0.0411798      0.0018756        14.7187        15.7122
           2094      DRIFT_630        2041.88        43.7067       -1.93677        12.7661       0.659882      -0.838947       -3.58262     -0.0405208      -0.345546       0.970181      0.0519632     -0.0393442      0.0018756        14.7224        15.7238
           2095      DRIFT_630        2042.86        47.6016       -2.04315        11.5822        0.54984      -0.878603       -3.06094     -0.0405208       -0.30589        1.02103      0.0519632     -0.0375087      0.0018756        14.7258        15.7366
           2096          QFB12        2043.97        47.4538        2.17195        11.5979      -0.564487      -0.631829       -2.41362      0.0419871     -0.0686629        1.02807      -0.039399     -0.0372488    -0.00140347        14.7295        15.7522
           2097      DRIFT_633        2044.52        45.1211        2.10626        12.2473      -0.626481      -0.608936       -2.11904      0.0419871     -0.0915563        1.00658      -0.039399      -0.038014    -0.00140347        14.7314        15.7594
           2098          QGTTO        2044.52        45.1211        2.11528        12.2473       -0.62893      -0.608512       -2.11904      0.0421271     -0.0911325        1.00658     -0.0396003      -0.038014    -0.00141107        14.7314        15.7594
           2099      DRIFT_634        2045.31         41.827         2.0186         13.322       -0.71973      -0.574943       -1.73351      0.0421271      -0.124702       0.975027     -0.0396003     -0.0391384    -0.00141107        14.7343        15.7694
           2100      DRIFT_634        2046.11         38.687        1.92192        14.5413       -0.81053      -0.541374       -1.40149      0.0421271      -0.158271       0.943472     -0.0396003     -0.0402628    -0.00141107        14.7374        15.7785
           2101    YO12_DH8_E1        2046.11         38.687        1.92192        14.5413       -0.81053      -0.541374       -1.40149      0.0421271      -0.158271       0.943472     -0.0396003     -0.0402628    -0.00141107        14.7374        15.7785
           2102              D        2055.55        13.1847       0.778047        40.0009       -1.88627      -0.143358       -1.54084      0.0421819      -0.556151       0.752428   -0.000867195     -0.0535843    -0.00141107        14.8061        15.8425
           2103    YO12_DH8_E2        2055.55        13.1847       0.778047        40.0009       -1.88627      -0.143358       -1.54084      0.0421819      -0.556151       0.752428   -0.000867195     -0.0535843    -0.00141107        14.8061        15.8425
           2104      DRIFT_635        2056.35         12.022       0.681023        43.0795       -1.97707      -0.109745       -1.89656      0.0421819      -0.589764       0.751737   -0.000867195     -0.0547087    -0.00141107        14.8161        15.8456
           2105      DRIFT_635        2057.14         11.014       0.583998        46.3027       -2.06787     -0.0761325       -2.30585      0.0421819      -0.623377       0.751046   -0.000867195     -0.0558331    -0.00141107        14.8272        15.8484
           2106         SQSK12        2057.14        11.0085       0.585482        46.2796       -2.06864     -0.0761135       -2.30527      0.0420176      -0.623221       0.751046   -0.000856028     -0.0558331    -0.00156128        14.8272        15.8484
           2107      DRIFT_636        2057.69        10.4063       0.518974        48.5694       -2.13083     -0.0532034       -2.61607      0.0420176      -0.646132       0.750579   -0.000856028     -0.0566844    -0.00156128        14.8353        15.8502
           2108          QDA12         2058.8        10.4182      -0.530109        48.3767        2.29854      -0.319566       -3.29515     -0.0452363      -0.917989       0.787871      0.0686141     -0.0555474     0.00359276        14.8526        15.8538
           2109      DRIFT_637        2058.93        10.5593      -0.546222        47.7765        2.28152      -0.325494        -3.3728     -0.0452363      -0.912061       0.796863      0.0686141     -0.0550765     0.00359276        14.8546        15.8543
           2110           SDMO        2059.68        11.4478      -0.638442        44.4272        2.18411      -0.359421       -3.78728     -0.0452363      -0.878134       0.848324      0.0686141      -0.052382     0.00359276        14.8654        15.8568
           2111      DRIFT_638        2060.65        12.7995      -0.757502        40.3193        2.05835      -0.403223       -4.24713     -0.0452363      -0.834332       0.914762      0.0686141     -0.0489031     0.00359276        14.8782        15.8605
           2112      DRIFT_638        2061.62        14.3817      -0.876562        36.4549        1.93258      -0.447025       -4.62215     -0.0452363       -0.79053         0.9812      0.0686141     -0.0454243     0.00359276        14.8895        15.8645
           2113      DRIFT_638        2062.58        16.1945      -0.995622        32.8341        1.80682      -0.490827       -4.91235     -0.0452363      -0.746728        1.04764      0.0686141     -0.0419455     0.00359276        14.8996         15.869
           2114      DRIFT_638        2063.55        18.2379       -1.11468        29.4568        1.68105      -0.534629       -5.11773     -0.0452363      -0.702926        1.11408      0.0686141     -0.0384666     0.00359276        14.9086        15.8739
           2115      DRIFT_638        2064.52        20.5119       -1.23374        26.3231        1.55529      -0.578431       -5.23828     -0.0452363      -0.659124        1.18052      0.0686141     -0.0349878     0.00359276        14.9166        15.8795
           2116      DRIFT_638        2065.49        23.0164        -1.3528         23.433        1.42952      -0.622233         -5.274     -0.0452363      -0.615322        1.24695      0.0686141      -0.031509     0.00359276        14.9237        15.8857
           2117      DRIFT_638        2066.46        25.7515       -1.47186        20.7863        1.30376      -0.666035       -5.22489     -0.0452363      -0.571521        1.31339      0.0686141     -0.0280301     0.00359276          14.93        15.8926
           2118      DRIFT_638        2067.43        28.7172       -1.59092        18.3833          1.178      -0.709836       -5.09096     -0.0452363      -0.527719        1.37983      0.0686141     -0.0245513     0.00359276        14.9357        15.9005
           2119    YO12_DH9_E1        2067.43        28.7172       -1.59092        18.3833          1.178      -0.709836       -5.09096     -0.0452363      -0.527719        1.37983      0.0686141     -0.0245513     0.00359276        14.9357        15.9005
           2120             DS        2070.38        39.1661       -1.95161        12.5643       0.794915      -0.843201       -4.16005     -0.0451969      -0.394116        1.60014      0.0807755     -0.0139547     0.00359276        14.9497        15.9316
           2121    YO12_DH9_E2        2070.38        39.1661       -1.95161        12.5643       0.794915      -0.843201       -4.16005     -0.0451969      -0.394116        1.60014      0.0807755     -0.0139547     0.00359276        14.9497        15.9316
           2122      DRIFT_640        2071.17        42.3354       -2.04888        11.3863       0.692018      -0.879008        -3.7759     -0.0451969      -0.358309        1.66413      0.0807755     -0.0111084     0.00359276        14.9528        15.9422
           2123      DRIFT_640        2071.96        45.6589       -2.14615        10.3714        0.58912      -0.914814       -3.33502     -0.0451969      -0.322503        1.72813      0.0807755    -0.00826211     0.00359276        14.9557        15.9538
           2124         SQSK12        2071.96         45.626       -2.14297        10.3639        0.58707      -0.914484       -3.33382     -0.0453345      -0.322387        1.72813      0.0807771    -0.00826211     0.00324713        14.9557        15.9538
           2125      DRIFT_641        2072.51        47.9993        -2.2098        9.76227       0.516327      -0.939203        -2.9975     -0.0453345      -0.297668        1.77217      0.0807771    -0.00649162     0.00324713        14.9575        15.9624
           2126             QF        2073.62        47.9887        2.21908        9.73267      -0.488767      -0.693021        -2.2713      0.0451111     -0.0594782        1.77063     -0.0835266    -0.00315982     0.00280708        14.9611        15.9809
           2127      DRIFT_642        2073.75        47.4092         2.2029        9.86297      -0.505449      -0.687109       -2.18905      0.0451111       -0.06539        1.75968     -0.0835266    -0.00279195     0.00280708        14.9616         15.983
           2128           SFMO         2074.5        44.1743        2.11031        10.6927      -0.600918      -0.653276       -1.74814      0.0451111     -0.0992234        1.69704     -0.0835266   -0.000686643     0.00280708        14.9642        15.9947
           2129      DRIFT_643        2075.13        41.5685        2.03266         11.499      -0.680978      -0.624903       -1.41751      0.0451111      -0.127596        1.64451     -0.0835266     0.00107888     0.00280708        14.9665        16.0037
           2130      DRIFT_643        2075.75        39.0605        1.95502         12.406      -0.761039       -0.59653       -1.12257      0.0451111      -0.155969        1.59197     -0.0835266      0.0028444     0.00280708         14.969        16.0121
           2131   YO12_DH10_E1        2075.75        39.0605        1.95502         12.406      -0.761039       -0.59653       -1.12257      0.0451111      -0.155969        1.59197     -0.0835266      0.0028444     0.00280708         14.969        16.0121
           2132              D        2085.19        13.1097       0.791775        38.1388       -1.96535      -0.170012      -0.987663      0.0452292      -0.582368       0.985422     -0.0449469      0.0293492     0.00280829        15.0375        16.0835
           2133   YO12_DH10_E2        2085.19        13.1097       0.791775        38.1388       -1.96535      -0.170012      -0.987663      0.0452292      -0.582368       0.985422     -0.0449469      0.0293492     0.00280829        15.0375        16.0835
           2134      DRIFT_645        2085.91        12.0438       0.703294        41.0061       -2.05625      -0.137764       -1.30466      0.0452292      -0.614616       0.953376     -0.0449469      0.0313515     0.00280829        15.0465        16.0864
           2135      DRIFT_645        2086.62         11.104       0.614813        44.0031       -2.14716      -0.105516       -1.66764      0.0452292      -0.646864       0.921329     -0.0449469      0.0333538     0.00280829        15.0563        16.0891
           2136      DRIFT_645        2087.33        10.2904       0.526332        47.1297       -2.23806     -0.0732683       -2.07661      0.0452292      -0.679112       0.889283     -0.0449469       0.035356     0.00280829        15.0669        16.0916
           2137             QD        2088.44        10.3131      -0.547513        47.1427        2.22669      -0.298595       -2.77161     -0.0463274      -0.911206       0.885505      0.0380806      0.0365833   -0.000616423        15.0844        16.0952
           2138      DRIFT_647        2088.57        10.4587      -0.564029        46.5613        2.21013      -0.304667       -2.85109     -0.0463274      -0.905135       0.890495      0.0380806      0.0365025   -0.000616423        15.0864        16.0957
           2139           SDPO        2089.32        11.3757      -0.658552        43.3172        2.11534      -0.339412       -3.27538     -0.0463274      -0.870389       0.919056      0.0380806      0.0360402   -0.000616423        15.0974        16.0983
           2140      DRIFT_648        2089.95        12.2539       -0.73782        40.7063        2.03585       -0.36855       -3.59102     -0.0463274      -0.841251       0.943007      0.0380806      0.0356525   -0.000616423        15.1059        16.1007
           2141      DRIFT_648        2090.58        13.2319      -0.817088        38.1954        1.95636      -0.397688          -3.87     -0.0463274      -0.812114       0.966958      0.0380806      0.0352648   -0.000616423        15.1137        16.1033
           2142   YO12_DH11_E1        2090.58        13.2319      -0.817088        38.1954        1.95636      -0.397688          -3.87     -0.0463274      -0.812114       0.966958      0.0380806      0.0352648   -0.000616423        15.1137        16.1033
           2143              D        2100.02        39.9049       -2.00868        12.4868       0.765023      -0.836761       -3.64499     -0.0464816      -0.374188        1.51013      0.0769956      0.0294125    -0.00062318        15.1811        16.1744
           2144   YO12_DH11_E2        2100.02        39.9049       -2.00868        12.4868       0.765023      -0.836761       -3.64499     -0.0464816      -0.374188        1.51013      0.0769956      0.0294125    -0.00062318        15.1811        16.1744
           2145      DRIFT_650        2100.74        42.8333       -2.09863        11.4605       0.674506      -0.869902       -3.29155     -0.0464816      -0.341047        1.56503      0.0769956      0.0289682    -0.00062318        15.1839        16.1839
           2146      DRIFT_650        2101.45          45.89       -2.18859        10.5632        0.58399      -0.903042       -2.89086     -0.0464816      -0.307906        1.61993      0.0769956      0.0285238    -0.00062318        15.1864        16.1942
           2147      DRIFT_650        2102.16         49.075       -2.27855        9.79498       0.493473      -0.936183       -2.44291     -0.0464816      -0.274765        1.67482      0.0769956      0.0280795    -0.00062318        15.1888        16.2054
           2148             QF        2103.27         49.105        2.25245        9.81954      -0.516346      -0.742911       -1.69322      0.0463343     -0.0877987        1.67409     -0.0783148      0.0288213     0.00197116        15.1924        16.2237
           2149      DRIFT_652         2103.4        48.5168        2.23625        9.95709       -0.53325      -0.736839       -1.60816      0.0463343     -0.0938708        1.66382     -0.0783148      0.0290797     0.00197116        15.1928        16.2258
           2150           SFPO        2104.15         45.232        2.14348        10.8295      -0.629992      -0.702088         -1.152      0.0463343      -0.128622        1.60509     -0.0783148       0.030558     0.00197116        15.1953        16.2373
           2151      DRIFT_653        2104.78        42.5846        2.06569         11.673       -0.71112      -0.672946      -0.809642      0.0463343      -0.157764        1.55583     -0.0783148      0.0317978     0.00197116        15.1976        16.2463
           2152      DRIFT_653        2105.41        40.0351         1.9879        12.6186      -0.792248      -0.643804      -0.503945      0.0463343      -0.186906        1.50657     -0.0783148      0.0330376     0.00197116           15.2        16.2545
           2153   YO12_DH12_E1        2105.41        40.0351         1.9879        12.6186      -0.792248      -0.643804      -0.503945      0.0463343      -0.186906        1.50657     -0.0783148      0.0330376     0.00197116           15.2        16.2545
           2154              D        2114.85        13.4624       0.823684        39.1215       -2.01677      -0.205301      -0.327586       0.046562      -0.625559       0.948686     -0.0398408      0.0516822      0.0019793        15.2666        16.3244
           2155   YO12_DH12_E2        2114.85        13.4624       0.823684        39.1215       -2.01677      -0.205301      -0.327586       0.046562      -0.625559       0.948686     -0.0398408      0.0516822      0.0019793        15.2666        16.3244
           2156      DRIFT_655        2115.56        12.3513       0.734791        42.0632       -2.10912      -0.172103      -0.650893       0.046562      -0.658757        0.92028     -0.0398408      0.0530934      0.0019793        15.2754        16.3272
           2157      DRIFT_655        2116.28        11.3669       0.645899        45.1366       -2.20147      -0.138905       -1.02154       0.046562      -0.691955       0.891874     -0.0398408      0.0545046      0.0019793         15.285        16.3298
           2158      DRIFT_655        2116.99        10.5092       0.557006        48.3416       -2.29382      -0.105707       -1.43953       0.046562      -0.725153       0.863468     -0.0398408      0.0559158      0.0019793        15.2954        16.3322
           2159             QD         2118.1        10.4825      -0.532146        48.3541        2.28299      -0.271979       -2.14942     -0.0466814      -0.897195       0.864056      0.0409085      0.0551737    -0.00330473        15.3126        16.3358
           2160      DRIFT_657        2118.23        10.6241      -0.548188        47.7579        2.26615      -0.278097       -2.23055     -0.0466814      -0.891077       0.869417      0.0409085      0.0547407    -0.00330473        15.3146        16.3362
           2161           SDMO        2118.98        11.5153      -0.639997         44.431         2.1698      -0.313108       -2.66403     -0.0466814      -0.856066       0.900098      0.0409085      0.0522621    -0.00330473        15.3254        16.3388
           2162      DRIFT_658        2119.61        12.3687      -0.716987        41.7524          2.089      -0.342468       -2.98706     -0.0466814      -0.826706       0.925828      0.0409085      0.0501836    -0.00330473        15.3337        16.3411
           2163      DRIFT_658        2120.24        13.3191      -0.793978        39.1755         2.0082      -0.371829       -3.27315     -0.0466814      -0.797345       0.951557      0.0409085      0.0481051    -0.00330473        15.3416        16.3436
           2164   YO12_DH13_E1        2120.24        13.3191      -0.793978        39.1755         2.0082      -0.371829       -3.27315     -0.0466814      -0.797345       0.951557      0.0409085      0.0481051    -0.00330473        15.3416        16.3436
           2165              D        2129.68        39.1885       -1.94515        12.7023       0.795667      -0.812465       -3.12791     -0.0466269      -0.356354        1.52068      0.0796479      0.0169002    -0.00330585        15.4093        16.4132
           2166   YO12_DH13_E2        2129.68        39.1885       -1.94515        12.7023       0.795667      -0.812465       -3.12791     -0.0466269      -0.356354        1.52068      0.0796479      0.0169002    -0.00330585        15.4093        16.4132
           2167      DRIFT_660        2130.39        42.0242       -2.03218         11.633       0.704001      -0.845709         -2.779     -0.0466269       -0.32311        1.57747      0.0796479      0.0145431    -0.00330585        15.4121        16.4225
           2168      DRIFT_660        2131.11        44.9841       -2.11921        10.6945       0.612335      -0.878954        -2.3827     -0.0466269      -0.289866        1.63425      0.0796479      0.0121861    -0.00330585        15.4147        16.4327
           2169      DRIFT_660        2131.82        48.0681       -2.20625        9.88667       0.520669      -0.912198       -1.93898     -0.0466269      -0.256621        1.69104      0.0796479     0.00982909    -0.00330585        15.4172        16.4437
           2170             QF        2132.93        48.0402        2.23049        9.85891      -0.494814      -0.765637        -1.1949      0.0465993      -0.114936        1.69233     -0.0773414     0.00660303    -0.00255626        15.4208         16.462
           2171      DRIFT_662        2133.06        47.4578        2.21419        9.99077      -0.511361       -0.75953       -1.11042      0.0465993      -0.121043         1.6822     -0.0773414     0.00626803    -0.00255626        15.4212        16.4641
           2172           SFMO        2133.81        44.2065        2.12091        10.8288       -0.60606      -0.724581      -0.657771      0.0465993      -0.155992        1.62419     -0.0773414     0.00435083    -0.00255626        15.4238        16.4756
           2173      DRIFT_663        2134.44        41.5878        2.04268        11.6412      -0.685475      -0.695272       -0.31859      0.0465993      -0.185301        1.57555     -0.0773414     0.00274306    -0.00255626        15.4262        16.4845
           2174      DRIFT_663        2135.07        39.0675        1.96445        12.5534       -0.76489      -0.665963     -0.0162759      0.0465993       -0.21461         1.5269     -0.0773414     0.00113529    -0.00255626        15.4287        16.4928
           2175   YO12_DH14_E1        2135.07        39.0675        1.96445        12.5534       -0.76489      -0.665963     -0.0162759      0.0465993       -0.21461         1.5269     -0.0773414     0.00113529    -0.00255626        15.4287        16.4928
           2176              D        2144.51        13.0586       0.790398        38.2136       -1.95192      -0.226139      0.0921945      0.0465431      -0.654339       0.980155     -0.0384857     -0.0229928    -0.00255468        15.4973        16.5637
           2177   YO12_DH14_E2        2144.51        13.0586       0.790398        38.2136       -1.95192      -0.226139      0.0921945      0.0465431      -0.654339       0.980155     -0.0384857     -0.0229928    -0.00255468        15.4973        16.5637
           2178      DRIFT_665        2145.22        11.9948        0.70169        41.0609       -2.04167      -0.192955      -0.236766      0.0465431      -0.687523       0.952716     -0.0384857     -0.0248142    -0.00255468        15.5064        16.5665
           2179      DRIFT_665        2145.93        11.0574       0.612982        44.0363       -2.13141       -0.15977      -0.613046      0.0465431      -0.720708       0.925276     -0.0384857     -0.0266357    -0.00255468        15.5162        16.5692
           2180      DRIFT_665        2146.65        10.2466       0.524273        47.1396       -2.22116      -0.126586       -1.03665      0.0465431      -0.753892       0.897836     -0.0384857     -0.0284571    -0.00255468        15.5269        16.5717
           2181             QD        2147.76        10.2693      -0.545441        47.1174        2.24045      -0.256602       -1.75404     -0.0478535      -0.887046       0.901783      0.0456589     -0.0297668    0.000215616        15.5444        16.5754
           2182      DRIFT_667        2147.89        10.4144      -0.561999        46.5324         2.2237      -0.262873       -1.83584     -0.0478535      -0.880775       0.907767      0.0456589     -0.0297385    0.000215616        15.5465        16.5758
           2183           SDPO        2148.64        11.3285       -0.65676        43.2687        2.12789      -0.298763       -2.27235     -0.0478535      -0.844885       0.942011      0.0456589     -0.0295768    0.000215616        15.5575        16.5785
           2184      DRIFT_668        2149.27        12.2046      -0.736227        40.6425        2.04753      -0.328861        -2.5969     -0.0478535      -0.814787       0.970728      0.0456589     -0.0294412    0.000215616         15.566        16.5809
           2185      DRIFT_668         2149.9        13.1807      -0.815693        38.1175        1.96718      -0.358958       -2.88359     -0.0478535       -0.78469       0.999445      0.0456589     -0.0293056    0.000215616        15.5739        16.5834
           2186   YO12_DH15_E1         2149.9        13.1807      -0.815693        38.1175        1.96718      -0.358958       -2.88359     -0.0478535       -0.78469       0.999445      0.0456589     -0.0293056    0.000215616        15.5739        16.5834
           2187              D        2159.34        39.8198       -2.00525        12.3497       0.761664      -0.810963         -2.635       -0.04784      -0.332615        1.61354      0.0844272     -0.0272605    0.000217599        15.6415        16.6551
           2188   YO12_DH15_E2        2159.34        39.8198       -2.00525        12.3497       0.761664      -0.810963         -2.635       -0.04784      -0.332615        1.61354      0.0844272     -0.0272605    0.000217599        15.6415        16.6551
           2189      DRIFT_670        2160.05        42.7434       -2.09516        11.3287       0.670439      -0.845073       -2.26962       -0.04784      -0.298506        1.67373      0.0844272     -0.0271054    0.000217599        15.6442        16.6647
           2190      DRIFT_670        2160.76        45.7951       -2.18506        10.4377       0.579213      -0.879182       -1.85561       -0.04784      -0.264397        1.73393      0.0844272     -0.0269502    0.000217599        15.6468        16.6751
           2191      DRIFT_670        2161.48         48.975       -2.27496        9.67677       0.487987      -0.913291       -1.39296       -0.04784      -0.230288        1.79412      0.0844272     -0.0267951    0.000217599        15.6492        16.6864
           2192             QF        2162.59        49.0088        2.24556        9.70285      -0.512278      -0.819436      -0.616908      0.0477059      -0.139426        1.79548     -0.0819971     -0.0279283    -0.00227674        15.6527         16.705
           2193      DRIFT_672        2162.72        48.4224         2.2294        9.83936      -0.529329      -0.813184      -0.528612      0.0477059      -0.145677        1.78474     -0.0819971     -0.0282267    -0.00227674        15.6531        16.7071
           2194           SFPO        2163.47        45.1476        2.13693        10.7065      -0.626911      -0.777405     -0.0548165      0.0477059      -0.181457        1.72324     -0.0819971     -0.0299342    -0.00227674        15.6557        16.7188
           2195      DRIFT_673         2164.1        42.5083        2.05939        11.5466      -0.708744        -0.7474       0.301135      0.0477059      -0.211462        1.67167     -0.0819971     -0.0313662    -0.00227674         15.658        16.7278
           2196      DRIFT_673        2164.73        39.9666        1.98184        12.4896      -0.790576      -0.717395       0.619343      0.0477059      -0.241466         1.6201     -0.0819971     -0.0327982    -0.00227674        15.6604        16.7361
           2197   YO12_DH16_E1        2164.73        39.9666        1.98184        12.4896      -0.790576      -0.717395       0.619343      0.0477059      -0.241466         1.6201     -0.0819971     -0.0327982    -0.00227674        15.6604        16.7361
           2198              D        2174.17        13.5207       0.818692        38.9942       -2.01626      -0.266822        0.85878      0.0477129      -0.692055        1.02886     -0.0432477      -0.054278    -0.00227349         15.727        16.8064
           2199   YO12_DH16_E2        2174.17        13.5207       0.818692        38.9942       -2.01626      -0.266822        0.85878      0.0477129      -0.692055        1.02886     -0.0432477      -0.054278    -0.00227349         15.727        16.8064
           2200      DRIFT_675        2174.88         12.416       0.730614        41.9354       -2.10888      -0.232803        0.53134      0.0477129      -0.726074       0.998025     -0.0432477      -0.055899    -0.00227349        15.7357        16.8093
           2201      DRIFT_675        2175.59         11.437       0.642537        45.0086        -2.2015      -0.198785       0.155392      0.0477129      -0.760092        0.96719     -0.0432477     -0.0575199    -0.00227349        15.7453        16.8119
           2202      DRIFT_675        2176.31        10.5835       0.554459        48.2139       -2.29411      -0.164766      -0.269067      0.0477129      -0.794111       0.936355     -0.0432477     -0.0591409    -0.00227349        15.7556        16.8143
           2203             QD        2177.42        10.5694      -0.541234        48.2411        2.27047      -0.222714      -0.988545     -0.0472103      -0.854684       0.936935      0.0443015     -0.0585528     0.00332378        15.7726        16.8179
           2204      DRIFT_677        2177.55        10.7133      -0.557265        47.6482        2.25375      -0.228901       -1.07055     -0.0472103      -0.848497       0.942741      0.0443015     -0.0581173     0.00332378        15.7746        16.8183
           2205           SDMO         2178.3         11.618      -0.649012        44.3394        2.15806      -0.264309       -1.50869     -0.0472103      -0.813089       0.975967      0.0443015     -0.0556244     0.00332378        15.7853        16.8209
           2206      DRIFT_678        2178.93        12.4828      -0.725951        41.6752        2.07781      -0.294002       -1.83518     -0.0472103      -0.783396        1.00383      0.0443015     -0.0535339     0.00332378        15.7936        16.8233
           2207      DRIFT_678        2179.55        13.4444      -0.802889         39.112        1.99756      -0.323695       -2.12431     -0.0472103      -0.753703        1.03169      0.0443015     -0.0514434     0.00332378        15.8013        16.8257
           2208   YO12_DH17_E1        2179.55        13.4444      -0.802889         39.112        1.99756      -0.323695       -2.12431     -0.0472103      -0.753703        1.03169      0.0443015     -0.0514434     0.00332378        15.8013        16.8257
           2209              D        2188.99         39.512        -1.9585        12.7366       0.794659      -0.770451       -1.97039     -0.0473176      -0.307502        1.63347      0.0831874     -0.0200297     0.00333025        15.8685        16.8952
           2210   YO12_DH17_E2        2188.99         39.512        -1.9585        12.7366       0.794659      -0.770451       -1.97039     -0.0473176      -0.307502        1.63347      0.0831874     -0.0200297     0.00333025        15.8685        16.8952
           2211      DRIFT_680        2189.71         42.367       -2.04576        11.6686        0.70333      -0.804187       -1.61626     -0.0473176      -0.273765        1.69278      0.0831874     -0.0176553     0.00333025        15.8713        16.9045
           2212      DRIFT_680        2190.42        45.3464       -2.13302        10.7308          0.612      -0.837924       -1.21402     -0.0473176      -0.240028         1.7521      0.0831874     -0.0152809     0.00333025        15.8739        16.9147
           2213      DRIFT_680        2191.13        48.4502       -2.22028        9.92317       0.520671      -0.871661       -0.76368     -0.0473176      -0.206291        1.81141      0.0831874     -0.0129065     0.00333025        15.8763        16.9257
           2214             QF        2192.24        48.4217         2.2451        9.89711      -0.496403      -0.835657    -0.00642801      0.0473926      -0.171573        1.81061     -0.0846148    -0.00981045     0.00229554        15.8799        16.9439
           2215      DRIFT_682        2192.37        47.8354        2.22876        10.0294      -0.512907      -0.829446      0.0797864      0.0473926      -0.177783        1.79952     -0.0846148    -0.00950962     0.00229554        15.8803         16.946
           2216           SFMO        2193.12        44.5624        2.13519        10.8696       -0.60736      -0.793902       0.541875      0.0473926      -0.213328        1.73606     -0.0846148    -0.00778797     0.00229554        15.8829        16.9574
           2217      DRIFT_683        2193.75        41.9259        2.05673        11.6834      -0.686568      -0.764094       0.888281      0.0473926      -0.243136        1.68284     -0.0846148    -0.00634418     0.00229554        15.8852        16.9663
           2218      DRIFT_683        2194.38        39.3881        1.97827        12.5969      -0.765777      -0.734287        1.19719      0.0473926      -0.272943        1.62962     -0.0846148    -0.00490039     0.00229554        15.8877        16.9745
           2219   YO12_DH18_E1        2194.38        39.3881        1.97827        12.5969      -0.765777      -0.734287        1.19719      0.0473926      -0.272943        1.62962     -0.0846148    -0.00490039     0.00229554        15.8877        16.9745
           2220              D        2203.82        13.1312       0.801824        38.2732       -1.95375      -0.286504        1.32506      0.0474465      -0.720932         1.0135     -0.0458975      0.0167707     0.00229538        15.9558        17.0453
           2221   YO12_DH18_E2        2203.82        13.1312       0.801824        38.2732       -1.95375      -0.286504        1.32506      0.0474465      -0.720932         1.0135     -0.0458975      0.0167707     0.00229538        15.9558        17.0453
           2222      DRIFT_685        2204.54        12.0514       0.712618        41.1232       -2.04349      -0.252676       0.991203      0.0474465       -0.75476       0.980772     -0.0458975      0.0184073     0.00229538        15.9648        17.0481
           2223      DRIFT_685        2205.25        11.0988       0.623412        44.1012       -2.13323      -0.218847       0.609104      0.0474465      -0.788589       0.948048     -0.0458975      0.0200439     0.00229538        15.9746        17.0508
           2224      DRIFT_685        2205.96        10.2734       0.534206        47.2071       -2.22297      -0.185019       0.178768      0.0474465      -0.822418       0.915324     -0.0458975      0.0216804     0.00229538        15.9852        17.0533
           2225             QD        2207.07        10.2759      -0.536486        47.1838        2.24317      -0.202499      -0.548255     -0.0481035      -0.839776       0.911803      0.0394984      0.0230594     0.00016754        16.0028         17.057
           2226      DRIFT_687         2207.2        10.4187       -0.55291        46.5981        2.22642      -0.208803      -0.630944     -0.0481035      -0.833472       0.916979      0.0394984      0.0230814     0.00016754        16.0048        17.0574
           2227           SDPO        2207.95        11.3185      -0.646903        43.3304        2.13054       -0.24488       -1.07239     -0.0481035      -0.797395       0.946603      0.0394984       0.023207     0.00016754        16.0158        17.0601
           2228      DRIFT_688        2208.58        12.1818      -0.725726        40.7009        2.05014      -0.275135       -1.40086     -0.0481035       -0.76714       0.971446      0.0394984      0.0233124     0.00016754        16.0243        17.0625
           2229      DRIFT_688        2209.21        13.1443      -0.804549        38.1726        1.96973       -0.30539       -1.69128     -0.0481035      -0.736885       0.996288      0.0394984      0.0234178     0.00016754        16.0322         17.065
           2230   YO12_DH19_E1        2209.21        13.1443      -0.804549        38.1726        1.96973       -0.30539       -1.69128     -0.0481035      -0.736885       0.996288      0.0394984      0.0234178     0.00016754        16.0322         17.065
           2231              D        2218.65        39.4616       -1.98161        12.3766       0.762789      -0.759102       -1.47814      -0.048008      -0.282759        1.55184      0.0781796      0.0250006    0.000167778        16.1002        17.1365
           2232   YO12_DH19_E2        2218.65        39.4616       -1.98161        12.3766       0.762789      -0.759102       -1.47814      -0.048008      -0.282759        1.55184      0.0781796      0.0250006    0.000167778        16.1002        17.1365
           2233      DRIFT_690        2219.36        42.3507       -2.07063        11.3538       0.671663      -0.793331       -1.11411      -0.048008       -0.24853        1.60758      0.0781796      0.0251202    0.000167778         16.103        17.1461
           2234      DRIFT_690        2220.08        45.3669       -2.15964         10.461       0.580537       -0.82756      -0.701272      -0.048008      -0.214301        1.66332      0.0781796      0.0252398    0.000167778        16.1056        17.1565
           2235      DRIFT_690        2220.79        48.5099       -2.24866        9.69819        0.48941      -0.861789      -0.239623      -0.048008      -0.180072        1.71906      0.0781796      0.0253594    0.000167778         16.108        17.1678
           2236             QF         2221.9        48.5348        2.22701        9.72274      -0.512273      -0.875739       0.537052      0.0479098      -0.193449        1.71743     -0.0811067      0.0268535     0.00254712        16.1116        17.1863
           2237      DRIFT_692        2222.03        47.9532        2.21092        9.85923      -0.529289       -0.86946       0.625644      0.0479098      -0.199727         1.7068     -0.0811067      0.0271873     0.00254712         16.112        17.1885
           2238           SFPO        2222.78        44.7059        2.11883        10.7262       -0.62667      -0.833528        1.10099      0.0479098       -0.23566        1.64597     -0.0811067      0.0290977     0.00254712        16.1146        17.2001
           2239      DRIFT_693        2223.41        42.0892         2.0416        11.5659      -0.708335      -0.803395        1.45807      0.0479098      -0.265793        1.59495     -0.0811067      0.0306997     0.00254712        16.1169        17.2091
           2240      DRIFT_693        2224.04        39.5696        1.96437        12.5082          -0.79      -0.773262        1.77725      0.0479098      -0.295926        1.54394     -0.0811067      0.0323017     0.00254712        16.1194        17.2174
           2241   YO12_DH20_E1        2224.04        39.5696        1.96437        12.5082          -0.79      -0.773262        1.77725      0.0479098      -0.295926        1.54394     -0.0811067      0.0323017     0.00254712        16.1194        17.2174
           2242              D        2233.48        13.4168       0.805527        38.9666       -2.01152      -0.320789         2.0124      0.0478672      -0.748181       0.961464     -0.0422873       0.056325     0.00254172        16.1866        17.2877
           2243   YO12_DH20_E2        2233.48        13.4168       0.805527        38.9666       -2.01152      -0.320789         2.0124      0.0478672      -0.748181       0.961464     -0.0422873       0.056325     0.00254172        16.1866        17.2877
           2244      DRIFT_695        2234.19        12.3307       0.717904        41.9008       -2.10385       -0.28666        1.68334      0.0478672       -0.78231       0.931314     -0.0422873      0.0581372     0.00254172        16.1954        17.2905
           2245      DRIFT_695        2234.91        11.3694       0.630281        44.9666       -2.19619      -0.252532        1.30562      0.0478672      -0.816438       0.901164     -0.0422873      0.0599494     0.00254172         16.205        17.2931
           2246      DRIFT_695        2235.62        10.5331       0.542658        48.1642       -2.28852      -0.218403       0.879225      0.0478672      -0.850567       0.871013     -0.0422873      0.0617616     0.00254172        16.2154        17.2956
           2247             QD        2236.73        10.5417      -0.550612        48.1801        2.27469      -0.169993       0.158629     -0.0473111      -0.801065       0.869267      0.0391141      0.0613274    -0.00331715        16.2324        17.2992
           2248      DRIFT_697        2236.86        10.6881      -0.566813        47.5861         2.2579      -0.176193      0.0767392     -0.0473111      -0.794865       0.874393      0.0391141      0.0608927    -0.00331715        16.2344        17.2996
           2249           SDMO        2237.61        11.6079      -0.659529        44.2713        2.16179      -0.211677      -0.360652     -0.0473111      -0.759382       0.903729      0.0391141      0.0584049    -0.00331715        16.2451        17.3022
           2250      DRIFT_698        2238.24        12.4864      -0.737281        41.6027        2.08119      -0.241433      -0.686417     -0.0473111      -0.729625        0.92833      0.0391141      0.0563185    -0.00331715        16.2535        17.3045
           2251      DRIFT_698        2238.87        13.4627      -0.815032        39.0354        2.00059       -0.27119      -0.974751     -0.0473111      -0.699869       0.952931      0.0391141      0.0542322    -0.00331715        16.2612         17.307
           2252    YO1_DH20_E1        2238.87        13.4627      -0.815032        39.0354        2.00059       -0.27119      -0.974751     -0.0473111      -0.699869       0.952931      0.0391141      0.0542322    -0.00331715        16.2612         17.307
           2253              D        2248.31        39.8567        -1.9803        12.6647        0.79176      -0.718205      -0.802509     -0.0473395      -0.252952        1.50565       0.077974      0.0228932    -0.00332143         16.328        17.3768
           2254    YO1_DH20_E2        2248.31        39.8567        -1.9803        12.6647        0.79176      -0.718205      -0.802509     -0.0473395      -0.252952        1.50565       0.077974      0.0228932    -0.00332143         16.328        17.3768
           2255      DRIFT_700        2249.02        42.7433       -2.06835        11.6009       0.700171      -0.751957      -0.446725     -0.0473395      -0.219199        1.56124       0.077974      0.0205251    -0.00332143        16.3307        17.3862
           2256      DRIFT_700        2249.73        45.7555       -2.15639        10.6678       0.608582      -0.785709     -0.0428123     -0.0473395      -0.185447        1.61684       0.077974      0.0181569    -0.00332143        16.3333        17.3964
           2257      DRIFT_700        2250.45        48.8932       -2.24443        9.86529       0.516993      -0.819461       0.409231     -0.0473395      -0.151695        1.67243       0.077974      0.0157888    -0.00332143        16.3357        17.4074
           2258             QF        2251.56        48.8678        2.26649        9.84323      -0.496447       -0.89321        1.17113      0.0475594      -0.223216        1.67289     -0.0771509      0.0128516    -0.00201575        16.3393        17.4257
           2259      DRIFT_702        2251.69        48.2759        2.25003        9.97552      -0.513042      -0.886977        1.25812      0.0475594      -0.229449        1.66278     -0.0771509      0.0125875    -0.00201575        16.3397        17.4278
           2260           SFMO        2252.44        44.9715        2.15584        10.8163      -0.608015      -0.851308        1.72451      0.0475594      -0.265118        1.60492     -0.0771509      0.0110756    -0.00201575        16.3422        17.4393
           2261      DRIFT_703        2253.07        42.3093        2.07686        11.6312       -0.68766      -0.821395        2.07438      0.0475594      -0.295031        1.55639     -0.0771509     0.00980784    -0.00201575        16.3445        17.4482
           2262      DRIFT_703         2253.7        39.7465        1.99787        12.5463      -0.767305      -0.791483        2.38663      0.0475594      -0.324943        1.50787     -0.0771509     0.00854002    -0.00201575         16.347        17.4565
           2263    YO1_DH19_E1         2253.7        39.7465        1.99787        12.5463      -0.767305      -0.791483        2.38663      0.0475594      -0.324943        1.50787     -0.0771509     0.00854002    -0.00201575         16.347        17.4565
           2264              D        2263.14        13.1973       0.813355        38.3086       -1.96115      -0.342105        2.54824      0.0475974       -0.77453         0.9624     -0.0383959     -0.0104905    -0.00201571        16.4146        17.5274
           2265    YO1_DH19_E2        2263.14        13.1973       0.813355        38.3086       -1.96115      -0.342105        2.54824      0.0475974       -0.77453         0.9624     -0.0383959     -0.0104905    -0.00201571        16.4146        17.5274
           2266      DRIFT_705        2263.85        12.1014       0.723589        41.1695       -2.05135      -0.308168        2.21573      0.0475974      -0.808466       0.935025     -0.0383959     -0.0119277    -0.00201571        16.4236        17.5302
           2267      DRIFT_705        2264.56        11.1336       0.633824        44.1589       -2.14154      -0.274232        1.83483      0.0475974      -0.842402       0.907649     -0.0383959     -0.0133648    -0.00201571        16.4334        17.5329
           2268      DRIFT_705        2265.28        10.2938       0.544058         47.277       -2.23174      -0.240296        1.40554      0.0475974      -0.876339       0.880273     -0.0383959      -0.014802    -0.00201571         16.444        17.5354
           2269             QD        2266.39        10.2762      -0.527609         47.265        2.24218      -0.143486       0.681831     -0.0473459      -0.776375       0.883381      0.0440433     -0.0162326    -0.00053951        16.4615        17.5391
           2270      DRIFT_707        2266.52        10.4166      -0.543912        46.6795        2.22547       -0.14969       0.599704     -0.0473459       -0.77017       0.889152      0.0440433     -0.0163033    -0.00053951        16.4635        17.5395
           2271           SDPO        2267.27        11.3024      -0.637214         43.413        2.12983        -0.1852       0.160976     -0.0473459      -0.734661       0.922185      0.0440433      -0.016708    -0.00053951        16.4745        17.5422
           2272      DRIFT_708         2267.9        12.1532      -0.715456        40.7844        2.04962      -0.214978       -0.16588     -0.0473459      -0.704883       0.949886      0.0440433     -0.0170473    -0.00053951         16.483        17.5445
           2273      DRIFT_708        2268.53        13.1024      -0.793699        38.2566        1.96941      -0.244756      -0.455277     -0.0473459      -0.675104       0.977587      0.0440433     -0.0173866    -0.00053951         16.491        17.5471
           2274    YO1_DH18_E1        2268.53        13.1024      -0.793699        38.2566        1.96941      -0.244756      -0.455277     -0.0473459      -0.675104       0.977587      0.0440433     -0.0173866    -0.00053951         16.491        17.5471
           2275              D        2277.97        39.1731       -1.96775        12.4128         0.7668      -0.692243      -0.295083     -0.0474081      -0.227767        1.57667      0.0828707     -0.0224665   -0.000536541        16.5594        17.6184
           2276    YO1_DH18_E2        2277.97        39.1731       -1.96775        12.4128         0.7668      -0.692243      -0.295083     -0.0474081      -0.227767        1.57667      0.0828707     -0.0224665   -0.000536541        16.5594        17.6184
           2277      DRIFT_710        2278.76        42.3881       -2.06685         11.272       0.664858       -0.73002       0.105139     -0.0474081      -0.189989         1.6427      0.0828707     -0.0228941   -0.000536541        16.5625        17.6291
           2278      DRIFT_710        2279.56        45.7611       -2.16596        10.2937       0.562916      -0.767798       0.565567     -0.0474081      -0.152212        1.70874      0.0828707     -0.0233216   -0.000536541        16.5654        17.6409
           2279          QGTJO        2279.56        45.7611       -2.17511        10.2937       0.564975      -0.767684       0.565567      -0.047592      -0.152099        1.70874      0.0832125     -0.0233216   -0.000531877        16.5654        17.6409
           2280      DRIFT_711         2280.1        48.1702        -2.2434        9.71565       0.495097      -0.793634       0.915364      -0.047592       -0.12615        1.75411      0.0832125     -0.0236116   -0.000531877        16.5672        17.6496
           2281             QF        2281.21        48.2148         2.2046        9.72965      -0.508138      -0.915281        1.67831      0.0468909      -0.242962        1.75613     -0.0796038     -0.0254277     -0.0027681        16.5708        17.6681
           2282      DRIFT_712        2281.35        47.6391        2.18867        9.86506      -0.525085      -0.909136        1.76561      0.0468909      -0.249107         1.7457     -0.0796038     -0.0257905     -0.0027681        16.5713        17.6702
           2283           SFPO         2282.1        44.4245        2.09751        10.7254      -0.622072      -0.873968        2.23426      0.0468909      -0.284275          1.686     -0.0796038     -0.0278665     -0.0027681        16.5739        17.6818
           2284      DRIFT_713        2282.72        41.8341        2.02106        11.5591      -0.703406      -0.844476         2.5866      0.0468909      -0.313767        1.63593     -0.0796038     -0.0296075     -0.0027681        16.5762        17.6908
           2285      DRIFT_713        2283.35        39.3399        1.94462        12.4951       -0.78474      -0.814984        2.90184      0.0468909      -0.343259        1.58586     -0.0796038     -0.0313485     -0.0027681        16.5787        17.6992
           2286    YO1_DH17_E1        2283.35        39.3399        1.94462        12.4951       -0.78474      -0.814984        2.90184      0.0468909      -0.343259        1.58586     -0.0796038     -0.0313485     -0.0027681        16.5787        17.6992
           2287              D        2292.79        13.4576        0.79705         38.795       -1.99958      -0.372095        3.17579      0.0467876      -0.785466        1.01802     -0.0406945     -0.0574488    -0.00276049        16.6459        17.7697
           2288    YO1_DH17_E2        2292.79        13.4576        0.79705         38.795       -1.99958      -0.372095        3.17579      0.0467876      -0.785466        1.01802     -0.0406945     -0.0574488    -0.00276049        16.6459        17.7697
           2289      DRIFT_715        2293.51        12.3828       0.710412        41.7119       -2.09144      -0.338736        2.85728      0.0467876      -0.818825       0.989005     -0.0406945      -0.059417    -0.00276049        16.6547        17.7725
           2290      DRIFT_715        2294.22        11.4316       0.623775        44.7597        -2.1833      -0.305377        2.49119      0.0467876      -0.852184        0.95999     -0.0406945     -0.0613852    -0.00276049        16.6643        17.7751
           2291      DRIFT_715        2294.93        10.6039       0.537137        47.9385       -2.27516      -0.272018        2.07754      0.0467876      -0.885543       0.930976     -0.0406945     -0.0633534    -0.00276049        16.6746        17.7776
           2292             QD        2296.04        10.6316      -0.563014         47.948        2.26694      -0.111324        1.38021     -0.0460277      -0.719996       0.934205      0.0465637     -0.0630746     0.00325834        16.6916        17.7812
           2293      DRIFT_717        2296.17        10.7813      -0.579247         47.356        2.25016      -0.117356        1.30123     -0.0460277      -0.713964       0.940307      0.0465637     -0.0626476     0.00325834        16.6935        17.7816
           2294           SDMO        2296.92        11.7199      -0.672153        44.0528        2.15413      -0.151877       0.879668     -0.0460277      -0.679443        0.97523      0.0465637     -0.0602039     0.00325834        16.7041        17.7842
           2295      DRIFT_718        2297.55        12.6144      -0.750064        41.3937         2.0736      -0.180826       0.566061     -0.0460277      -0.650494        1.00452      0.0465637     -0.0581545     0.00325834        16.7124        17.7866
           2296      DRIFT_718        2298.18        13.6069      -0.827975         38.836        1.99308      -0.209775        0.28887     -0.0460277      -0.621545         1.0338      0.0465637     -0.0561052     0.00325834          16.72        17.7891
           2297    YO1_DH16_E1        2298.18        13.6069      -0.827975         38.836        1.99308      -0.209775        0.28887     -0.0460277      -0.621545         1.0338      0.0465637     -0.0561052     0.00325834          16.72        17.7891
           2298              D        2307.62        40.2733       -1.99641        12.5935       0.785506      -0.644595       0.505753     -0.0460692      -0.186754        1.65664      0.0853816     -0.0253157     0.00326372        16.7861        17.8593
           2299    YO1_DH16_E2        2307.62        40.2733       -1.99641        12.5935       0.785506      -0.644595       0.505753     -0.0460692      -0.186754        1.65664      0.0853816     -0.0253157     0.00326372        16.7861        17.8593
           2300      DRIFT_720        2308.42        43.5336       -2.09506        11.4231       0.683189      -0.681306       0.899837     -0.0460692      -0.150044        1.72468      0.0853816      -0.022715     0.00326372        16.7891        17.8698
           2301      DRIFT_720        2309.22        46.9511        -2.1937        10.4158       0.580872      -0.718016        1.35243     -0.0460692      -0.113334        1.79272      0.0853816     -0.0201143     0.00326372        16.7919        17.8815
           2302          QGTJO        2309.22        46.9511       -2.20309        10.4158       0.582955      -0.717746        1.35243     -0.0462354      -0.113063        1.79272      0.0857402     -0.0201143     0.00326774        16.7919        17.8815
           2303      DRIFT_721        2309.76        49.3906       -2.27107        9.81838       0.512817      -0.742955        1.69588     -0.0462354     -0.0878533        1.83946      0.0857402     -0.0183326     0.00326774        16.7937        17.8901
           2304             QF        2310.87        49.3734        2.28603        9.80138      -0.496988      -0.936311        2.44543      0.0465854      -0.275124        1.83996     -0.0848566     -0.0155868     0.00172159        16.7972        17.9084
           2305      DRIFT_722           2311        48.7764         2.2695        9.93382      -0.513661      -0.930206        2.53128      0.0465854      -0.281229        1.82884     -0.0848566     -0.0153612     0.00172159        16.7977        17.9105
           2306           SFMO        2311.75        45.4431        2.17493        10.7759      -0.609081      -0.895267        2.99181      0.0465854      -0.316168         1.7652     -0.0848566       -0.01407     0.00172159        16.8002        17.9221
           2307      DRIFT_723        2312.38        42.7571        2.09562        11.5924        -0.6891      -0.865967        3.33761      0.0465854      -0.345468        1.71183     -0.0848566     -0.0129872     0.00172159        16.8025         17.931
           2308      DRIFT_723        2313.01        40.1709        2.01631        12.5095       -0.76912      -0.836667        3.64655      0.0465854      -0.374768        1.65846     -0.0848566     -0.0119044     0.00172159        16.8049        17.9394
           2309    YO1_DH15_E1        2313.01        40.1709        2.01631        12.5095       -0.76912      -0.836667        3.64655      0.0465854      -0.374768        1.65846     -0.0848566     -0.0119044     0.00172159        16.8049        17.9394
           2310              D        2322.45        13.3673       0.824303         38.292       -1.95912      -0.396758        3.85998      0.0462951      -0.812533        1.04195     -0.0457673     0.00435845     0.00172281        16.8717        18.0103
           2311    YO1_DH15_E2        2322.45        13.3673       0.824303         38.292       -1.95912      -0.396758        3.85998      0.0462951      -0.812533        1.04195     -0.0457673     0.00435845     0.00172281        16.8717        18.0103
           2312      DRIFT_725        2323.16        12.2557       0.734723        41.1499       -2.04921       -0.36375        3.54001      0.0462951      -0.845541        1.00931     -0.0457673     0.00558678     0.00172281        16.8805        18.0132
           2313      DRIFT_725        2323.88        11.2719       0.645143        44.1362       -2.13929      -0.330743        3.17297      0.0462951      -0.878549       0.976683     -0.0457673     0.00681512     0.00172281        16.8902        18.0158
           2314      DRIFT_725        2324.59        10.4158       0.555563         47.251       -2.22938      -0.297735        2.75885      0.0462951      -0.911556       0.944052     -0.0457673     0.00804345     0.00172281        16.9007        18.0183
           2315             QD         2325.7        10.3841      -0.526042        47.2345        2.24371     -0.0738006        2.06254     -0.0453024      -0.680789       0.942221      0.0424396     0.00950509    0.000887745         16.918         18.022
           2316      DRIFT_727        2325.83        10.5241      -0.542154        46.6486        2.22696     -0.0797375        1.98377     -0.0453024      -0.674852       0.947782      0.0424396     0.00962143    0.000887745          16.92        18.0224
           2317           SDPO        2326.58        11.4065      -0.634366          43.38        2.13115      -0.113714        1.56292     -0.0453024      -0.640875       0.979612      0.0424396      0.0102872    0.000887745        16.9309        18.0251
           2318      DRIFT_728        2327.21        12.2531      -0.711695        40.7498         2.0508      -0.142207        1.24928     -0.0453024      -0.612382         1.0063      0.0424396      0.0108456    0.000887745        16.9394        18.0275
           2319      DRIFT_728        2327.84         13.197      -0.789024        38.2206        1.97045        -0.1707       0.971483     -0.0453024      -0.583889          1.033      0.0424396      0.0114039    0.000887745        16.9472          18.03
           2320    YO1_DH14_E1        2327.84         13.197      -0.789024        38.2206        1.97045        -0.1707       0.971483     -0.0453024      -0.583889          1.033      0.0424396      0.0114039    0.000887745        16.9472          18.03
           2321              D        2337.28        39.0599       -1.95075        12.3711       0.766026       -0.59875        1.11098      -0.045383      -0.155759        1.61739      0.0813668      0.0197722    0.000884806        17.0155        18.1014
           2322    YO1_DH14_E2        2337.28        39.0599       -1.95075        12.3711       0.766026       -0.59875        1.11098      -0.045383      -0.155759        1.61739      0.0813668      0.0197722    0.000884806        17.0155        18.1014
           2323      DRIFT_730        2338.08         42.247       -2.04878        11.2317       0.663817      -0.634914         1.4928      -0.045383      -0.119596        1.68223      0.0813668      0.0204773    0.000884806        17.0186        18.1122
           2324      DRIFT_730        2338.87        45.5902       -2.14681        10.2553       0.561608      -0.671077        1.93225      -0.045383     -0.0834321        1.74707      0.0813668      0.0211823    0.000884806        17.0215         18.124
           2325          QGTJO        2338.87        45.5902       -2.15593        10.2553       0.563659      -0.670691        1.93225     -0.0455338     -0.0830457        1.74707      0.0817162      0.0211823     0.00088057        17.0215         18.124
           2326      DRIFT_731        2339.42        47.9781       -2.22348        9.67879       0.493599      -0.695518         2.2662     -0.0455338     -0.0582183        1.79162      0.0817162      0.0216625     0.00088057        17.0234        18.1328
           2327             QF        2340.53        48.0002        2.20425         9.6926      -0.506458      -0.941828        2.99705      0.0449777      -0.295682        1.79014     -0.0843685      0.0237715     0.00295179         17.027        18.1514
           2328      DRIFT_732        2340.66        47.4246        2.18825        9.82757      -0.523447      -0.935933        3.08096      0.0449777      -0.301576        1.77908     -0.0843685      0.0241583     0.00295179        17.0274        18.1535
           2329           SFPO        2341.41        44.2108        2.09671        10.6857      -0.620673        -0.9022        3.53143      0.0449777      -0.335309         1.7158     -0.0843685      0.0263722     0.00295179          17.03        18.1651
           2330      DRIFT_733        2342.04        41.6217        2.01995        11.5177      -0.702207      -0.873911        3.87018      0.0449777      -0.363598        1.66274     -0.0843685      0.0282287     0.00295179        17.0324        18.1742
           2331      DRIFT_733        2342.67         39.129        1.94318        12.4523      -0.783742      -0.845622        4.17335      0.0449777      -0.391887        1.60968     -0.0843685      0.0300852     0.00295179        17.0348        18.1825
           2332    YO1_DH13_E1        2342.67         39.129        1.94318        12.4523      -0.783742      -0.845622        4.17335      0.0449777      -0.391887        1.60968     -0.0843685      0.0300852     0.00295179        17.0348        18.1825
           2333              D        2352.11         13.344       0.789408        38.7271       -1.99668       -0.42074        4.45247      0.0446929      -0.814456       0.997536     -0.0453288      0.0578941     0.00293805        17.1027        18.2532
           2334    YO1_DH13_E2        2352.11         13.344       0.789408        38.7271       -1.99668       -0.42074        4.45247      0.0446929      -0.814456       0.997536     -0.0453288      0.0578941     0.00293805        17.1027        18.2532
           2335      DRIFT_735        2352.82        12.2802        0.70268        41.6398       -2.08849      -0.388875        4.14904      0.0446929      -0.846321       0.965217     -0.0453288      0.0599889     0.00293805        17.1115        18.2561
           2336      DRIFT_735        2353.53          11.34       0.615953        44.6834        -2.1803       -0.35701        3.80016      0.0446929      -0.878187       0.932898     -0.0453288      0.0620836     0.00293805        17.1211        18.2587
           2337      DRIFT_735        2354.25        10.5235       0.529225        47.8579       -2.27211      -0.325144        3.40585      0.0446929      -0.910052       0.900579     -0.0453288      0.0641784     0.00293805        17.1315        18.2611
           2338             QD        2355.36        10.5614      -0.564565        47.8696        2.26193     -0.0394881        2.74343     -0.0435122      -0.615579       0.896963       0.038757      0.0640508    -0.00316593        17.1486        18.2648
           2339      DRIFT_737        2355.49        10.7115      -0.580929        47.2789        2.24519     -0.0451904        2.66868     -0.0435122      -0.609877       0.902042       0.038757      0.0636359    -0.00316593        17.1506        18.2652
           2340           SDMO        2356.24        11.6532      -0.674576         43.983        2.14936     -0.0778245        2.26964     -0.0435122      -0.577243        0.93111       0.038757      0.0612615    -0.00316593        17.1613        18.2678
           2341      DRIFT_738        2356.87        12.5511       -0.75311        41.3299          2.069      -0.105192        1.97274     -0.0435122      -0.549876       0.955487       0.038757      0.0592703    -0.00316593        17.1696        18.2702
           2342      DRIFT_738         2357.5        13.5478      -0.831643        38.7778        1.98864      -0.132559        1.71027     -0.0435122      -0.522508       0.979863       0.038757       0.057279    -0.00316593        17.1772        18.2727
           2343    YO1_DH12_E1         2357.5        13.5478      -0.831643        38.7778        1.98864      -0.132559        1.71027     -0.0435122      -0.522508       0.979863       0.038757       0.057279    -0.00316593        17.1772        18.2727
           2344              D        2366.94        40.3496       -2.00633        12.6095       0.782821      -0.543232        1.90592     -0.0434897      -0.111909        1.52869      0.0775019      0.0273798    -0.00316798        17.2434        18.3429
           2345    YO1_DH12_E2        2366.94        40.3496       -2.00633        12.6095       0.782821      -0.543232        1.90592     -0.0434897      -0.111909        1.52869      0.0775019      0.0273798    -0.00316798        17.2434        18.3429
           2346      DRIFT_740        2367.73        43.6262       -2.10558        11.4431         0.6809      -0.577887        2.27724     -0.0434897     -0.0772545        1.59045      0.0775019      0.0248554    -0.00316798        17.2464        18.3534
           2347      DRIFT_740        2368.53         47.061       -2.20482        10.4392       0.578979      -0.612542        2.70378     -0.0434897     -0.0425996        1.65221      0.0775019       0.022331    -0.00316798        17.2492         18.365
           2348          QGTJO        2368.53         47.061       -2.21424        10.4392       0.581066      -0.612001        2.70378     -0.0436206     -0.0420589        1.65221      0.0778323       0.022331    -0.00317244        17.2492         18.365
           2349      DRIFT_741        2369.08        49.5129       -2.28263         9.8436         0.5112      -0.635785        3.02751     -0.0436206     -0.0182748        1.69464      0.0778323      0.0206012    -0.00317244         17.251        18.3736
           2350             QF        2370.19        49.5069        2.28785        9.83279      -0.501129      -0.951731        3.73649      0.0441247      -0.324201        1.69381     -0.0793235      0.0180801    -0.00140868        17.2545        18.3919
           2351      DRIFT_742        2370.32        48.9094        2.27135        9.96632      -0.517804      -0.945949        3.81797      0.0441247      -0.329983        1.68341     -0.0793235      0.0178955    -0.00140868        17.2549         18.394
           2352           SFMO        2371.07        45.5732         2.1769        10.8146      -0.613234      -0.912855        4.25512      0.0441247      -0.363077        1.62392     -0.0793235       0.016839    -0.00140868        17.2575        18.4055
           2353      DRIFT_743         2371.7        42.8847         2.0977        11.6363      -0.693263      -0.885103        4.58345      0.0441247      -0.390829        1.57403     -0.0793235       0.015953    -0.00140868        17.2597        18.4145
           2354      DRIFT_743        2372.33        40.2958         2.0185        12.5587      -0.773291       -0.85735        4.87687      0.0441247      -0.418582        1.52414     -0.0793235       0.015067    -0.00140868        17.2621        18.4227
           2355    YO1_DH11_E1        2372.33        40.2958         2.0185        12.5587      -0.773291       -0.85735        4.87687      0.0441247      -0.418582        1.52414     -0.0793235       0.015067    -0.00140868        17.2621        18.4227
           2356              D        2381.77        13.4084       0.829604         38.459       -1.96876      -0.440305        5.08496      0.0440166      -0.834655       0.958821     -0.0404398     0.00175977    -0.00141008        17.3287        18.4934
           2357    YO1_DH11_E2        2381.77        13.4084       0.829604         38.459       -1.96876      -0.440305        5.08496      0.0440166      -0.834655       0.958821     -0.0404398     0.00175977    -0.00141008        17.3287        18.4934
           2358      DRIFT_745        2382.56        12.1662       0.729273        41.6771       -2.06979      -0.405231        4.74277      0.0440166       -0.86973       0.926596     -0.0404398    0.000636149    -0.00141008        17.3386        18.4966
           2359      DRIFT_745        2383.36        11.0839       0.628942        45.0563       -2.17082      -0.370156        4.34469      0.0440166      -0.904805       0.894372     -0.0404398   -0.000487475    -0.00141008        17.3496        18.4995
           2360          SQSK2        2383.36        11.0943       0.631111        45.0986       -2.17442       -0.37033        4.34673      0.0438833       -0.90523       0.894372     -0.0404397   -0.000487475    -0.00158895        17.3496        18.4995
           2361      DRIFT_746         2383.9        10.4436       0.562389        47.5076       -2.24368      -0.346402        4.04203      0.0438833      -0.929157       0.872322     -0.0404397    -0.00135385    -0.00158895        17.3576        18.5014
           2362             QD        2385.01        10.3983      -0.520203        47.4995         2.2507    -0.00181741        3.38335     -0.0423963      -0.574021       0.872684      0.0410965    -0.00301678    -0.00138114        17.3749         18.505
           2363      DRIFT_747        2385.15        10.5367      -0.536217        46.9118        2.23397    -0.00737345        3.30909     -0.0423963      -0.568465       0.878069      0.0410965    -0.00319778    -0.00138114        17.3769        18.5055
           2364           SDPO         2385.9        11.4098      -0.627862        43.6327        2.13819     -0.0391707        2.91212     -0.0423963      -0.536668       0.908892      0.0410965    -0.00423363    -0.00138114        17.3878        18.5081
           2365      DRIFT_748        2386.52        12.2479      -0.704717        40.9935        2.05788      -0.065836        2.61599     -0.0423963      -0.510003       0.934739      0.0410965     -0.0051023    -0.00138114        17.3963        18.5105
           2366      DRIFT_748        2387.15        13.1827      -0.781571        38.4554        1.97756     -0.0925012         2.3534     -0.0423963      -0.483337       0.960587      0.0410965    -0.00597098    -0.00138114        17.4041         18.513
           2367    YO1_DH10_E1        2387.15        13.1827      -0.781571        38.4554        1.97756     -0.0925012         2.3534     -0.0423963      -0.483337       0.960587      0.0410965    -0.00597098    -0.00138114        17.4041         18.513
           2368              D        2396.59        38.8191       -1.93357        12.4791       0.772989      -0.492689        2.44198     -0.0424156     -0.0830273        1.53186      0.0799239     -0.0190043    -0.00137971        17.4727        18.5839
           2369    YO1_DH10_E2        2396.59        38.8191       -1.93357        12.4791       0.772989      -0.492689        2.44198     -0.0424156     -0.0830273        1.53186      0.0799239     -0.0190043    -0.00137971        17.4727        18.5839
           2370      DRIFT_750        2397.39        41.9781       -2.03084        11.3284        0.67098      -0.526488        2.79536     -0.0424156     -0.0492283        1.59555      0.0799239     -0.0201037    -0.00137971        17.4758        18.5946
           2371      DRIFT_750        2398.19        45.2922       -2.12811        10.3404       0.568971      -0.560287        3.20259     -0.0424156     -0.0154294        1.65924      0.0799239     -0.0212031    -0.00137971        17.4787        18.6063
           2372          SQSK2        2398.19        45.3236       -2.12796        10.3475       0.567717      -0.560481         3.2037     -0.0425839     -0.0154347        1.65924      0.0799281     -0.0212031    -0.00171155        17.4787        18.6063
           2373      DRIFT_751        2398.73        47.6804       -2.19447        9.76644        0.49804        -0.5837        3.51355     -0.0425839     0.00778416        1.70282      0.0799281     -0.0221363    -0.00171155        17.4806        18.6149
           2374             QF        2399.84        47.6658        2.20716        9.77881       -0.50956      -0.944532        4.19446      0.0420664      -0.340404        1.70381     -0.0781558     -0.0252088    -0.00387151        17.4842        18.6333
           2375      DRIFT_752        2399.97        47.0894        2.19101        9.91458      -0.526441      -0.939019        4.27291      0.0420664      -0.345917        1.69357     -0.0781558     -0.0257162    -0.00387151        17.4847        18.6355
           2376           SFPO        2400.72        43.8722        2.09863        10.7767      -0.623052      -0.907469        4.69407      0.0420664      -0.377467        1.63495     -0.0781558     -0.0286198    -0.00387151        17.4873         18.647
           2377      DRIFT_753        2401.35        41.2997        2.02172        11.6049      -0.703475      -0.881206        5.00857      0.0420664      -0.403731        1.58616     -0.0781558     -0.0310369    -0.00387151        17.4896        18.6559
           2378      DRIFT_753        2401.97        38.8233        1.94482        12.5335      -0.783899      -0.854942        5.29028      0.0420664      -0.429994        1.53736     -0.0781558      -0.033454    -0.00387151        17.4921        18.6642
           2379     YO1_DH9_E1        2401.97        38.8233        1.94482        12.5335      -0.783899      -0.854942        5.29028      0.0420664      -0.429994        1.53736     -0.0781558      -0.033454    -0.00387151        17.4921        18.6642
           2380             DS        2404.92        28.4179        1.58292        18.2782       -1.16383      -0.730809        6.17715      0.0421066      -0.554421        1.32477     -0.0659982     -0.0448728    -0.00387151        17.5063        18.6954
           2381     YO1_DH9_E2        2404.92        28.4179        1.58292        18.2782       -1.16383      -0.730809        6.17715      0.0421066      -0.554421        1.32477     -0.0659982     -0.0448728    -0.00387151        17.5063        18.6954
           2382      DRIFT_755        2405.88        25.4965        1.46467        20.6278       -1.28731      -0.690446        6.30754      0.0421066      -0.594784        1.26151     -0.0659982      -0.048584    -0.00387151        17.5119        18.7032
           2383      DRIFT_755        2406.84        22.8018        1.34642        23.2142       -1.41079      -0.650083        6.36055      0.0421066      -0.635147        1.19824     -0.0659982     -0.0522952    -0.00387151        17.5183        18.7102
           2384      DRIFT_755         2407.8        20.3338        1.22817        26.0374       -1.53427       -0.60972        6.33618      0.0421066       -0.67551        1.13498     -0.0659982     -0.0560064    -0.00387151        17.5253        18.7164
           2385      DRIFT_755        2408.76        18.0926        1.10991        29.0972       -1.65775      -0.569356        6.23442      0.0421066      -0.715874        1.07171     -0.0659982     -0.0597176    -0.00387151        17.5333         18.722
           2386      DRIFT_755        2409.72         16.078       0.991659        32.3938       -1.78123      -0.528993        6.05527      0.0421066      -0.756237        1.00844     -0.0659982     -0.0634289    -0.00387151        17.5422        18.7269
           2387      DRIFT_755        2410.67        14.2902       0.873407        35.9272       -1.90471       -0.48863        5.79875      0.0421066        -0.7966       0.945179     -0.0659982     -0.0671401    -0.00387151        17.5523        18.7314
           2388      DRIFT_755        2411.63         12.729       0.755154        39.6972        -2.0282      -0.448267        5.46483      0.0421066      -0.836963       0.881913     -0.0659982     -0.0708513    -0.00387151        17.5636        18.7354
           2389      DRIFT_755        2412.59        11.3946       0.636901         43.704       -2.15168      -0.407903        5.05354      0.0421066      -0.877327       0.818648     -0.0659982     -0.0745625    -0.00387151        17.5763        18.7391
           2390      DRIFT_755        2413.55        10.2869       0.518648        47.9476       -2.27516       -0.36754        4.56486      0.0421066       -0.91769       0.755382     -0.0659982     -0.0782737    -0.00387151        17.5904        18.7424
           2391           QDA2        2414.66        10.2892      -0.520769        48.1312        2.11533      0.0151583        3.94283     -0.0388158      -0.525588       0.719396    0.000613492      -0.078575     0.00333332        17.6079         18.746
           2392      DRIFT_757        2415.21        10.8938      -0.588133        45.8583        2.05331    -0.00600604        3.65953     -0.0388158      -0.504423       0.719731    0.000613492     -0.0767575     0.00333332        17.6161        18.7479
           2393          SQSK2        2415.21        10.9024      -0.586944        45.8946        2.05325    -0.00600842        3.66098     -0.0389846      -0.504623       0.719731    0.000628844     -0.0767575     0.00318938        17.6161        18.7479
           2394      DRIFT_758           2416        11.9162      -0.685213        42.6945        1.96269     -0.0370734        3.28841     -0.0389846      -0.473558       0.720232    0.000628844      -0.074216     0.00318938        17.6273        18.7508
           2395      DRIFT_758         2416.8        13.0865      -0.783482        39.6387        1.87213     -0.0681384        2.96535     -0.0389846      -0.442493       0.720733    0.000628844     -0.0716745     0.00318938        17.6374        18.7538
           2396     YO1_DH8_E1         2416.8        13.0865      -0.783482        39.6387        1.87213     -0.0681384        2.96535     -0.0389846      -0.442493       0.720733    0.000628844     -0.0716745     0.00318938        17.6374        18.7538
           2397              D        2426.24        38.8306       -1.94208        14.4194       0.799216      -0.436035        2.90319     -0.0389443     -0.0749742       0.909648      0.0393878     -0.0415647     0.00318938        17.7062        18.8185
           2398     YO1_DH8_E2        2426.24        38.8306       -1.94208        14.4194       0.799216      -0.436035        2.90319     -0.0389443     -0.0749742       0.909648      0.0393878     -0.0415647     0.00318938        17.7062        18.8185
           2399      DRIFT_759        2427.04        42.0037          -2.04        13.2179       0.708655      -0.467068        3.21563     -0.0389443     -0.0439413       0.941035      0.0393878     -0.0390233     0.00318938        17.7093        18.8276
           2400      DRIFT_759        2427.83        45.3329       -2.13792        12.1606       0.618093        -0.4981        3.57753     -0.0389443     -0.0129085       0.972421      0.0393878     -0.0364818     0.00318938        17.7122        18.8377
           2401          QGTTO        2427.83        45.3329       -2.12886        12.1606       0.615661      -0.498816        3.57753     -0.0388419      -0.013624       0.972421      0.0391933     -0.0364818     0.00318208        17.7122        18.8377
           2402      DRIFT_760        2428.38        47.6907       -2.19539         11.523       0.553829      -0.519994        3.85363     -0.0388419     0.00755455       0.993791      0.0391933     -0.0347468     0.00318208        17.7141         18.845
           2403           QFB2        2429.49        47.8665         2.0422        11.5245      -0.555252      -0.893977        4.46207      0.0381949      -0.353681       0.988204     -0.0491777     -0.0328762    0.000215918        17.7177        18.8606
           2404      DRIFT_761        2430.47        43.9728        1.93648          12.72      -0.666352      -0.856597        4.95425      0.0381949       -0.39106       0.940076     -0.0491777     -0.0326649    0.000215918        17.7211        18.8735
           2405      DRIFT_761        2431.45        40.2859        1.83077         14.133      -0.777453      -0.819217        5.37327      0.0381949       -0.42844       0.891948     -0.0491777     -0.0324535    0.000215918        17.7248        18.8851
           2406      DRIFT_761        2432.42         36.806        1.72505        15.7635      -0.888553      -0.781837        5.71912      0.0381949       -0.46582        0.84382     -0.0491777     -0.0322422    0.000215918        17.7289        18.8955
           2407      DRIFT_761         2433.4         33.533        1.61934        17.6114      -0.999654      -0.744458        5.99181      0.0381949      -0.503199       0.795692     -0.0491777     -0.0320309    0.000215918        17.7333        18.9049
           2408      DRIFT_761        2434.38        30.4669        1.51362        19.6767       -1.11075      -0.707078        6.19134      0.0381949      -0.540579       0.747564     -0.0491777     -0.0318196    0.000215918        17.7382        18.9133
           2409      DRIFT_761        2435.36        27.6077        1.40791        21.9596       -1.22185      -0.669698         6.3177      0.0381949      -0.577959       0.699436     -0.0491777     -0.0316083    0.000215918        17.7436        18.9208
           2410      DRIFT_761        2436.34        24.9555        1.30219        24.4598       -1.33296      -0.632319         6.3709      0.0381949      -0.615338       0.651308     -0.0491777      -0.031397    0.000215918        17.7495        18.9275
           2411      DRIFT_761        2437.32        22.5101        1.19648        27.1776       -1.44406      -0.594939        6.35094      0.0381949      -0.652718        0.60318     -0.0491777     -0.0311857    0.000215918        17.7561        18.9335
           2412      DRIFT_761         2438.3        20.2717        1.09076        30.1128       -1.55516      -0.557559        6.25781      0.0381949      -0.690098       0.555052     -0.0491777     -0.0309744    0.000215918        17.7634         18.939
           2413      DRIFT_761        2439.28        18.2402       0.985048        33.2654       -1.66626       -0.52018        6.09152      0.0381949      -0.727477       0.506924     -0.0491777     -0.0307631    0.000215918        17.7715        18.9439
           2414      DRIFT_761        2440.25        16.4156       0.879333        36.6355       -1.77736        -0.4828        5.85206      0.0381949      -0.764857       0.458796     -0.0491777     -0.0305518    0.000215918        17.7805        18.9484
           2415      DRIFT_761        2441.23        14.7979       0.773618        40.2231       -1.88846       -0.44542        5.53945      0.0381949      -0.802237       0.410668     -0.0491777     -0.0303404    0.000215918        17.7905        18.9524
           2416      DRIFT_761        2442.21        13.3872       0.667903        44.0281       -1.99956      -0.408041        5.15366      0.0381949      -0.839616        0.36254     -0.0491777     -0.0301291    0.000215918        17.8015        18.9561
           2417      DRIFT_761        2443.19        12.1834       0.562188        48.0506       -2.11066      -0.370661        4.69472      0.0381949      -0.876996       0.314412     -0.0491777     -0.0299178    0.000215918        17.8138        18.9595
           2418           Q7O2        2444.12        12.1362      -0.510171        48.2887        1.86117    -0.00653177        4.21605     -0.0337848       -0.50761       0.280213     -0.0248555     -0.0285819     0.00263948        17.8261        18.9625
           2419      DRIFT_764        2444.66        12.7235      -0.566806        46.2861        1.81076     -0.0249573        3.95282     -0.0337848      -0.489184       0.266658     -0.0248555     -0.0271424     0.00263948        17.8331        18.9644
           2420          SQSK2        2444.66        12.7344      -0.565458        46.3257        1.81051     -0.0249679        3.95451     -0.0339525      -0.489394       0.266658       -0.02485     -0.0271424     0.00258615        17.8331        18.9644
           2421      DRIFT_765        2445.46        13.6954      -0.647562         43.515        1.73735     -0.0518663        3.60788     -0.0339525      -0.462495       0.246971       -0.02485     -0.0250935     0.00258615        17.8426        18.9672
           2422      DRIFT_765        2446.25        14.7865      -0.729665        40.8202        1.66419     -0.0787646        3.30388     -0.0339525      -0.435597       0.227284       -0.02485     -0.0230447     0.00258615        17.8515        18.9702
           2423     YO1_DH6_E1        2446.25        14.7865      -0.729665        40.8202        1.66419     -0.0787646        3.30388     -0.0339525      -0.435597       0.227284       -0.02485     -0.0230447     0.00258615        17.8515        18.9702
           2424             DS         2449.2        19.9896       -1.03433        31.8067        1.39182      -0.178897        2.54655     -0.0339459      -0.335611       0.172013     -0.0126286      -0.015417     0.00258615        17.8789        18.9832
           2425     YO1_DH6_E2         2449.2        19.9896       -1.03433        31.8067        1.39182      -0.178897        2.54655     -0.0339459      -0.335611       0.172013     -0.0126286      -0.015417     0.00258615        17.8789        18.9832
           2426      DRIFT_766         2450.1        21.9308       -1.12732        29.3814         1.3089      -0.209381        2.43319     -0.0339459      -0.305127       0.160672     -0.0126286     -0.0130946     0.00258615        17.8858        18.9879
           2427      DRIFT_766        2450.99         24.039        -1.2203        27.1051        1.22597      -0.239864        2.37458     -0.0339459      -0.274643       0.149332     -0.0126286     -0.0107722     0.00258615         17.892         18.993
           2428      DRIFT_766        2451.89        26.3142       -1.31329        24.9776        1.14304      -0.270348        2.37073     -0.0339459      -0.244159       0.137991     -0.0126286    -0.00844983     0.00258615        17.8977        18.9985
           2429      DRIFT_766        2452.79        28.7564       -1.40628        22.9992        1.06012      -0.300832        2.42162     -0.0339459      -0.213675        0.12665     -0.0126286    -0.00612743     0.00258615        17.9029        19.0044
           2430      DRIFT_766        2453.69        31.3656       -1.49926        21.1696       0.977191      -0.331316        2.52726     -0.0339459      -0.183191        0.11531     -0.0126286    -0.00380503     0.00258615        17.9076        19.0109
           2431      DRIFT_766        2454.59        34.1418       -1.59225        19.4891       0.894264        -0.3618        2.68766     -0.0339459      -0.152707       0.103969     -0.0126286    -0.00148263     0.00258615         17.912        19.0179
           2432      DRIFT_766        2455.48         37.085       -1.68523        17.9574       0.811338      -0.392284         2.9028     -0.0339459      -0.122223      0.0926282     -0.0126286    0.000839769     0.00258615         17.916        19.0256
           2433      DRIFT_766        2456.38        40.1952       -1.77822        16.5747       0.728411      -0.422768        3.17269     -0.0339459     -0.0917393      0.0812876     -0.0126286     0.00316217     0.00258615        17.9197        19.0339
           2434      DRIFT_766        2457.28        43.4725       -1.87121        15.3409       0.645484      -0.453252        3.49734     -0.0339459     -0.0612554      0.0699469     -0.0126286     0.00548457     0.00258615        17.9231        19.0428
           2435          QGTTO        2457.28        43.4725       -1.86251        15.3409       0.642416      -0.453951        3.49734     -0.0338429     -0.0619549      0.0699469     -0.0126426     0.00548457     0.00258725        17.9231        19.0428
           2436      DRIFT_767        2457.83        45.5341       -1.91856        14.6677       0.592206      -0.472404        3.72113     -0.0338429      -0.043502      0.0630536     -0.0126426     0.00689527     0.00258725        17.9251        19.0486
           2437           Q6O2        2458.94        44.8058         2.5506        15.0378      -0.937693       -0.85908        4.21039      0.0548196      -0.439187      0.0458549     -0.0180627      0.0102007     0.00342269        17.9289        19.0607
           2438      DRIFT_768        2459.07        44.1401        2.52864        15.2857      -0.954071      -0.851896        4.26448      0.0548196      -0.446371      0.0434878     -0.0180627      0.0106492     0.00342269        17.9294        19.0621
           2439          Q6OT2        2459.82        40.2876        2.60176        16.8473       -1.13066       -0.83008        4.53657      0.0613275      -0.511639      0.0298688     -0.0182436      0.0132375     0.00348156        17.9322        19.0696
           2440      DRIFT_769        2460.63        36.1821        2.44488        18.7765       -1.24067       -0.78019        4.75504      0.0613275       -0.56153      0.0150274     -0.0182436      0.0160698     0.00348156        17.9356        19.0768
           2441      DRIFT_769        2461.44        32.3318          2.288        20.8846       -1.35069      -0.730299        4.89234      0.0613275       -0.61142    0.000185949     -0.0182436      0.0189021     0.00348156        17.9394        19.0834
           2442     YO1_DH5_E1        2461.44        32.3318          2.288        20.8846       -1.35069      -0.730299        4.89234      0.0613275       -0.61142    0.000185949     -0.0182436      0.0189021     0.00348156        17.9394        19.0834
           2443            D5O        2470.14        7.10505       0.610901        54.6148       -2.52704      -0.196489        1.28108       0.061396        -1.1458    -0.00259282      0.0176048      0.0491863     0.00348156        18.0367        19.1248
           2444     YO1_DH5_E2        2470.14        7.10505       0.610901        54.6148       -2.52704      -0.196489        1.28108       0.061396        -1.1458    -0.00259282      0.0176048      0.0491863     0.00348156        18.0367        19.1248
           2445      DRIFT_771        2470.98        6.21868       0.449322        58.9347        -2.6401      -0.145161       0.444519       0.061396       -1.19713      0.0121252      0.0176048       0.052097     0.00348156        18.0567        19.1272
           2446      DRIFT_771        2471.81        5.60247       0.287742        63.4436       -2.75316     -0.0938323      -0.477865       0.061396       -1.24846      0.0268432      0.0176048      0.0550077     0.00348156        18.0794        19.1294
           2447      DRIFT_771        2472.65        5.25644       0.126163        68.1415       -2.86623     -0.0425037       -1.48607       0.061396       -1.29979      0.0415613      0.0176048      0.0579183     0.00348156         18.104        19.1314
           2448           Q5O2        2473.76        5.79899      -0.632647        67.0215        3.83815      -0.270824       -2.89942     -0.0899858       -1.50427      0.0637561      0.0227499      0.0585722    -0.00231419        18.1368         19.134
           2449      DRIFT_773        2473.89        5.96895      -0.664291        66.0196        3.80739      -0.282616       -3.05951     -0.0899858       -1.49247      0.0667374      0.0227499      0.0582689    -0.00231419        18.1403        19.1343
           2450          Q5OT2        2474.64        7.13979      -0.899823        60.0823        4.09379      -0.382145       -3.91371       -0.10383       -1.44669      0.0840087      0.0233291      0.0563671    -0.00275503        18.1587        19.1362
           2451      DRIFT_774         2475.5        8.86674       -1.11687        53.2878        3.84067      -0.471057       -4.74918       -0.10383       -1.35778       0.103986      0.0233291      0.0540079    -0.00275503        18.1758        19.1386
           2452      DRIFT_774        2476.35        10.9654       -1.33392        46.9268        3.58756       -0.55997       -5.43237       -0.10383       -1.26887       0.123963      0.0233291      0.0516486    -0.00275503        18.1897        19.1413
           2453      DRIFT_774        2477.21        13.4358       -1.55097        40.9993        3.33445      -0.648883       -5.96328       -0.10383       -1.17995       0.143941      0.0233291      0.0492894    -0.00275503        18.2009        19.1444
           2454      DRIFT_774        2478.07         16.278       -1.76802        35.5052        3.08133      -0.737796       -6.34191       -0.10383       -1.09104       0.163918      0.0233291      0.0469302    -0.00275503        18.2101         19.148
           2455      DRIFT_774        2478.92        19.4919       -1.98507        30.4447        2.82822      -0.826708       -6.56827       -0.10383       -1.00213       0.183896      0.0233291       0.044571    -0.00275503        18.2178        19.1521
           2456      DRIFT_774        2479.78        23.0775       -2.20212        25.8177        2.57511      -0.915621       -6.64235       -0.10383      -0.913216       0.203873      0.0233291      0.0422118    -0.00275503        18.2242         19.157
           2457           Q4O2        2481.59        24.2182        1.63526        23.9518       -1.44674       0.124506       -6.52587      0.0190793       0.176503       0.214978     -0.0113724      0.0433062     0.00399243        18.2358        19.1692
           2458      DRIFT_777        2481.72        23.7953        1.61553        24.3304       -1.46354       0.126988       -6.51943      0.0190793       0.174021       0.213498     -0.0113724      0.0438256     0.00399243        18.2367          19.17
           2459          Q4OT2        2482.47        21.6057        1.31051        26.4267       -1.32535      0.0843864       -6.49534      0.0212394       0.101052       0.205671    -0.00951182      0.0466707     0.00359028         18.242        19.1747
           2460      DRIFT_778        2483.46        19.1357        1.18608        29.1513       -1.42855       0.105399       -6.49964      0.0212394      0.0800396       0.196261    -0.00951182      0.0502227     0.00359028        18.2497        19.1804
           2461      DRIFT_778        2484.45        16.9119        1.06165          32.08       -1.53175       0.126412       -6.54552      0.0212394      0.0590267        0.18685    -0.00951182      0.0537746     0.00359028        18.2585        19.1856
           2462      DRIFT_778        2485.44        14.9344       0.937214        35.2129       -1.63494       0.147425       -6.63297      0.0212394      0.0380138        0.17744    -0.00951182      0.0573266     0.00359028        18.2684        19.1902
           2463      DRIFT_778        2486.43         13.203        0.81278          38.55       -1.73814       0.168438       -6.76201      0.0212394      0.0170009        0.16803    -0.00951182      0.0608786     0.00359028        18.2796        19.1945
           2464      DRIFT_778        2487.42        11.7179       0.688347        42.0913       -1.84134       0.189451       -6.93262      0.0212394    -0.00401204       0.158619    -0.00951182      0.0644306     0.00359028        18.2923        19.1984
           2465      DRIFT_778        2488.41         10.479       0.563913        45.8368       -1.94453       0.210464       -7.14481      0.0212394     -0.0250249       0.149209    -0.00951182      0.0679826     0.00359028        18.3065         19.202
           2466      DRIFT_778         2489.4        9.48633       0.439479        49.7865       -2.04773       0.231477       -7.39857      0.0212394     -0.0460379       0.139798    -0.00951182      0.0715346     0.00359028        18.3223        19.2053
           2467      DRIFT_778        2490.39        8.73985       0.315046        53.9404       -2.15093        0.25249       -7.69392      0.0212394     -0.0670508       0.130388    -0.00951182      0.0750866     0.00359028        18.3397        19.2083
           2468      DRIFT_778        2491.38        8.23959       0.190612        58.2985       -2.25413       0.273503       -8.03084      0.0212394     -0.0880637       0.120978    -0.00951182      0.0786386     0.00359028        18.3583        19.2112
           2469      DRIFT_778        2492.37        7.98554      0.0661786        62.8607       -2.35732       0.294515       -8.40934      0.0212394      -0.109077       0.111567    -0.00951182      0.0821906     0.00359028        18.3777        19.2138
           2470      DRIFT_778        2493.35         7.9777      -0.058255        67.6272       -2.46052       0.315528       -8.82941      0.0212394      -0.130089       0.102157    -0.00951182      0.0857426     0.00359028        18.3975        19.2162
           2471      DRIFT_778        2494.34        8.21607      -0.182689        72.5979       -2.56372       0.336541       -9.29107      0.0212394      -0.151102      0.0927465    -0.00951182      0.0892946     0.00359028         18.417        19.2184
           2472      DRIFT_778        2495.33        8.70066      -0.307122        77.7727       -2.66691       0.357554        -9.7943      0.0212394      -0.172115      0.0833361    -0.00951182      0.0928466     0.00359028        18.4357        19.2205
           2473      DRIFT_778        2496.32        9.43146      -0.431556        83.1518       -2.77011       0.378567       -10.3391      0.0212394      -0.193128      0.0739257    -0.00951182      0.0963986     0.00359028        18.4531        19.2225
           2474      DRIFT_778        2497.31        10.4085      -0.555989         88.735       -2.87331        0.39958       -10.9255      0.0212394      -0.214141      0.0645154    -0.00951182      0.0999506     0.00359028         18.469        19.2243
           2475      DRIFT_778         2498.3        11.6317      -0.680423        94.5224        -2.9765       0.420593       -11.5535      0.0212394      -0.235154       0.055105    -0.00951182       0.103503     0.00359028        18.4833         19.226
           2476      DRIFT_778        2499.29        13.1011      -0.804857        100.514        -3.0797       0.441606        -12.223      0.0212394      -0.256167      0.0456946    -0.00951182       0.107055     0.00359028        18.4961        19.2276
           2477      DRIFT_778        2500.28        14.8168       -0.92929         106.71        -3.1829       0.462619       -12.9341      0.0212394       -0.27718      0.0362842    -0.00951182       0.110607     0.00359028        18.5074        19.2292
           2478      DRIFT_778        2501.27        16.7787       -1.05372         113.11        -3.2861       0.483632       -13.6868      0.0212394      -0.298193      0.0268738    -0.00951182       0.114159     0.00359028        18.5174        19.2306
           2479      DRIFT_778        2502.26        18.9867       -1.17816        119.714       -3.38929       0.504644       -14.4811      0.0212394      -0.319206      0.0174634    -0.00951182       0.117711     0.00359028        18.5262        19.2319
           2480      DRIFT_778        2503.25         21.441       -1.30259        126.522       -3.49249       0.525657        -15.317      0.0212394      -0.340219     0.00805306    -0.00951182       0.121263     0.00359028         18.534        19.2332
           2481      DRIFT_778        2504.24        24.1415       -1.42702        133.535       -3.59569        0.54667       -16.1944      0.0212394      -0.361231    -0.00135732    -0.00951182       0.124815     0.00359028         18.541        19.2344
           2482      DRIFT_778        2505.23        27.0883       -1.55146        140.752       -3.69888       0.567683       -17.1134      0.0212394      -0.382244     -0.0107677    -0.00951182       0.128367     0.00359028        18.5471        19.2356
           2483      DRIFT_778        2506.22        30.2812       -1.67589        148.173       -3.80208       0.588696        -18.074      0.0212394      -0.403257     -0.0201781    -0.00951182       0.131919     0.00359028        18.5526        19.2367
           2484      DRIFT_778        2507.21        33.7203       -1.80033        155.798       -3.90528       0.609709       -19.0761      0.0212394       -0.42427     -0.0295885    -0.00951182       0.135471     0.00359028        18.5575        19.2377
           2485      DRIFT_778        2508.19        37.4057       -1.92476        163.627       -4.00848       0.630722       -20.1199      0.0212394      -0.445283     -0.0389989    -0.00951182       0.139023     0.00359028         18.562        19.2387
           2486      DRIFT_778        2509.18        41.3373       -2.04919        171.661       -4.11167       0.651735       -21.2052      0.0212394      -0.466296     -0.0484092    -0.00951182       0.142575     0.00359028         18.566        19.2396
           2487      DRIFT_778        2510.17        45.5151       -2.17363        179.899       -4.21487       0.672748       -22.3321      0.0212394      -0.487309     -0.0578196    -0.00951182       0.146127     0.00359028        18.5696        19.2405
           2488      DRIFT_778        2511.16        49.9391       -2.29806        188.341       -4.31807       0.693761       -23.5006      0.0212394      -0.508322       -0.06723    -0.00951182       0.149679     0.00359028        18.5729        19.2414
           2489      DRIFT_778        2512.15        54.6093       -2.42249        196.987       -4.42126       0.714774       -24.7106      0.0212394      -0.529335     -0.0766404    -0.00951182       0.153231     0.00359028        18.5759        19.2422
           2490      DRIFT_778        2513.14        59.5257       -2.54693        205.837       -4.52446       0.735786       -25.9623      0.0212394      -0.550348     -0.0860508    -0.00951182       0.156783     0.00359028        18.5787         19.243
           2491      DRIFT_778        2514.13        64.6883       -2.67136        214.892       -4.62766       0.756799       -27.2555      0.0212394       -0.57136     -0.0954611    -0.00951182       0.160335     0.00359028        18.5812        19.2437
           2492      DRIFT_778        2515.12        70.0972       -2.79579         224.15       -4.73085       0.777812       -28.5902      0.0212394      -0.592373      -0.104872    -0.00951182       0.163887     0.00359028        18.5836        19.2445
           2493      DRIFT_778        2516.11        75.7523       -2.92023        233.613       -4.83405       0.798825       -29.9666      0.0212394      -0.613386      -0.114282    -0.00951182       0.167439     0.00359028        18.5857        19.2451
           2494      DRIFT_778         2517.1        81.6535       -3.04466         243.28       -4.93725       0.819838       -31.3846      0.0212394      -0.634399      -0.123692    -0.00951182       0.170991     0.00359028        18.5877        19.2458
           2495      DRIFT_778        2518.09         87.801       -3.16909        253.152       -5.04045       0.840851       -32.8441      0.0212394      -0.655412      -0.133103    -0.00951182       0.174543     0.00359028        18.5896        19.2464
           2496      DRIFT_778        2519.08        94.1947       -3.29353        263.227       -5.14364       0.861864       -34.3452      0.0212394      -0.676425      -0.142513    -0.00951182       0.178095     0.00359028        18.5913         19.247
           2497      DRIFT_778        2520.07        100.835       -3.41796        273.507       -5.24684       0.882877       -35.8878      0.0212394      -0.697438      -0.151923    -0.00951182       0.181647     0.00359028        18.5929        19.2476
           2498           Q3O2        2522.17        144.656       -19.1009        231.575        23.5732       -3.71283       -38.9757      -0.448245       -4.74493      -0.191472     -0.0289012       0.167351     -0.0169265        18.5958        19.2489
           2499      DRIFT_796         2523.1        182.387       -21.4538        189.792        21.3366       -4.12987       -39.5479      -0.448245        -4.3279      -0.218361     -0.0289012       0.151603     -0.0169265        18.5967        19.2496
           2500      DRIFT_796        2524.03        224.496       -23.8068        152.171           19.1        -4.5469       -39.3442      -0.448245       -3.91087       -0.24525     -0.0289012       0.135855     -0.0169265        18.5975        19.2505
           2501           Q2O2        2527.42        233.062        21.8453        114.012       -5.54282         2.1823       -35.5091      -0.213938         3.5482      -0.258661      0.0214194       0.118019     0.00585326        18.5996         19.255
           2502      DRIFT_798        2528.26        197.878        20.1252        123.501       -5.77607        2.00295       -34.2137      -0.213938        3.72755      -0.240705      0.0214194       0.122926     0.00585326        18.6002        19.2562
           2503      DRIFT_798         2529.1        165.577         18.405        133.381       -6.00933         1.8236       -32.6176      -0.213938         3.9069      -0.222749      0.0214194       0.127833     0.00585326        18.6009        19.2572
           2504           Q1O2        2530.54        133.108        5.02631        134.724        5.11368      -0.801208        -29.425      0.0438141        1.42628      -0.204614     0.00401554       0.128601    -0.00479789        18.6025        19.2589
           2505      DRIFT_800        2531.17         126.83        4.90154        128.338        4.98626      -0.773503        -28.034      0.0438141        1.39857      -0.202075     0.00401554       0.125567    -0.00479789        18.6033        19.2596
           2506      DRIFT_800         2531.8         120.71        4.77678        122.112        4.85883      -0.745799       -26.6781      0.0438141        1.37087      -0.199536     0.00401554       0.122533    -0.00479789        18.6041        19.2604
           2507     YO1_DH0_E1         2531.8         120.71        4.77678        122.112        4.85883      -0.745799       -26.6781      0.0438141        1.37087      -0.199536     0.00401554       0.122533    -0.00479789        18.6041        19.2604
           2508         D0PM01        2535.39        88.9417         4.0743        89.8318        4.13558      -0.588471       -19.6432       0.043857        1.21502      -0.157841      0.0192194       0.105314    -0.00479789        18.6096        19.2659
           2509     YO1_DH0_E2        2535.39        88.9417         4.0743        89.8318        4.13558      -0.588471       -19.6432       0.043857        1.21502      -0.157841      0.0192194       0.105314    -0.00479789        18.6096        19.2659
           2510      DRIFT_802        2536.27        81.9564        3.90098         82.742        3.95907      -0.550059       -18.0972       0.043857        1.17661      -0.141007      0.0192194       0.101111    -0.00479789        18.6112        19.2675
           2511      DRIFT_802        2537.14        75.2748        3.72766        75.9614        3.78257      -0.511646       -16.6185       0.043857         1.1382      -0.124174      0.0192194      0.0969089    -0.00479789         18.613        19.2693
           2512      DRIFT_802        2538.02        68.8967        3.55435          69.49        3.60606      -0.473234       -15.2072       0.043857        1.09979       -0.10734      0.0192194      0.0927066    -0.00479789         18.615        19.2712
           2513      DRIFT_802        2538.89        62.8223        3.38103        63.3278        3.42956      -0.434821        -13.863       0.043857        1.06137     -0.0905066      0.0192194      0.0885044    -0.00479789        18.6171        19.2733
           2514      DRIFT_802        2539.77        57.0515        3.20771        57.4747        3.25306      -0.396408       -12.5862       0.043857        1.02296     -0.0736731      0.0192194      0.0843021    -0.00479789        18.6194        19.2756
           2515      DRIFT_802        2540.64        51.5843         3.0344        51.9309        3.07655      -0.357996       -11.3767       0.043857       0.984547     -0.0568396      0.0192194      0.0800998    -0.00479789         18.622        19.2782
           2516      DRIFT_802        2541.52        46.4206        2.86108        46.6962        2.90005      -0.319583       -10.2345       0.043857       0.946135     -0.0400061      0.0192194      0.0758975    -0.00479789        18.6248         19.281
           2517      DRIFT_802         2542.4        41.5606        2.68776        41.7707        2.72354       -0.28117       -9.15952       0.043857       0.907722     -0.0231725      0.0192194      0.0716952    -0.00479789         18.628        19.2841
           2518      G1_DHX_E1         2542.4        41.5606        2.68965        41.7707        2.72165      -0.280756       -9.15952      0.0438286       0.908137     -0.0231725      0.0192204      0.0716952    -0.00479464         18.628        19.2841
           2519       ERDXMP01         2542.4        41.5606        2.68565        41.7707        2.72567      -0.281636       -9.15952      0.0438888       0.907256     -0.0231725      0.0192182      0.0716952    -0.00480154         18.628        19.2841
           2520         DXMP01         2546.1        24.3808        1.95671        24.3625        1.97897      -0.119197       -5.35999      0.0439081       0.745506      0.0130455    0.000357345      0.0539285    -0.00480154        18.6465        19.3026
           2521          TEMPD         2546.1        24.3808        1.95671        24.3625        1.97897      -0.119197       -5.35999      0.0439081       0.745506      0.0130455    0.000357345      0.0539285    -0.00480154        18.6465        19.3026
           2522      G1_DHX_E2         2546.1        24.3808        1.95671        24.3625        1.97897      -0.119197       -5.35999      0.0439081       0.745506      0.0130455    0.000357345      0.0539285    -0.00480154        18.6465        19.3026
           2523      DRIFT_804        2547.08        20.7359        1.76262        20.6776        1.78121     -0.0761675       -4.55475      0.0439081       0.702476      0.0133957    0.000357345       0.049223    -0.00480154        18.6535        19.3096
           2524      DRIFT_804        2548.06        17.4713        1.56853        17.3802        1.58344     -0.0331376       -3.83385      0.0439081       0.659446      0.0137459    0.000357345      0.0445175    -0.00480154        18.6617        19.3178
           2525      DRIFT_804        2549.04        14.5872        1.37443        14.4705        1.38568     0.00989236       -3.19729      0.0439081       0.616416      0.0140961    0.000357345       0.039812    -0.00480154        18.6714        19.3277
           2526      DRIFT_804        2550.02        12.0836        1.18034        11.9483        1.18792      0.0529223       -2.64506      0.0439081       0.573386      0.0144463    0.000357345      0.0351064    -0.00480154        18.6832        19.3395
           2527      DRIFT_804           2551        9.96031       0.986247        9.81382       0.990157      0.0959522       -2.17718      0.0439081       0.530356      0.0147965    0.000357345      0.0304009    -0.00480154        18.6974         19.354
           2528      DRIFT_804        2551.98        8.21748       0.792154        8.06692       0.792395       0.138982       -1.79363      0.0439081       0.487326      0.0151467    0.000357345      0.0256954    -0.00480154        18.7147        19.3715
           2529      DRIFT_804        2552.96        6.85507       0.598061        6.70763       0.594633       0.182012       -1.49442      0.0439081       0.444296      0.0154968    0.000357345      0.0209899    -0.00480154        18.7356        19.3928
           2530      DRIFT_804        2553.94        5.87308       0.403967        5.73596        0.39687       0.225042       -1.27955      0.0439081       0.401266       0.015847    0.000357345      0.0162844    -0.00480154        18.7602        19.4181
           2531      DRIFT_804        2554.92        5.27152       0.209874         5.1519       0.199108       0.268072       -1.14902      0.0439081       0.358236      0.0161972    0.000357345      0.0115789    -0.00480154        18.7884        19.4469
           2532      DRIFT_804         2555.9        5.05038      0.0157807        4.95545     0.00134574       0.311102       -1.10283      0.0439081       0.315206      0.0165474    0.000357345     0.00687342    -0.00480154        18.8188         19.478
           2533      DRIFT_804        2556.88        5.20966      -0.178313        5.14662      -0.196417       0.354132       -1.14098      0.0439081       0.272176      0.0168976    0.000357345     0.00216791    -0.00480154        18.8494         19.509
           2534      DRIFT_804        2557.86        5.74936      -0.372406        5.72541      -0.394179       0.397162       -1.26347      0.0439081       0.229146      0.0172478    0.000357345     -0.0025376    -0.00480154        18.8781        19.5379
           2535      DRIFT_804        2558.84        6.66949      -0.566499         6.6918      -0.591941       0.440192       -1.47029      0.0439081       0.186116       0.017598    0.000357345     -0.0072431    -0.00480154        18.9034        19.5632
           2536      DRIFT_804        2559.82        7.97004      -0.760592        8.04582      -0.789703       0.483222       -1.76145      0.0439081       0.143086      0.0179482    0.000357345     -0.0119486    -0.00480154        18.9248        19.5846
           2537      DRIFT_804         2560.8        9.65101      -0.954686        9.78744      -0.987466       0.526252       -2.13696      0.0439081       0.100056      0.0182984    0.000357345     -0.0166541    -0.00480154        18.9427        19.6022
           2538      DRIFT_804        2561.78        11.7124       -1.14878        11.9167       -1.18523       0.569282        -2.5968      0.0439081      0.0570265      0.0186486    0.000357345     -0.0213596    -0.00480154        18.9573        19.6166
           2539      DRIFT_804        2562.76        14.1542       -1.34287        14.4335       -1.38299       0.612312       -3.14098      0.0439081      0.0139965      0.0189988    0.000357345     -0.0260651    -0.00480154        18.9695        19.6285
           2540      DRIFT_804        2563.74        16.9765       -1.53697         17.338       -1.58075       0.655341       -3.76949      0.0439081     -0.0290334       0.019349    0.000357345     -0.0307706    -0.00480154        18.9795        19.6384
           2541      DRIFT_804        2564.72        20.1791       -1.73106        20.6301       -1.77852       0.698371       -4.48235      0.0439081     -0.0720634      0.0196992    0.000357345     -0.0354761    -0.00480154         18.988        19.6467
           2542      DRIFT_804         2565.7        23.7622       -1.92515        24.3098       -1.97628       0.741401       -5.27955      0.0439081      -0.115093      0.0200494    0.000357345     -0.0401816    -0.00480154        18.9951        19.6536
           2543      G2_DHX_E1         2565.7        23.7622       -1.92515        24.3098       -1.97628       0.741401       -5.27955      0.0439081      -0.115093      0.0200494    0.000357345     -0.0401816    -0.00480154        18.9951        19.6536
           2544         DXPM02         2569.4        40.7087       -2.65417         41.698       -2.72298        0.90373       -9.04845      0.0438291      -0.276743      0.0562461      0.0192067     -0.0579484    -0.00480154        19.0141        19.6722
           2545       ERDXPM02         2569.4        40.7087       -2.65809         41.698       -2.71897        0.90286       -9.04845      0.0438893      -0.277613      0.0562461      0.0192121     -0.0579484    -0.00479596        19.0141        19.6722
           2546      G2_DHX_E2         2569.4        40.7087       -2.65752         41.698       -2.71955       0.902987       -9.04845      0.0438805      -0.277486      0.0562461      0.0192113     -0.0579484    -0.00479678        19.0141        19.6722
           2547      DRIFT_808        2570.27        45.5159       -2.83098        46.6164       -2.89591        0.94142        -10.116      0.0438805      -0.315919      0.0730726      0.0192113     -0.0621497    -0.00479678        19.0173        19.6753
           2548      DRIFT_808        2571.15        50.6269       -3.00445        51.8437       -3.07226       0.979853        -11.251      0.0438805      -0.354353       0.089899      0.0192113      -0.066351    -0.00479678        19.0202        19.6782
           2549      DRIFT_808        2572.02        56.0418       -3.17791        57.3799       -3.24862        1.01829       -12.4532      0.0438805      -0.392786       0.106725      0.0192113     -0.0705523    -0.00479678        19.0228        19.6807
           2550      DRIFT_808         2572.9        61.7606       -3.35138        63.2251       -3.42497        1.05672       -13.7228      0.0438805      -0.431219       0.123552      0.0192113     -0.0747536    -0.00479678        19.0252         19.683
           2551      DRIFT_808        2573.78        67.7832       -3.52484        69.3791       -3.60133        1.09515       -15.0597      0.0438805      -0.469652       0.140378      0.0192113     -0.0789549    -0.00479678        19.0274        19.6851
           2552      DRIFT_808        2574.65        74.1097       -3.69831        75.8421       -3.77769        1.13359       -16.4639      0.0438805      -0.508086       0.157205      0.0192113     -0.0831563    -0.00479678        19.0293        19.6871
           2553      DRIFT_808        2575.53          80.74       -3.87177        82.6141       -3.95404        1.17202       -17.9354      0.0438805      -0.546519       0.174031      0.0192113     -0.0873576    -0.00479678        19.0311        19.6888
           2554      DRIFT_808         2576.4        87.6742       -4.04524        89.6949        -4.1304        1.21045       -19.4743      0.0438805      -0.584952       0.190858      0.0192113     -0.0915589    -0.00479678        19.0328        19.6904
           2555     YI2_DH0_E1         2576.4        87.6742       -4.04524        89.6949        -4.1304        1.21045       -19.4743      0.0438805      -0.584952       0.190858      0.0192113     -0.0915589    -0.00479678        19.0328        19.6904
           2556         D0MP02        2579.99        119.237       -4.74842        121.936       -4.85304        1.36779       -26.4803      0.0437977      -0.740822       0.232531     0.00401117      -0.108774    -0.00479678        19.0384        19.6959
           2557     YI2_DH0_E2        2579.99        119.237       -4.74842        121.936       -4.85304        1.36779       -26.4803      0.0437977      -0.740822       0.232531     0.00401117      -0.108774    -0.00479678        19.0384        19.6959
           2558      DRIFT_809        2580.63        125.321        -4.8733        128.154       -4.98036        1.39549       -27.8311      0.0437977      -0.768516       0.235067     0.00401117      -0.111807    -0.00479678        19.0392        19.6967
           2559      DRIFT_809        2581.26        131.563       -4.99817        134.533       -5.10768        1.42318        -29.217      0.0437977       -0.79621       0.237604     0.00401117      -0.114841    -0.00479678          19.04        19.6975
           2560           Q1I2         2582.7        130.228        5.88836        167.484       -18.6732        3.89224       -32.3979      -0.213775        1.81704       0.229301     -0.0154286       -0.12877     -0.0147409        19.0417         19.699
           2561      DRIFT_811        2583.54        120.548        5.65872        200.259       -20.4235        3.71302       -33.9873      -0.213775        1.99625       0.216367     -0.0154286      -0.141128     -0.0147409        19.0428        19.6998
           2562      DRIFT_811        2584.37        111.252        5.42909        235.969       -22.1739        3.53381       -35.2763      -0.213775        2.17546       0.203433     -0.0154286      -0.153485     -0.0147409        19.0439        19.7004
           2563           Q2I2        2587.77        148.502        -18.668        227.312         24.155       -3.89301       -39.0868      -0.446793       -4.52354       0.214214      0.0221228      -0.151597       0.015794        19.0486        19.7025
           2564      DRIFT_813         2588.7        185.275       -20.8576        184.592        21.7628       -4.30869       -39.2867      -0.446793       -4.10786       0.234797      0.0221228      -0.136903       0.015794        19.0495        19.7032
           2565      DRIFT_813        2589.63        226.123       -23.0472        146.322        19.3707       -4.72437       -38.7131      -0.446793       -3.69218       0.255379      0.0221228      -0.122209       0.015794        19.0502        19.7041
           2566           Q3I2        2591.73        267.151         5.1171        101.834        3.49203      -0.703171       -35.6275      0.0213967       0.875785       0.269695    -0.00876799      -0.102775     0.00308153        19.0515        19.7069
           2567      DRIFT_815        2592.72        257.126        5.01642        95.0511        3.36385      -0.682002       -34.0863      0.0213967       0.854616        0.26102    -0.00876799     -0.0997267     0.00308153        19.0521        19.7085
           2568      DRIFT_815        2593.71          247.3        4.91575        88.5219        3.23566      -0.660834        -32.587      0.0213967       0.833448       0.252346    -0.00876799      -0.096678     0.00308153        19.0527        19.7103
           2569      DRIFT_815         2594.7        237.673        4.81508        82.2464        3.10748      -0.639665       -31.1296      0.0213967       0.812279       0.243671    -0.00876799     -0.0936293     0.00308153        19.0534        19.7121
           2570      DRIFT_815        2595.68        228.245        4.71441        76.2246        2.97929      -0.618497       -29.7141      0.0213967       0.791111       0.234997    -0.00876799     -0.0905807     0.00308153         19.054        19.7141
           2571      DRIFT_815        2596.67        219.016        4.61373        70.4563        2.85111      -0.597328       -28.3405      0.0213967       0.769942       0.226323    -0.00876799      -0.087532     0.00308153        19.0548        19.7162
           2572      DRIFT_815        2597.66        209.987        4.51306        64.9417        2.72292       -0.57616       -27.0087      0.0213967       0.748774       0.217648    -0.00876799     -0.0844833     0.00308153        19.0555        19.7186
           2573      DRIFT_815        2598.65        201.156        4.41239        59.6808        2.59474      -0.554991       -25.7189      0.0213967       0.727605       0.208974    -0.00876799     -0.0814347     0.00308153        19.0563        19.7211
           2574      DRIFT_815        2599.64        192.525        4.31172        54.6735        2.46655      -0.533823       -24.4709      0.0213967       0.706437       0.200299    -0.00876799      -0.078386     0.00308153        19.0571        19.7239
           2575      DRIFT_815        2600.63        184.093        4.21104        49.9198        2.33837      -0.512654       -23.2648      0.0213967       0.685268       0.191625    -0.00876799     -0.0753373     0.00308153        19.0579        19.7269
           2576      DRIFT_815        2601.62        175.861        4.11037        45.4198        2.21018      -0.491486       -22.1006      0.0213967         0.6641        0.18295    -0.00876799     -0.0722887     0.00308153        19.0588        19.7302
           2577      DRIFT_815        2602.61        167.827         4.0097        41.1734          2.082      -0.470317       -20.9783      0.0213967       0.642931       0.174276    -0.00876799       -0.06924     0.00308153        19.0597        19.7338
           2578      DRIFT_815         2603.6        159.993        3.90903        37.1806        1.95381      -0.449149       -19.8978      0.0213967       0.621763       0.165601    -0.00876799     -0.0661913     0.00308153        19.0606        19.7378
           2579      DRIFT_815        2604.59        152.358        3.80835        33.4414        1.82563       -0.42798       -18.8593      0.0213967       0.600594       0.156927    -0.00876799     -0.0631427     0.00308153        19.0617        19.7423
           2580      DRIFT_815        2605.58        144.922        3.70768         29.956        1.69744      -0.406812       -17.8626      0.0213967       0.579426       0.148252    -0.00876799      -0.060094     0.00308153        19.0627        19.7473
           2581      DRIFT_815        2606.57        137.685        3.60701        26.7241        1.56926      -0.385643       -16.9079      0.0213967       0.558257       0.139578    -0.00876799     -0.0570453     0.00308153        19.0638        19.7528
           2582      DRIFT_815        2607.56        130.648        3.50634        23.7459        1.44107      -0.364475        -15.995      0.0213967       0.537088       0.130903    -0.00876799     -0.0539967     0.00308153         19.065        19.7591
           2583      DRIFT_815        2608.55        123.809        3.40567        21.0213        1.31288      -0.343306        -15.124      0.0213967        0.51592       0.122229    -0.00876799      -0.050948     0.00308153        19.0662        19.7661
           2584      DRIFT_815        2609.54         117.17        3.30499        18.5503         1.1847      -0.322137       -14.2948      0.0213967       0.494751       0.113554    -0.00876799     -0.0478993     0.00308153        19.0675        19.7741
           2585      DRIFT_815        2610.52         110.73        3.20432         16.333        1.05651      -0.300969       -13.5076      0.0213967       0.473583        0.10488    -0.00876799     -0.0448507     0.00308153        19.0689        19.7832
           2586      DRIFT_815        2611.51         104.49        3.10365        14.3693       0.928328        -0.2798       -12.7623      0.0213967       0.452414      0.0962053    -0.00876799      -0.041802     0.00308153        19.0704        19.7935
           2587      DRIFT_815         2612.5        98.4483        3.00298        12.6593       0.800143      -0.258632       -12.0588      0.0213967       0.431246      0.0875308    -0.00876799     -0.0387534     0.00308153        19.0719        19.8051
           2588      DRIFT_815        2613.49        92.6059         2.9023        11.2029       0.671958      -0.237463       -11.3972      0.0213967       0.410077      0.0788563    -0.00876799     -0.0357047     0.00308153        19.0736        19.8184
           2589      DRIFT_815        2614.48        86.9628        2.80163        10.0001       0.543773      -0.216295       -10.7775      0.0213967       0.388909      0.0701818    -0.00876799      -0.032656     0.00308153        19.0753        19.8333
           2590      DRIFT_815        2615.47        81.5189        2.70096        9.05101       0.415587      -0.195126       -10.1997      0.0213967        0.36774      0.0615073    -0.00876799     -0.0296074     0.00308153        19.0772        19.8499
           2591      DRIFT_815        2616.46        76.2742        2.60029        8.35552       0.287402      -0.173958       -9.66379      0.0213967       0.346572      0.0528328    -0.00876799     -0.0265587     0.00308153        19.0792         19.868
           2592      DRIFT_815        2617.45        71.2287        2.49961        7.91366       0.159217      -0.152789       -9.16976      0.0213967       0.325403      0.0441583    -0.00876799       -0.02351     0.00308153        19.0813        19.8874
           2593      DRIFT_815        2618.44        66.3824        2.39894        7.72545      0.0310313      -0.131621       -8.71761      0.0213967       0.304235      0.0354839    -0.00876799     -0.0204614     0.00308153        19.0836        19.9076
           2594      DRIFT_815        2619.43        61.7353        2.29827        7.79086      -0.097154      -0.110452       -8.30734      0.0213967       0.283066      0.0268094    -0.00876799     -0.0174127     0.00308153        19.0861         19.928
           2595      DRIFT_815        2620.42        57.2874         2.1976        8.10992      -0.225339     -0.0892836       -7.93896      0.0213967       0.261898      0.0181349    -0.00876799      -0.014364     0.00308153        19.0887        19.9478
           2596      DRIFT_815        2621.41        53.0386        2.09692        8.68261      -0.353525      -0.068115       -7.61247      0.0213967       0.240729     0.00946041    -0.00876799     -0.0113154     0.00308153        19.0916        19.9666
           2597      DRIFT_815         2622.4        48.9891        1.99625        9.50894       -0.48171     -0.0469465       -7.32786      0.0213967       0.219561    0.000785931    -0.00876799     -0.0082667     0.00308153        19.0947         19.984
           2598      DRIFT_815        2623.39        45.1388        1.89558        10.5889      -0.609895      -0.025778       -7.08514      0.0213967       0.198392    -0.00788855    -0.00876799    -0.00521804     0.00308153         19.098        19.9997
           2599      DRIFT_815        2624.38        41.4877        1.79491        11.9225      -0.738081    -0.00460945        -6.8843      0.0213967       0.177223      -0.016563    -0.00876799    -0.00216937     0.00308153        19.1017        20.0137
           2600      DRIFT_815        2625.36        38.0357        1.69423        13.5097      -0.866266      0.0165591       -6.72535      0.0213967       0.156055     -0.0252375    -0.00876799    0.000879292     0.00308153        19.1056        20.0262
           2601      DRIFT_815        2626.35         34.783        1.59356        15.3506      -0.994451      0.0377276       -6.60829      0.0213967       0.134886      -0.033912    -0.00876799     0.00392796     0.00308153          19.11        20.0371
           2602      DRIFT_815        2627.34        31.7295        1.49289        17.4451       -1.12264      0.0588961       -6.53311      0.0213967       0.113718     -0.0425865    -0.00876799     0.00697662     0.00308153        19.1147        20.0467
           2603      DRIFT_815        2628.33        28.8751        1.39222        19.7933       -1.25082      0.0800647       -6.49981      0.0213967      0.0925493      -0.051261    -0.00876799      0.0100253     0.00308153        19.1199        20.0552
           2604      DRIFT_815        2629.32          26.22        1.29154        22.3951       -1.37901       0.101233       -6.50841      0.0213967      0.0713808     -0.0599355    -0.00876799       0.013074     0.00308153        19.1256        20.0627
           2605          Q4IT2        2630.07        24.2178        1.37367        24.6533       -1.63692       0.159433       -6.54259      0.0199898      0.0984713     -0.0663592    -0.00835502       0.015419     0.00317462        19.1304        20.0678
           2606      DRIFT_837         2630.2        23.8625        1.35817        25.0817       -1.65634       0.162033       -6.55086      0.0199898      0.0958711      -0.067446    -0.00835502       0.015832     0.00317462        19.1312        20.0686
           2607           Q4I2        2632.01        26.0522       -2.68243        23.7657         2.3103      -0.938997       -6.68792      -0.110805      -0.945199     -0.0934565     -0.0210524      0.0190448    0.000284621        19.1434        20.0799
           2608      DRIFT_838        2632.87         30.877       -2.95181        20.0045        2.08194       -1.03388       -6.61197      -0.110805      -0.850313      -0.111484     -0.0210524      0.0192885    0.000284621        19.1482        20.0861
           2609      DRIFT_838        2633.73        36.1631       -3.22119        16.6344        1.85359       -1.12877       -6.37352      -0.110805      -0.755428      -0.129512     -0.0210524      0.0195322    0.000284621        19.1523        20.0936
           2610      DRIFT_838        2634.58        41.9106       -3.49057        13.6553        1.62524       -1.22365       -5.97257      -0.110805      -0.660542       -0.14754     -0.0210524       0.019776    0.000284621        19.1558        20.1026
           2611      DRIFT_838        2635.44        48.1194       -3.75995        11.0674        1.39688       -1.31854       -5.40911      -0.110805      -0.565657      -0.165568     -0.0210524      0.0200197    0.000284621        19.1588        20.1137
           2612      DRIFT_838         2636.3        54.7896       -4.02934        8.87056        1.16853       -1.41342       -4.68314      -0.110805      -0.470771      -0.183595     -0.0210524      0.0202634    0.000284621        19.1615        20.1275
           2613      DRIFT_838        2637.15        61.9212       -4.29872        7.06481       0.940179       -1.50831       -3.79467      -0.110805      -0.375886      -0.201623     -0.0210524      0.0205072    0.000284621        19.1638        20.1448
           2614          Q5IT2         2637.9        68.1045       -3.92744        5.84587        0.68869       -1.55537       -2.88614     -0.0943063      -0.269175      -0.216722      -0.019189      0.0207894    0.000468363        19.1656        20.1634
           2615      DRIFT_841        2638.03        69.1381       -3.95905         5.6697        0.65564       -1.56772       -2.71597     -0.0943063      -0.256816      -0.219237      -0.019189      0.0208507    0.000468363        19.1659         20.167
           2616           Q5I2        2639.14        70.2887        2.96055        5.07155     -0.0972488       -1.38693       -1.21374      0.0640723     -0.0495464      -0.228258     0.00308387       0.022532     0.00258858        19.1684        20.2008
           2617      DRIFT_842        2639.69        67.1015         2.8848        5.23678      -0.205777         -1.352      -0.503579      0.0640723     -0.0844818      -0.226576     0.00308387      0.0239435     0.00258858        19.1697        20.2177
           2618          QGTTI        2639.69        67.1015        2.89822        5.23678      -0.206824        -1.3519      -0.503579      0.0643596     -0.0843811      -0.226576     0.00312919      0.0239435     0.00259337        19.1697        20.2177
           2619      DRIFT_843        2640.63        61.7401        2.76562        5.80676      -0.395316       -1.29097       0.638579      0.0643596      -0.145304      -0.223614     0.00312919      0.0263983     0.00259337         19.172        20.2451
           2620      DRIFT_843        2641.58        56.6298        2.63302         6.7336      -0.583808       -1.23005         1.6654      0.0643596      -0.206226      -0.220652     0.00312919      0.0288532     0.00259337        19.1746        20.2693
           2621      DRIFT_843        2642.53        51.7705        2.50042        8.01729        -0.7723       -1.16913        2.57688      0.0643596      -0.267149       -0.21769     0.00312919      0.0313081     0.00259337        19.1774        20.2899
           2622     YI2_DH5_E1        2642.53        51.7705        2.50042        8.01729        -0.7723       -1.16913        2.57688      0.0643596      -0.267149       -0.21769     0.00312919      0.0313081     0.00259337        19.1774        20.2899
           2623            D5I        2649.44        23.8598        1.53415        28.2241       -2.14945      -0.723602        5.73291      0.0644707      -0.713223     -0.0974192      0.0316489      0.0492438     0.00259337        19.2089        20.3659
           2624     YI2_DH5_E2        2649.44        23.8598        1.53415        28.2241       -2.14945      -0.723602        5.73291      0.0644707      -0.713223     -0.0974192      0.0316489      0.0492438     0.00259337        19.2089        20.3659
           2625      DRIFT_844        2650.28        21.3967        1.41684         31.951       -2.31566      -0.669791        5.69666      0.0644707      -0.767034     -0.0710029      0.0316489      0.0514084     0.00259337        19.2148        20.3704
           2626      DRIFT_844        2651.11        19.1295        1.29952        35.9553       -2.48186      -0.615979        5.57058      0.0644707      -0.820846     -0.0445867      0.0316489       0.053573     0.00259337        19.2213        20.3743
           2627      DRIFT_844        2651.95         17.058         1.1822        40.2371       -2.64806      -0.562168        5.35467      0.0644707      -0.874657     -0.0181704      0.0316489      0.0557376     0.00259337        19.2287        20.3778
           2628          Q6IT2         2652.7        15.4614       0.950945        44.0587       -2.43703      -0.475434         5.0862      0.0530842      -0.876002      0.0055348      0.0315973        0.05751     0.00213054        19.2361        20.3806
           2629      DRIFT_846        2652.83        15.2143       0.934804        44.7002       -2.45767      -0.468477         5.0328      0.0530842      -0.882959     0.00967563      0.0315973      0.0577892     0.00213054        19.2374        20.3811
           2630           Q6I2        2653.94        14.8686        -0.6121        45.2368        1.99195     0.00677598        4.55219     -0.0327936      -0.412984      0.0459264      0.0343141      0.0569771    -0.00358032        19.2494        20.3849
           2631      DRIFT_847        2654.48        15.5636      -0.662511        43.0973        1.93207     -0.0111048        4.33307     -0.0327936      -0.395103      0.0646362      0.0343141       0.055025    -0.00358032        19.2551        20.3869
           2632          SQSK2        2654.48        15.5782      -0.661178        43.1377        1.93197       -0.01111         4.3351      -0.032962      -0.395289      0.0646362      0.0343031       0.055025    -0.00359325        19.2551        20.3869
           2633      DRIFT_848        2655.38        16.8392      -0.743968        39.7586        1.83352     -0.0406902        4.01688      -0.032962      -0.365709      0.0954199      0.0343031      0.0518004    -0.00359325        19.2639        20.3903
           2634      DRIFT_848        2656.28        18.2488      -0.826757        36.5561        1.73507     -0.0702705        3.75175      -0.032962      -0.336128       0.126204      0.0343031      0.0485758    -0.00359325        19.2721        20.3941
           2635      DRIFT_848        2657.18         19.807      -0.909547        33.5303        1.63661     -0.0998508        3.53972      -0.032962      -0.306548       0.156988      0.0343031      0.0453512    -0.00359325        19.2796        20.3982
           2636      DRIFT_848        2658.07        21.5137      -0.992336        30.6813        1.53816      -0.129431        3.38077      -0.032962      -0.276968       0.187771      0.0343031      0.0421266    -0.00359325        19.2865        20.4026
           2637      DRIFT_848        2658.97        23.3691       -1.07513        28.0089        1.43971      -0.159011        3.27492      -0.032962      -0.247388       0.218555      0.0343031       0.038902    -0.00359325        19.2929        20.4075
           2638      DRIFT_848        2659.87         25.373       -1.15791        25.5133        1.34126      -0.188592        3.22215      -0.032962      -0.217807       0.249339      0.0343031      0.0356774    -0.00359325        19.2987        20.4128
           2639      DRIFT_848        2660.77        27.5255        -1.2407        23.1943        1.24281      -0.218172        3.22248      -0.032962      -0.188227       0.280123      0.0343031      0.0324528    -0.00359325        19.3041        20.4187
           2640      DRIFT_848        2661.66        29.8267       -1.32349        21.0521        1.14436      -0.247752         3.2759      -0.032962      -0.158647       0.310906      0.0343031      0.0292282    -0.00359325        19.3091        20.4252
           2641      DRIFT_848        2662.56        32.2764       -1.40628        19.0865        1.04591      -0.277332        3.38241      -0.032962      -0.129066        0.34169      0.0343031      0.0260036    -0.00359325        19.3137        20.4323
           2642     YI2_DH6_E1        2662.56        32.2764       -1.40628        19.0865        1.04591      -0.277332        3.38241      -0.032962      -0.129066        0.34169      0.0343031      0.0260036    -0.00359325        19.3137        20.4323
           2643             DS        2665.51        41.3687       -1.67629        13.8712       0.722333      -0.374528        4.10614     -0.0329454     -0.0320584       0.460883      0.0465201      0.0154055    -0.00359325        19.3266        20.4613
           2644     YI2_DH6_E2        2665.51        41.3687       -1.67629        13.8712       0.722333      -0.374528        4.10614     -0.0329454     -0.0320584       0.460883      0.0465201      0.0154055    -0.00359325        19.3266        20.4613
           2645      DRIFT_849         2666.3        44.0729         -1.749         12.799        0.63572      -0.400539        4.39705     -0.0329454    -0.00604799        0.49761      0.0465201      0.0125687    -0.00359325        19.3295        20.4707
           2646      DRIFT_849        2667.09         46.892       -1.82172        11.8636       0.549106      -0.426549        4.72903     -0.0329454      0.0199624       0.534338      0.0465201     0.00973182    -0.00359325        19.3323         20.481
           2647          QGTTI        2667.09         46.892       -1.81234        11.8636       0.546734      -0.427495        4.72903     -0.0328639      0.0190166       0.534338      0.0464132     0.00973182     -0.0035913        19.3323         20.481
           2648      DRIFT_850        2667.63         48.896       -1.86217        11.2998       0.487022      -0.445418        4.98233     -0.0328639      0.0369398        0.55965      0.0464132     0.00777321     -0.0035913        19.3341        20.4884
           2649           Q7I2        2668.56        48.6116        2.16028        11.3321      -0.522565      -0.878984        5.44455      0.0356256      -0.388233        0.58096   -0.000865625     0.00469099    -0.00308121        19.3371        20.5017
           2650      DRIFT_851        2669.54        44.4949         2.0462        12.4625       -0.63251      -0.844119        5.89071      0.0356256      -0.423098       0.580113   -0.000865625     0.00167555    -0.00308121        19.3405        20.5148
           2651      DRIFT_851        2670.52        40.6015        1.93211        13.8081      -0.742455      -0.809253        6.26862      0.0356256      -0.457963       0.579266   -0.000865625    -0.00133989    -0.00308121        19.3441        20.5267
           2652      DRIFT_851         2671.5        36.9314        1.81803        15.3689        -0.8524      -0.774388        6.57829      0.0356256      -0.492828       0.578419   -0.000865625    -0.00435533    -0.00308121        19.3481        20.5374
           2653      DRIFT_851        2672.48        33.4846        1.70394        17.1449      -0.962345      -0.739523        6.81972      0.0356256      -0.527693       0.577572   -0.000865625    -0.00737077    -0.00308121        19.3526         20.547
           2654      DRIFT_851        2673.46        30.2611        1.58985        19.1361       -1.07229      -0.704658        6.99291      0.0356256      -0.562559       0.576725   -0.000865625     -0.0103862    -0.00308121        19.3575        20.5556
           2655      DRIFT_851        2674.44        27.2609        1.47577        21.3425       -1.18223      -0.669793        7.09785      0.0356256      -0.597424       0.575877   -0.000865625     -0.0134016    -0.00308121        19.3629        20.5633
           2656      DRIFT_851        2675.41         24.484        1.36168        23.7641       -1.29218      -0.634928        7.13455      0.0356256      -0.632289        0.57503   -0.000865625     -0.0164171    -0.00308121        19.3689        20.5702
           2657      DRIFT_851        2676.39        21.9304         1.2476        26.4009       -1.40212      -0.600063        7.10302      0.0356256      -0.667154       0.574183   -0.000865625     -0.0194325    -0.00308121        19.3756        20.5765
           2658      DRIFT_851        2677.37        19.6001        1.13351        29.2529       -1.51207      -0.565197        7.00324      0.0356256      -0.702019       0.573336   -0.000865625      -0.022448    -0.00308121        19.3832        20.5821
           2659      DRIFT_851        2678.35        17.4932        1.01943        32.3201       -1.62201      -0.530332        6.83521      0.0356256      -0.736884       0.572489   -0.000865625     -0.0254634    -0.00308121        19.3916        20.5871
           2660      DRIFT_851        2679.33        15.6095       0.905344        35.6025       -1.73196      -0.495467        6.59895      0.0356256      -0.771749       0.571642   -0.000865625     -0.0284788    -0.00308121         19.401        20.5917
           2661      DRIFT_851        2680.31        13.9491       0.791259        39.1001        -1.8419      -0.460602        6.29444      0.0356256      -0.806615       0.570795   -0.000865625     -0.0314943    -0.00308121        19.4116        20.5959
           2662      DRIFT_851        2681.29         12.512       0.677174        42.8128       -1.95185      -0.425737         5.9217      0.0356256       -0.84148       0.569947   -0.000865625     -0.0345097    -0.00308121        19.4234        20.5997
           2663      DRIFT_851        2682.27        11.2982       0.563088        46.7408       -2.06179      -0.390872        5.48071      0.0356256      -0.876345         0.5691   -0.000865625     -0.0375252    -0.00308121        19.4365        20.6032
           2664           QDA2        2683.38        11.2921      -0.557418        46.5805        2.20129       0.075299        4.93619     -0.0358472      -0.393944       0.597138      0.0518089     -0.0390068    0.000434198        19.4524        20.6069
           2665      DRIFT_854        2683.92        11.9345      -0.620707        44.2173        2.13287      0.0557533        4.69099     -0.0358472      -0.374398       0.625387      0.0518089       -0.03877    0.000434198        19.4599        20.6088
           2666          SQSK2        2683.92        11.9466      -0.619738        44.2623         2.1334      0.0557817        4.69338     -0.0360181      -0.374588       0.625387      0.0518167       -0.03877    0.000309121        19.4599        20.6088
           2667      DRIFT_855        2684.71        12.9954      -0.711043        40.9776        2.03456       0.027396        4.37658     -0.0360181      -0.346203       0.666223      0.0518167     -0.0385264    0.000309121          19.47        20.6118
           2668      DRIFT_855         2685.5        14.1881      -0.802348        37.8486        1.93572   -0.000989611        4.10452     -0.0360181      -0.317817        0.70706      0.0518167     -0.0382828    0.000309121        19.4792         20.615
           2669     YI2_DH8_E1         2685.5        14.1881      -0.802348        37.8486        1.93572   -0.000989611        4.10452     -0.0360181      -0.317817        0.70706      0.0518167     -0.0382828    0.000309121        19.4792         20.615
           2670              D        2694.94        39.6212        -1.8903         12.478       0.751663      -0.340938        4.32044     -0.0359907      0.0215418        1.37914      0.0905449     -0.0353645    0.000309121        19.5444        20.6865
           2671     YI2_DH8_E2        2694.94        39.6212        -1.8903         12.478       0.751663      -0.340938        4.32044     -0.0359907      0.0215418        1.37914      0.0905449     -0.0353645    0.000309121        19.5444        20.6865
           2672      DRIFT_856        2695.73        42.6724       -1.98126        11.3711        0.65282      -0.369302        4.62847     -0.0359907      0.0499059         1.4505      0.0905449     -0.0351209    0.000309121        19.5474         20.697
           2673      DRIFT_856        2696.51        45.8669       -2.07223        10.4201       0.553976      -0.397666        4.98119     -0.0359907      0.0782699        1.52185      0.0905449     -0.0348772    0.000309121        19.5503        20.7086
           2674          SQSK2        2696.51        45.9165         -2.073        10.4313       0.553078      -0.397881        4.98389     -0.0361625      0.0783122        1.52185      0.0905518     -0.0348772    4.75026e-06        19.5503        20.7086
           2675      DRIFT_857        2697.06        48.2114       -2.13591        9.86541       0.484818      -0.417598        5.25428     -0.0361625      0.0980298        1.57123      0.0905518     -0.0348747    4.75026e-06        19.5521        20.7171
           2676           QFA2        2698.17        48.1295        2.20721        9.89291      -0.510419       -0.92453        5.85048      0.0365907      -0.392788        1.59235     -0.0528098     -0.0366234    -0.00318185        19.5557        20.7353
           2677      DRIFT_858        2699.13        44.0125        2.09034        10.9878      -0.632483      -0.889476         6.3263      0.0365907      -0.427842        1.54176     -0.0528098     -0.0396716    -0.00318185         19.559          20.75
           2678      DRIFT_858        2700.09        40.1194        1.97346        12.3166      -0.754548      -0.854423        6.73496      0.0365907      -0.462895        1.49117     -0.0528098     -0.0427198    -0.00318185        19.5627        20.7631
           2679      DRIFT_858        2701.04        36.4503        1.85659        13.8792      -0.876612      -0.819369        7.07646      0.0365907      -0.497949        1.44058     -0.0528098      -0.045768    -0.00318185        19.5666        20.7748
           2680      DRIFT_858           2702        33.0051        1.73971        15.6757      -0.998676      -0.784316        7.35079      0.0365907      -0.533002        1.38998     -0.0528098     -0.0488161    -0.00318185         19.571        20.7851
           2681      DRIFT_858        2702.96        29.7838        1.62284        17.7061       -1.12074      -0.749262        7.55797      0.0365907      -0.568056        1.33939     -0.0528098     -0.0518643    -0.00318185        19.5759        20.7943
           2682      DRIFT_858        2703.92        26.7864        1.50596        19.9703        -1.2428      -0.714209        7.69798      0.0365907      -0.603109         1.2888     -0.0528098     -0.0549125    -0.00318185        19.5813        20.8024
           2683      DRIFT_858        2704.87         24.013        1.38909        22.4685       -1.36487      -0.679155        7.77083      0.0365907      -0.638163        1.23821     -0.0528098     -0.0579607    -0.00318185        19.5873        20.8096
           2684      DRIFT_858        2705.83        21.4635        1.27222        25.2004       -1.48693      -0.644102        7.77652      0.0365907      -0.673216        1.18762     -0.0528098     -0.0610088    -0.00318185         19.594         20.816
           2685      DRIFT_858        2706.79        19.1379        1.15534        28.1663         -1.609      -0.609048        7.71505      0.0365907       -0.70827        1.13703     -0.0528098      -0.064057    -0.00318185        19.6016        20.8217
           2686     YI2_DH9_E1        2706.79        19.1379        1.15534        28.1663         -1.609      -0.609048        7.71505      0.0365907       -0.70827        1.13703     -0.0528098      -0.064057    -0.00318185        19.6016        20.8217
           2687             DS        2709.74        13.3818       0.796176         38.766       -1.98481      -0.501083        7.10344       0.036619      -0.816614       0.999248     -0.0406178     -0.0734417    -0.00318185        19.6311        20.8359
           2688     YI2_DH9_E2        2709.74        13.3818       0.796176         38.766       -1.98481      -0.501083        7.10344       0.036619      -0.816614       0.999248     -0.0406178     -0.0734417    -0.00318185        19.6311        20.8359
           2689      DRIFT_860        2710.36        12.4391        0.72028        41.2827       -2.06401      -0.478321        6.89316       0.036619      -0.839376          0.974     -0.0406178     -0.0754195    -0.00318185        19.6387        20.8384
           2690      DRIFT_860        2710.98        11.5909       0.644383        43.8979       -2.14321      -0.455559        6.65458       0.036619      -0.862138       0.948752     -0.0406178     -0.0773973    -0.00318185         19.647        20.8407
           2691           SDPI        2711.73         10.693       0.552809        47.1844       -2.23877      -0.428095        6.32905       0.036619      -0.889603       0.918288     -0.0406178     -0.0797837    -0.00318185        19.6577        20.8434
           2692      DRIFT_862        2711.86        10.5502       0.536808        47.7734       -2.25547      -0.423296        6.26794       0.036619      -0.894402       0.912965     -0.0406178     -0.0802007    -0.00318185        19.6597        20.8438
           2693             QD        2712.97        10.5739      -0.558905         47.756        2.27054       0.135135        5.73971     -0.0334976      -0.319647        0.91534      0.0449338     -0.0795058     0.00442294        19.6767        20.8474
           2694      DRIFT_863        2713.52        11.2203      -0.626578        45.3183        2.20026        0.11687        5.50169     -0.0334976      -0.301382        0.93984      0.0449338     -0.0770942     0.00442294        19.6847        20.8493
           2695          SQSK2        2713.52        11.2337      -0.625844        45.3724        2.20141        0.11694        5.50498     -0.0336697      -0.301562        0.93984      0.0449493     -0.0770942     0.00423497        19.6847        20.8493
           2696      DRIFT_864        2714.31        12.2971      -0.723477        41.9826        2.09987      0.0904051        5.19607     -0.0336697      -0.275027       0.975264      0.0449493     -0.0737567     0.00423497        19.6954        20.8522
           2697      DRIFT_864         2715.1        13.5143       -0.82111        38.7529        1.99832      0.0638703        4.92899     -0.0336697      -0.248493        1.01069      0.0449493     -0.0704191     0.00423497        19.7051        20.8553
           2698    YI2_DH10_E1         2715.1        13.5143       -0.82111        38.7529        1.99832      0.0638703        4.92899     -0.0336697      -0.248493        1.01069      0.0449493     -0.0704191     0.00423497        19.7051        20.8553
           2699              D        2724.54        40.0196        -1.9851        12.5046       0.781961      -0.253935        4.97752     -0.0336558      0.0686646        1.61777      0.0836463     -0.0304362     0.00423534        19.7716        20.9258
           2700    YI2_DH10_E2        2724.54        40.0196        -1.9851        12.5046       0.781961      -0.253935        4.97752     -0.0336558      0.0686646        1.61777      0.0836463     -0.0304362     0.00423534        19.7716        20.9258
           2701      DRIFT_865        2725.16        42.5294       -2.06167        11.5842       0.702037      -0.274808        5.19054     -0.0336558      0.0895377        1.66965      0.0836463     -0.0278095     0.00423534         19.774         20.934
           2702      DRIFT_865        2725.78        45.1341       -2.13824         10.763       0.622113      -0.295682        5.42945     -0.0336558       0.110411        1.72153      0.0836463     -0.0251828     0.00423534        19.7763        20.9429
           2703           SFPI        2726.53        48.4109       -2.23083        9.90233       0.525461      -0.320923        5.75295     -0.0336558       0.135653        1.78426      0.0836463     -0.0220063     0.00423534        19.7788        20.9545
           2704      DRIFT_867        2726.66        48.9978       -2.24701        9.76682       0.508573      -0.325334        5.81337     -0.0336558       0.140063        1.79522      0.0836463     -0.0214512     0.00423534        19.7792        20.9566
           2705             QF        2727.77        48.9662        2.27447        9.75511      -0.497673      -0.893978        6.35414      0.0340636          -0.41        1.79564     -0.0829053     -0.0177739     0.00244669        19.7828         20.975
           2706      DRIFT_868        2728.48        45.8125        2.18532        10.5229      -0.588117       -0.86989        6.67935      0.0340636      -0.434088        1.73701     -0.0829053     -0.0160438     0.00244669        19.7852        20.9861
           2707      DRIFT_868        2729.18        42.7848        2.09617        11.4186      -0.678561      -0.845802         6.9705      0.0340636      -0.458176        1.67839     -0.0829053     -0.0143136     0.00244669        19.7877        20.9964
           2708      DRIFT_868        2729.89        39.8833        2.00702        12.4423      -0.769005      -0.821714        7.22757      0.0340636      -0.482264        1.61976     -0.0829053     -0.0125834     0.00244669        19.7904        21.0059
           2709    YI2_DH11_E1        2729.89        39.8833        2.00702        12.4423      -0.769005      -0.821714        7.22757      0.0340636      -0.482264        1.61976     -0.0829053     -0.0125834     0.00244669        19.7904        21.0059
           2710              D        2739.33        13.1646       0.820079        38.4065       -1.98285      -0.499896        7.37966      0.0344109      -0.808222        1.01843     -0.0444521      0.0105107      0.0024465         19.858         21.077
           2711    YI2_DH11_E2        2739.33        13.1646       0.820079        38.4065       -1.98285      -0.499896        7.37966      0.0344109      -0.808222        1.01843     -0.0444521      0.0105107      0.0024465         19.858         21.077
           2712      DRIFT_870        2739.95        12.1962       0.741285        40.9154       -2.06249      -0.478554         7.1752      0.0344109      -0.829564        0.99086     -0.0444521       0.012028      0.0024465        19.8658        21.0794
           2713      DRIFT_870        2740.57        11.3256        0.66249        43.5231       -2.14213      -0.457213        6.94427      0.0344109      -0.850905       0.963291     -0.0444521      0.0135453      0.0024465        19.8742        21.0818
           2714           SDMI        2741.32        10.4033       0.567204        46.8085       -2.23844      -0.431405        6.62965      0.0344109      -0.876713       0.929952     -0.0444521      0.0153802      0.0024465        19.8852        21.0844
           2715      DRIFT_872        2741.45        10.2569       0.550555        47.3974       -2.25526      -0.426895         6.5707      0.0344109      -0.881223       0.924127     -0.0444521      0.0157008      0.0024465        19.8872        21.0849
           2716             QD        2742.56        10.2223      -0.518386        47.4189        2.23658       0.160122        6.06288     -0.0320445      -0.276013        0.92276      0.0419682      0.0175538    0.000863023        19.9048        21.0885
           2717      DRIFT_873        2743.27        11.0176      -0.606152        44.3191        2.14707       0.137462        5.77049     -0.0320445      -0.253353       0.952438      0.0419682      0.0181641    0.000863023        19.9154         21.091
           2718      DRIFT_873        2743.98        11.9369      -0.693917        41.3458        2.05756       0.114802        5.51015     -0.0320445      -0.230693       0.982115      0.0419682      0.0187744    0.000863023        19.9252        21.0936
           2719      DRIFT_873        2744.68        12.9804      -0.781683        38.4991        1.96805      0.0921415        5.28186     -0.0320445      -0.208033        1.01179      0.0419682      0.0193846    0.000863023        19.9343        21.0964
           2720    YI2_DH12_E1        2744.68        12.9804      -0.781683        38.4991        1.96805      0.0921415        5.28186     -0.0320445      -0.208033        1.01179      0.0419682      0.0193846    0.000863023        19.9343        21.0964
           2721              D        2754.12          38.73       -1.94339        12.6419       0.771943      -0.210905        5.30002     -0.0320204      0.0930404        1.59008      0.0805134      0.0275452    0.000865948        20.0034        21.1668
           2722    YI2_DH12_E2        2754.12          38.73       -1.94339        12.6419       0.771943      -0.210905        5.30002     -0.0320204      0.0930404        1.59008      0.0805134      0.0275452    0.000865948        20.0034        21.1668
           2723      DRIFT_875        2754.74         41.188       -2.01988         11.733       0.693651      -0.230763        5.50084     -0.0320204       0.112899        1.64001      0.0805134      0.0280822    0.000865948        20.0059        21.1749
           2724      DRIFT_875        2755.36        43.7408       -2.09638        10.9211       0.615358      -0.250622        5.72629     -0.0320204       0.132758        1.68994      0.0805134      0.0286193    0.000865948        20.0082        21.1837
           2725           SFMI        2756.11        46.9548       -2.18888        10.0691       0.520679      -0.274638        6.03184     -0.0320204       0.156773        1.75033      0.0805134      0.0292687    0.000865948        20.0108        21.1951
           2726      DRIFT_877        2756.25        47.5306       -2.20504        9.93479       0.504136      -0.278834        6.08893     -0.0320204        0.16097        1.76088      0.0805134      0.0293822    0.000865948        20.0113        21.1971
           2727             QF        2757.36        47.5601        2.17937        9.94729      -0.515782      -0.871911        6.60138      0.0316672      -0.411892        1.75968     -0.0826612      0.0318714     0.00365713        20.0149        21.2153
           2728      DRIFT_878        2758.06        44.5383        2.09388        10.7404      -0.605783      -0.849517        6.91084      0.0316672      -0.434285        1.70122     -0.0826612      0.0344575     0.00365713        20.0174        21.2262
           2729      DRIFT_878        2758.77        41.6374        2.00839        11.6608      -0.695784      -0.827124        7.18864      0.0316672      -0.456679        1.64277     -0.0826612      0.0370436     0.00365713          20.02        21.2362
           2730      DRIFT_878        2759.48        38.8574         1.9229        12.7085      -0.785785      -0.804731        7.43476      0.0316672      -0.479072        1.58432     -0.0826612      0.0396298     0.00365713        20.0228        21.2455
           2731    YI2_DH13_E1        2759.48        38.8574         1.9229        12.7085      -0.785785      -0.804731        7.43476      0.0316672      -0.479072        1.58432     -0.0826612      0.0396298     0.00365713        20.0228        21.2455
           2732              D        2768.92        13.3035       0.782825          38.88       -1.98613      -0.505172        7.67862      0.0317281      -0.779367       0.986647     -0.0439425      0.0741472     0.00365518        20.0909        21.3153
           2733    YI2_DH13_E2        2768.92        13.3035       0.782825          38.88       -1.98613      -0.505172        7.67862      0.0317281      -0.779367       0.986647     -0.0439425      0.0741472     0.00365518        20.0909        21.3153
           2734      DRIFT_880        2769.54        12.3791       0.707637        41.3925       -2.06501      -0.485494        7.49636      0.0317281      -0.799044       0.959395     -0.0439425      0.0764141     0.00365518        20.0986        21.3177
           2735      DRIFT_880        2770.16         11.548       0.632449        44.0029       -2.14388      -0.465817         7.2897      0.0317281      -0.818722       0.932142     -0.0439425       0.078681     0.00365518        20.1069          21.32
           2736           SDPI        2770.91        10.6675       0.541524        47.2902       -2.23927      -0.442021        7.00717      0.0317281      -0.842518       0.899185     -0.0439425      0.0814224     0.00365518        20.1176        21.3227
           2737      DRIFT_882        2771.04        10.5276       0.525637        47.8793       -2.25594      -0.437863        6.95414      0.0317281      -0.846676       0.893426     -0.0439425      0.0819014     0.00365518        20.1196        21.3231
           2738             QD        2772.15         10.573      -0.567944         47.858        2.27445       0.186632        6.49848     -0.0289305       -0.20317       0.890956      0.0394536      0.0816397    -0.00412268        20.1367        21.3267
           2739      DRIFT_883        2772.86        11.4388        -0.6564        44.7058        2.18324       0.166174         6.2373     -0.0289305      -0.182712       0.918856      0.0394536      0.0787243    -0.00412268        20.1469        21.3292
           2740      DRIFT_883        2773.56        12.4297      -0.744856        41.6825        2.09203       0.145716        6.00506     -0.0289305      -0.162254       0.946755      0.0394536       0.075809    -0.00412268        20.1564        21.3318
           2741      DRIFT_883        2774.27        13.5457      -0.833311        38.7883        2.00081       0.125258        5.80174     -0.0289305      -0.141795       0.974655      0.0394536      0.0728937    -0.00412268         20.165        21.3346
           2742    YI2_DH14_E1        2774.27        13.5457      -0.833311        38.7883        2.00081       0.125258        5.80174     -0.0289305      -0.141795       0.974655      0.0394536      0.0728937    -0.00412268         20.165        21.3346
           2743              D        2783.71        40.3641       -2.00523        12.5206       0.782337      -0.148342        5.85519     -0.0289271       0.130022        1.52943      0.0780516      0.0339969    -0.00411814        20.2312         21.405
           2744    YI2_DH14_E2        2783.71        40.3641       -2.00523        12.5206       0.782337      -0.148342        5.85519     -0.0289271       0.130022        1.52943      0.0780516      0.0339969    -0.00411814        20.2312         21.405
           2745      DRIFT_885        2784.33        42.8992       -2.08238        11.5997       0.702486      -0.166282        6.03895     -0.0289271       0.147962        1.57783      0.0780516      0.0314428    -0.00411814        20.2335        21.4132
           2746      DRIFT_885        2784.95          45.53       -2.15952        10.7779       0.622634      -0.184223        6.24497     -0.0289271       0.165902        1.62624      0.0780516      0.0288888    -0.00411814        20.2358        21.4221
           2747           SFPI         2785.7        48.8393       -2.25282        9.91634        0.52607      -0.205918        6.52384     -0.0289271       0.187598        1.68478      0.0780516      0.0258002    -0.00411814        20.2383        21.4336
           2748      DRIFT_887        2785.83        49.4319       -2.26912        9.78067       0.509197      -0.209709         6.5759     -0.0289271       0.191389        1.69501      0.0780516      0.0252605    -0.00411814        20.2387        21.4357
           2749             QF        2786.94        49.4054        2.29217         9.7686      -0.497961      -0.845978        7.04449      0.0296605      -0.424396        1.69441     -0.0791256      0.0219114    -0.00196754        20.2422        21.4542
           2750      DRIFT_888        2787.65        46.2269        2.20266        10.5367      -0.588301      -0.825003        7.32778      0.0296605       -0.44537        1.63845     -0.0791256        0.02052    -0.00196754        20.2446        21.4653
           2751      DRIFT_888        2788.36         43.175        2.11314        11.4327       -0.67864      -0.804029        7.58141      0.0296605      -0.466345         1.5825     -0.0791256      0.0191287    -0.00196754        20.2471        21.4755
           2752      DRIFT_888        2789.06        40.2497        2.02363        12.4563       -0.76898      -0.783055        7.80537      0.0296605      -0.487319        1.52655     -0.0791256      0.0177373    -0.00196754        20.2498         21.485
           2753    YI2_DH15_E1        2789.06        40.2497        2.02363        12.4563       -0.76898      -0.783055        7.80537      0.0296605      -0.487319        1.52655     -0.0791256      0.0177373    -0.00196754        20.2498         21.485
           2754              D         2798.5        13.2993       0.829866        38.3559       -1.97422      -0.502463        7.94503      0.0297329      -0.768842       0.962259     -0.0404055   -0.000838872    -0.00196775        20.3167         21.556
           2755    YI2_DH15_E2         2798.5        13.2993       0.829866        38.3559       -1.97422      -0.502463        7.94503      0.0297329      -0.768842       0.962259     -0.0404055   -0.000838872    -0.00196775        20.3167         21.556
           2756      DRIFT_890        2799.12        12.3188       0.751116        40.8538       -2.05341      -0.484022        7.76839      0.0297329      -0.787282         0.9372     -0.0404055    -0.00205926    -0.00196775        20.3244        21.5585
           2757      DRIFT_890        2799.74        11.4359       0.672367        43.4499        -2.1326      -0.465582        7.56887      0.0297329      -0.805723       0.912141     -0.0404055    -0.00327964    -0.00196775        20.3327        21.5609
           2758           SDMI        2800.49        10.4988       0.577136        46.7206       -2.22836      -0.443283        7.29704      0.0297329      -0.828022       0.881837     -0.0404055    -0.00475545    -0.00196775        20.3436        21.5635
           2759      DRIFT_892        2800.63        10.3497       0.560496        47.3069       -2.24509      -0.439386        7.24611      0.0297329      -0.831919       0.876542     -0.0404055    -0.00501332    -0.00196775        20.3456         21.564
           2760             QD        2801.74        10.3016      -0.515635        47.3154        2.23765       0.213799        6.80996     -0.0270179      -0.158581       0.877232      0.0416612    -0.00689919    -0.00140049        20.3631        21.5676
           2761      DRIFT_893        2802.44        11.0923       -0.60253        44.2142        2.14787       0.194694        6.56014     -0.0270179      -0.139475       0.906693      0.0416612    -0.00788954    -0.00140049        20.3736        21.5701
           2762      DRIFT_893        2803.15        12.0059      -0.689425          41.24         2.0581       0.175588        6.33734     -0.0270179       -0.12037       0.936154      0.0416612    -0.00887989    -0.00140049        20.3834        21.5727
           2763      DRIFT_893        2803.86        13.0424      -0.776321        38.3927        1.96832       0.156483        6.14157     -0.0270179      -0.101264       0.965614      0.0416612    -0.00987023    -0.00140049        20.3924        21.5756
           2764    YI2_DH16_E1        2803.86        13.0424      -0.776321        38.3927        1.96832       0.156483        6.14157     -0.0270179      -0.101264       0.965614      0.0416612    -0.00987023    -0.00140049        20.3924        21.5756
           2765              D         2813.3        38.6068       -1.93003        12.5473       0.769553     -0.0987714        6.11241     -0.0270237       0.152818        1.54145      0.0803121     -0.0230933    -0.00140085        20.4615        21.6463
           2766    YI2_DH16_E2         2813.3        38.6068       -1.93003        12.5473       0.769553     -0.0987714        6.11241     -0.0270237       0.152818        1.54145      0.0803121     -0.0230933    -0.00140085        20.4615        21.6463
           2767      DRIFT_895        2813.92        41.0478       -2.00593        11.6415       0.690852      -0.115531        6.27884     -0.0270237       0.169578        1.59126      0.0803121     -0.0239621    -0.00140085        20.4639        21.6545
           2768      DRIFT_895        2814.54         43.583       -2.08183        10.8334       0.612151      -0.132291        6.46606     -0.0270237       0.186337        1.64107      0.0803121     -0.0248309    -0.00140085        20.4663        21.6633
           2769           SFMI        2815.29        46.7746       -2.17363        9.98657       0.516978      -0.152559        6.72023     -0.0270237       0.206605         1.7013      0.0803121     -0.0258815    -0.00140085        20.4689        21.6748
           2770      DRIFT_897        2815.42        47.3464       -2.18966        9.85325       0.500349        -0.1561        6.76776     -0.0270237       0.210147        1.71183      0.0803121     -0.0260651    -0.00140085        20.4694        21.6769
           2771             QF        2816.53        47.3574        2.18017        9.86776      -0.513863      -0.809389        7.19773      0.0264513      -0.420658        1.71282     -0.0785418     -0.0289886    -0.00391146         20.473        21.6952
           2772      DRIFT_898        2817.24        44.3347        2.09426        10.6586      -0.604448      -0.790684        7.45939      0.0264513      -0.439363        1.65728     -0.0785418     -0.0317546    -0.00391146        20.4755        21.7061
           2773      DRIFT_898        2817.94        41.4336        2.00835        11.5775      -0.695033      -0.771979         7.6946      0.0264513      -0.458068        1.60174     -0.0785418     -0.0345205    -0.00391146        20.4781        21.7163
           2774      DRIFT_898        2818.65        38.6539        1.92245        12.6245      -0.785618      -0.753274        7.90336      0.0264513      -0.476772         1.5462     -0.0785418     -0.0372865    -0.00391146        20.4809        21.7256
           2775    YI2_DH17_E1        2818.65        38.6539        1.92245        12.6245      -0.785618      -0.753274        7.90336      0.0264513      -0.476772         1.5462     -0.0785418     -0.0372865    -0.00391146        20.4809        21.7256
           2776              D        2828.09        13.1493       0.777449        38.8842       -1.99626      -0.503146        8.14523      0.0265977      -0.728874       0.987051     -0.0398949     -0.0742219    -0.00391353        20.5497        21.7956
           2777    YI2_DH17_E2        2828.09        13.1493       0.777449        38.8842       -1.99626      -0.503146        8.14523      0.0265977      -0.728874       0.987051     -0.0398949     -0.0742219    -0.00391353        20.5497        21.7956
           2778      DRIFT_900        2828.71        12.2319       0.701775        41.4097       -2.07577      -0.486651          7.995      0.0265977       -0.74537       0.962308     -0.0398949      -0.076649    -0.00391353        20.5575        21.7981
           2779      DRIFT_900        2829.33        11.4083       0.626102        44.0338       -2.15528      -0.470155        7.82432      0.0265977      -0.761865       0.937565     -0.0398949     -0.0790762    -0.00391353        20.5658        21.8004
           2780           SDPI        2830.08        10.5378       0.534589        47.3388       -2.25144      -0.450207        7.59057      0.0265977      -0.781814       0.907644     -0.0398949     -0.0820113    -0.00391353        20.5767         21.803
           2781      DRIFT_902        2830.21        10.3998       0.518599        47.9311       -2.26824      -0.446721        7.54666      0.0265977      -0.785299       0.902416     -0.0398949     -0.0825242    -0.00391353        20.5787        21.8035
           2782             QD        2831.32        10.4495      -0.564921        47.9293        2.26982       0.236778        7.17214     -0.0235975     -0.0809143       0.905011      0.0446107     -0.0825102     0.00393844         20.596        21.8071
           2783      DRIFT_903        2832.03        11.3116       -0.65419        44.7833        2.17905       0.220091        6.95929     -0.0235975     -0.0642274       0.936557      0.0446107     -0.0797252     0.00393844        20.6063        21.8095
           2784      DRIFT_903        2832.74        12.2999       -0.74346        41.7656        2.08829       0.203404        6.77004     -0.0235975     -0.0475405       0.968103      0.0446107     -0.0769401     0.00393844        20.6159        21.8121
           2785      DRIFT_903        2833.44        13.4145      -0.832729        38.8764        1.99752       0.186717        6.60438     -0.0235975     -0.0308537        0.99965      0.0446107     -0.0741551     0.00393844        20.6246        21.8149
           2786    YI2_DH18_E1        2833.44        13.4145      -0.832729        38.8764        1.99752       0.186717        6.60438     -0.0235975     -0.0308537        0.99965      0.0446107     -0.0741551     0.00393844        20.6246        21.8149
           2787              D        2842.88        40.3108       -2.01357        12.6236       0.784516     -0.0371166        6.65005     -0.0236309       0.190232        1.60271      0.0831184     -0.0370142     0.00393072        20.6912         21.885
           2788    YI2_DH18_E2        2842.88        40.3108       -2.01357        12.6236       0.784516     -0.0371166        6.65005     -0.0236309       0.190232        1.60271      0.0831184     -0.0370142     0.00393072        20.6912         21.885
           2789      DRIFT_905        2843.51        42.8566       -2.09133        11.6997       0.705149     -0.0517724        6.80013     -0.0236309       0.204888        1.65426      0.0831184     -0.0345764     0.00393072        20.6935        21.8931
           2790      DRIFT_905        2844.13        45.4989        -2.1691        10.8743       0.625782     -0.0664281         6.9684     -0.0236309       0.219543        1.70581      0.0831184     -0.0321385     0.00393072        20.6958        21.9019
           2791           SFPI        2844.88        48.8231       -2.26314        10.0076       0.529803     -0.0841513        7.19617     -0.0236309       0.237266        1.76815      0.0831184     -0.0291905     0.00393072        20.6983        21.9133
           2792      DRIFT_907        2845.01        49.4184       -2.27957        9.87095       0.513032     -0.0872482         7.2387     -0.0236309       0.240363        1.77905      0.0831184     -0.0286754     0.00393072        20.6987        21.9154
           2793             QF        2846.12        49.4156        2.28202        9.85842      -0.501359      -0.781567        7.62455      0.0245732      -0.431755        1.77971      -0.081928     -0.0257138     0.00145084        20.7022        21.9337
           2794      DRIFT_908        2846.82        46.2509        2.19319         10.631      -0.591119       -0.76419        7.85963      0.0245732      -0.449132        1.72178      -0.081928     -0.0246878     0.00145084        20.7046        21.9447
           2795      DRIFT_908        2847.53        43.2119        2.10436        11.5304      -0.680879      -0.746813        8.07013      0.0245732      -0.466509        1.66384      -0.081928     -0.0236619     0.00145084        20.7071        21.9549
           2796      DRIFT_908        2848.24        40.2986        2.01552        12.5569      -0.770639      -0.729436        8.25606      0.0245732      -0.483886        1.60591      -0.081928     -0.0226359     0.00145084        20.7098        21.9642
           2797    YI2_DH19_E1        2848.24        40.2986        2.01552        12.5569      -0.770639      -0.729436        8.25606      0.0245732      -0.483886        1.60591      -0.081928     -0.0226359     0.00145084        20.7098        21.9642
           2798              D        2857.68        13.4196       0.830644        38.4082       -1.96722      -0.496807        8.37619        0.02461      -0.717027        1.01526     -0.0431902    -0.00893471     0.00145164        20.7763        22.0349
           2799    YI2_DH19_E2        2857.68        13.4196       0.830644        38.4082       -1.96722      -0.496807        8.37619        0.02461      -0.717027        1.01526     -0.0431902    -0.00893471     0.00145164        20.7763        22.0349
           2800      DRIFT_910         2858.3        12.4378       0.752541        40.8971       -2.04586      -0.481544        8.23015        0.02461       -0.73229       0.988471     -0.0431902    -0.00803442     0.00145164         20.784        22.0374
           2801      DRIFT_910        2858.92        11.5528       0.674439        43.4835        -2.1245      -0.466281        8.06517        0.02461      -0.747553       0.961685     -0.0431902    -0.00713412     0.00145164        20.7922        22.0398
           2802           SDMI        2859.67        10.6119       0.579989        46.7416       -2.21959      -0.447824        7.84037        0.02461      -0.766011       0.929292     -0.0431902    -0.00604539     0.00145164         20.803        22.0424
           2803      DRIFT_912         2859.8        10.4621       0.563486        47.3255       -2.23621      -0.444599        7.79825        0.02461      -0.769236       0.923632     -0.0431902    -0.00585516     0.00145164         20.805        22.0429
           2804             QD        2860.91         10.417      -0.521445         47.316        2.24443       0.263134        7.44049     -0.0215786     -0.0397861       0.923634      0.0431944    -0.00396791     0.00191909        20.8222        22.0465
           2805      DRIFT_913        2861.62        11.2155      -0.607787        44.2056         2.1542       0.247875        7.23708     -0.0215786     -0.0245269       0.954179      0.0431944    -0.00261083     0.00191909        20.8326         22.049
           2806      DRIFT_913        2862.32        12.1362      -0.694129        41.2227        2.06397       0.232616        7.05524     -0.0215786    -0.00926775       0.984724      0.0431944    -0.00125376     0.00191909        20.8423        22.0516
           2807      DRIFT_913        2863.03        13.1789      -0.780471        38.3675        1.97374       0.217357        6.89498     -0.0215786     0.00599143        1.01527      0.0431944    0.000103314     0.00191909        20.8512        22.0545
           2808    YI2_DH20_E1        2863.03        13.1789      -0.780471        38.3675        1.97374       0.217357        6.89498     -0.0215786     0.00599143        1.01527      0.0431944    0.000103314     0.00191909        20.8512        22.0545
           2809              D        2872.47        38.7217       -1.92258        12.4962       0.767892      0.0124564        6.81954     -0.0216283       0.207997        1.60494      0.0816975      0.0182248     0.00192038        20.9198        22.1254
           2810    YI2_DH20_E2        2872.47        38.7217       -1.92258        12.4962       0.767892      0.0124564        6.81954     -0.0216283       0.207997        1.60494      0.0816975      0.0182248     0.00192038        20.9198        22.1254
           2811      DRIFT_915        2873.09        41.1531        -1.9978        11.5926       0.688997    -0.00095732        6.94913     -0.0216283       0.221411        1.65561      0.0816975      0.0194158     0.00192038        20.9223        22.1336
           2812      DRIFT_915        2873.71        43.6778       -2.07302        10.7869       0.610101     -0.0143711        7.09536     -0.0216283       0.234825        1.70628      0.0816975      0.0206069     0.00192038        20.9246        22.1425
           2813           SFMI        2874.46        46.8555       -2.16398        9.94333       0.514692     -0.0305923        7.29442     -0.0216283       0.251046        1.76755      0.0816975      0.0220471     0.00192038        20.9272         22.154
           2814      DRIFT_917        2874.59        47.4248       -2.17987        9.81061       0.498021     -0.0334267         7.3317     -0.0216283       0.253881        1.77826      0.0816975      0.0222988     0.00192038        20.9277        22.1561
           2815             QF         2875.7        47.4085        2.19406        9.82611      -0.512456      -0.735005        7.67275      0.0210139      -0.423562        1.77744     -0.0831624      0.0256144     0.00410441        20.9313        22.1744
           2816      DRIFT_918        2876.41        44.3668        2.10734        10.6151      -0.603321      -0.720145        7.88247      0.0210139      -0.438422        1.71863     -0.0831624      0.0285168     0.00410441        20.9338        22.1855
           2817      DRIFT_918        2877.12        41.4477        2.02062        11.5327      -0.694186      -0.705286        8.07119      0.0210139      -0.453282        1.65982     -0.0831624      0.0314193     0.00410441        20.9364        22.1957
           2818      DRIFT_918        2877.82        38.6513         1.9339        12.5787      -0.785051      -0.690426        8.23888      0.0210139      -0.468142        1.60101     -0.0831624      0.0343217     0.00410441        20.9392         22.205
           2819    YI3_DH20_E1        2877.82        38.6513         1.9339        12.5787      -0.785051      -0.690426        8.23888      0.0210139      -0.468142        1.60101     -0.0831624      0.0343217     0.00410441        20.9392         22.205
           2820              D        2887.27        13.0191       0.778789        38.8837       -2.00237      -0.491953        8.45077      0.0212488      -0.670093       0.997657     -0.0446299       0.073097      0.0041109        21.0083        22.2752
           2821    YI3_DH20_E2        2887.27        13.0191       0.778789        38.8837       -2.00237      -0.491953        8.45077      0.0212488      -0.670093       0.997657     -0.0446299       0.073097      0.0041109        21.0083        22.2752
           2822      DRIFT_920        2887.89        12.1005       0.702259         41.417       -2.08227      -0.478775        8.33211      0.0212488      -0.683272       0.969978     -0.0446299      0.0756465      0.0041109        21.0162        22.2777
           2823      DRIFT_920        2888.51        11.2769       0.625729        44.0494       -2.16217      -0.465596        8.19711      0.0212488       -0.69645       0.942298     -0.0446299      0.0781961      0.0041109        21.0246          22.28
           2824           SDPI        2889.26        10.4077       0.533181        47.3651       -2.25879       -0.44966        8.01202      0.0212488      -0.712387       0.908826     -0.0446299      0.0812792      0.0041109        21.0357        22.2826
           2825      DRIFT_922        2889.39        10.2701        0.51701        47.9593       -2.27567      -0.446875        7.97723      0.0212488      -0.715171       0.902977     -0.0446299       0.081818      0.0041109        21.0377         22.283
           2826             QD         2890.5        10.3106       -0.55473        47.9741        2.26284       0.279771        7.68378     -0.0182974      0.0339321       0.900222       0.039623      0.0820588     -0.0036808        21.0552        22.2867
           2827      DRIFT_923         2891.2        11.1585       -0.64442        44.8376        2.17262       0.266832        7.51908     -0.0182974       0.046871       0.928242       0.039623      0.0794559     -0.0036808        21.0657        22.2891
           2828      DRIFT_923        2891.91        12.1334       -0.73411        41.8286        2.08241       0.253894        7.37269     -0.0182974      0.0598099       0.956261       0.039623      0.0768531     -0.0036808        21.0754        22.2917
           2829      DRIFT_923        2892.62         13.235        -0.8238        38.9473        1.99219       0.240955        7.24459     -0.0182974      0.0727488        0.98428       0.039623      0.0742502     -0.0036808        21.0843        22.2945
           2830    YI3_DH19_E1        2892.62         13.235        -0.8238        38.9473        1.99219       0.240955        7.24459     -0.0182974      0.0727488        0.98428       0.039623      0.0742502     -0.0036808        21.0843        22.2945
           2831              D        2902.06        40.0406       -2.01374        12.7102       0.787368      0.0676956        7.28347     -0.0183362       0.244258        1.54078      0.0782522      0.0395144    -0.00367824        21.1515        22.3642
           2832    YI3_DH19_E2        2902.06        40.0406       -2.01374        12.7102       0.787368      0.0676956        7.28347     -0.0183362       0.244258        1.54078      0.0782522      0.0395144    -0.00367824        21.1515        22.3642
           2833      DRIFT_925        2902.68         42.587       -2.09204        11.7825       0.708323      0.0563236        7.40002     -0.0183362        0.25563        1.58931      0.0782522      0.0372331    -0.00367824        21.1539        22.3723
           2834      DRIFT_925         2903.3        45.2305       -2.17034         10.953       0.629277      0.0449517        7.53068     -0.0183362       0.267002        1.63784      0.0782522      0.0349519    -0.00367824        21.1561         22.381
           2835           SFPI        2904.05         48.557       -2.26503        10.0807       0.533687      0.0311996        7.70754     -0.0183362       0.280754        1.69653      0.0782522      0.0321932    -0.00367824        21.1587        22.3923
           2836      DRIFT_927        2904.18        49.1529       -2.28158        9.94306       0.516985      0.0287966        7.74055     -0.0183362       0.283157        1.70679      0.0782522      0.0317112    -0.00367824        21.1591        22.3944
           2837             QF        2905.29        49.1827        2.25567        9.92785       -0.50282      -0.708415        8.04373      0.0192458       -0.43039        1.70582     -0.0799774      0.0291905   -0.000902083        21.1626        22.4126
           2838      DRIFT_928           2906        46.0544        2.16813        10.7021      -0.592057      -0.694805        8.23071      0.0192458      -0.443999        1.64927     -0.0799774      0.0285526   -0.000902083         21.165        22.4235
           2839      DRIFT_928         2906.7        43.0499         2.0806        11.6025      -0.681294      -0.681196        8.39844      0.0192458      -0.457609        1.59271     -0.0799774      0.0279147   -0.000902083        21.1675        22.4336
           2840      DRIFT_928        2907.41        40.1692        1.99307        12.6292      -0.770531      -0.667586        8.54693      0.0192458      -0.471218        1.53615     -0.0799774      0.0272768   -0.000902083        21.1702        22.4429
           2841    YI3_DH18_E1        2907.41        40.1692        1.99307        12.6292      -0.770531      -0.667586        8.54693      0.0192458      -0.471218        1.53615     -0.0799774      0.0272768   -0.000902083        21.1702        22.4429
           2842              D        2916.85        13.5146       0.827542        38.4625       -1.96717      -0.485969        8.67062      0.0195122      -0.656974        0.96279     -0.0414597      0.0187781   -0.000898574        21.2366        22.5134
           2843    YI3_DH18_E2        2916.85        13.5146       0.827542        38.4625       -1.96717      -0.485969        8.67062      0.0195122      -0.656974        0.96279     -0.0414597      0.0187781   -0.000898574        21.2366        22.5134
           2844      DRIFT_930        2917.47        12.5361       0.750224        40.9512       -2.04569      -0.473868        8.55706      0.0195122      -0.669075       0.937077     -0.0414597      0.0182209   -0.000898574        21.2442        22.5158
           2845      DRIFT_930        2918.09        11.6535       0.672907        43.5373       -2.12421      -0.461766        8.42849      0.0195122      -0.681176       0.911364     -0.0414597      0.0176636   -0.000898574        21.2524        22.5182
           2846           SDMI        2918.84        10.7142       0.579407        46.7949       -2.21917      -0.447132        8.25296      0.0195122       -0.69581       0.880269     -0.0414597      0.0169896   -0.000898574         21.263        22.5208
           2847      DRIFT_932        2918.97        10.5645       0.563069        47.3787       -2.23576      -0.444575        8.22003      0.0195122      -0.698367       0.874836     -0.0414597      0.0168719   -0.000898574         21.265        22.5213
           2848             QD        2920.08        10.5299       -0.53078        47.3628        2.24956       0.306269        7.94365     -0.0159954      0.0751765       0.874214      0.0403302      0.0150161    -0.00241599        21.2821        22.5249
           2849      DRIFT_933        2920.79        11.3414      -0.616856        44.2453        2.15908       0.294958        7.78823     -0.0159954      0.0864876       0.902733      0.0403302      0.0133076    -0.00241599        21.2924        22.5274
           2850      DRIFT_933         2921.5        12.2747      -0.702932        41.2557        2.06859       0.283647        7.64881     -0.0159954      0.0977987       0.931253      0.0403302      0.0115992    -0.00241599        21.3019          22.53
           2851      DRIFT_933        2922.21        13.3297      -0.789008        38.3941        1.97811       0.272336        7.52539     -0.0159954        0.10911       0.959772      0.0403302      0.0098907    -0.00241599        21.3107        22.5329
           2852    YI3_DH17_E1        2922.21        13.3297      -0.789008        38.3941        1.97811       0.272336        7.52539     -0.0159954        0.10911       0.959772      0.0403302      0.0098907    -0.00241599        21.3107        22.5329
           2853              D        2931.65        39.0314       -1.93193        12.4519       0.769946       0.121021        7.40584     -0.0160328       0.259043        1.52312      0.0789986     -0.0129177    -0.00241601        21.3786        22.6039
           2854    YI3_DH17_E2        2931.65        39.0314       -1.93193        12.4519       0.769946       0.121021        7.40584     -0.0160328       0.259043        1.52312      0.0789986     -0.0129177    -0.00241601        21.3786        22.6039
           2855      DRIFT_935        2932.27        41.4743       -2.00712        11.5461       0.690613       0.111078        7.49761     -0.0160328       0.268986        1.57212      0.0789986      -0.014416    -0.00241601        21.3811        22.6121
           2856      DRIFT_935        2932.89        44.0106       -2.08232        10.7387       0.611279       0.101134        7.60171     -0.0160328        0.27893        1.62111      0.0789986     -0.0159144    -0.00241601        21.3834         22.621
           2857           SFMI        2933.64        47.2022       -2.17325        9.89371       0.515341      0.0891096        7.74407     -0.0160328       0.290954        1.68036      0.0789986     -0.0177265    -0.00241601         21.386        22.6326
           2858      DRIFT_937        2933.77        47.7739       -2.18914        9.76084       0.498578      0.0870085         7.7708     -0.0160328       0.293055        1.69071      0.0789986     -0.0180431    -0.00241601        21.3864        22.6347
           2859             QF        2934.88        47.7382        2.22022         9.7715       -0.50851       -0.65193        8.02004      0.0154704      -0.420534         1.6913     -0.0779429     -0.0217001    -0.00422915        21.3901        22.6532
           2860      DRIFT_938        2935.42         45.354         2.1525        10.3643      -0.578738      -0.643495         8.1416      0.0154704      -0.428969         1.6488     -0.0779429      -0.024006    -0.00422915         21.392        22.6618
           2861          QGTJI        2935.42         45.354        2.14342        10.3643      -0.576666      -0.641867         8.1416      0.0152562      -0.427341         1.6488     -0.0776132      -0.024006    -0.00422435         21.392        22.6618
           2862      DRIFT_939        2936.21        42.0522        2.04622        11.3531      -0.677991      -0.629843         8.3012      0.0152562      -0.439364        1.58764     -0.0776132     -0.0273352    -0.00422435        21.3948        22.6734
           2863      DRIFT_939           2937        38.9036        1.94901        12.5016      -0.779316       -0.61782        8.44184      0.0152562      -0.451388        1.52647     -0.0776132     -0.0306644    -0.00422435        21.3979        22.6839
           2864    YI3_DH16_E1           2937        38.9036        1.94901        12.5016      -0.779316       -0.61782        8.44184      0.0152562      -0.451388        1.52647     -0.0776132     -0.0306644    -0.00422435        21.3979        22.6839
           2865              D        2946.44        13.0656       0.786278        38.6813       -1.99399      -0.473455        8.64316      0.0153707      -0.597603       0.976193      -0.038946     -0.0705503    -0.00422563        21.4667        22.7545
           2866    YI3_DH16_E2        2946.44        13.0656       0.786278        38.6813       -1.99399      -0.473455        8.64316      0.0153707      -0.597603       0.976193      -0.038946     -0.0705503    -0.00422563        21.4667        22.7545
           2867      DRIFT_940        2947.06        12.1379       0.709464        41.2041       -2.07377      -0.463922        8.56025      0.0153707      -0.607135       0.952039      -0.038946      -0.073171    -0.00422563        21.4745         22.757
           2868      DRIFT_940        2947.68        11.3056        0.63265        43.8259       -2.15355      -0.454389        8.46552      0.0153707      -0.616668       0.927885      -0.038946     -0.0757917    -0.00422563        21.4829        22.7593
           2869           SDPI        2948.43        10.4263       0.539759        47.1285       -2.25003      -0.442861        8.33516      0.0153707      -0.628196       0.898676      -0.038946     -0.0789609    -0.00422563        21.4939         22.762
           2870      DRIFT_942        2948.56        10.2869       0.523528        47.7205       -2.26689      -0.440847        8.31061      0.0153707      -0.630211       0.893572      -0.038946     -0.0795147    -0.00422563         21.496        22.7624
           2871             QD        2949.67         10.315      -0.549751        47.7374        2.25215       0.321439        8.10787     -0.0123374       0.155724       0.896774      0.0447651     -0.0799971     0.00336395        21.5134         22.766
           2872      DRIFT_943        2950.38        11.1557      -0.639025        44.6159         2.1622       0.312715        7.99685     -0.0123374       0.164448       0.928429      0.0447651     -0.0776183     0.00336395        21.5239        22.7685
           2873      DRIFT_943        2951.09        12.1226      -0.728299        41.6215        2.07225        0.30399        7.89817     -0.0123374       0.173173       0.960085      0.0447651     -0.0752395     0.00336395        21.5336        22.7711
           2874      DRIFT_943        2951.79        13.2157      -0.817573        38.7543         1.9823       0.295266        7.81184     -0.0123374       0.181897        0.99174      0.0447651     -0.0728607     0.00336395        21.5425        22.7739
           2875    YI3_DH15_E1        2951.79        13.2157      -0.817573        38.7543         1.9823       0.295266        7.81184     -0.0123374       0.181897        0.99174      0.0447651     -0.0728607     0.00336395        21.5425        22.7739
           2876              D        2961.23        39.8445         -2.001        12.6747       0.780813       0.177882        7.83766     -0.0124099       0.296949        1.59669      0.0833704     -0.0411242     0.00335982          21.61        22.8439
           2877    YI3_DH15_E2        2961.23        39.8445         -2.001        12.6747       0.780813       0.177882        7.83766     -0.0124099       0.296949        1.59669      0.0833704     -0.0411242     0.00335982          21.61        22.8439
           2878      DRIFT_945        2961.85        42.3748       -2.07889         11.755       0.702049       0.170185        7.91628     -0.0124099       0.304645         1.6484      0.0833704     -0.0390404     0.00335982        21.6124         22.852
           2879      DRIFT_945        2962.47        45.0017       -2.15678         10.933       0.623285       0.162489        8.00444     -0.0124099       0.312342         1.7001      0.0833704     -0.0369567     0.00335982        21.6146        22.8607
           2880           SFPI        2963.22        48.3076       -2.25097        10.0695       0.528036       0.153182        8.12381     -0.0124099       0.321649        1.76263      0.0833704     -0.0344368     0.00335982        21.6172        22.8721
           2881      DRIFT_947        2963.35        48.8997       -2.26743        9.93333       0.511393       0.151555         8.1461     -0.0124099       0.323275        1.77356      0.0833704     -0.0339965     0.00335982        21.6176        22.8742
           2882             QF        2964.46        48.9213        2.24861         9.9304      -0.508666      -0.619612        8.35572      0.0134189      -0.423184        1.77474     -0.0812513      -0.031954     0.00035171        21.6212        22.8923
           2883      DRIFT_948        2965.01         46.506        2.18111        10.5228       -0.57778      -0.612296        8.45883      0.0134189      -0.430501        1.73044     -0.0812513     -0.0317622     0.00035171         21.623        22.9008
           2884          QGTJI        2965.01         46.506        2.17181        10.5228      -0.575675      -0.610604        8.45883      0.0132106      -0.428809        1.73044     -0.0809052     -0.0317622    0.000358063         21.623        22.9008
           2885      DRIFT_949         2965.8        43.1592        2.07493        11.5087      -0.675389      -0.600193        8.59389      0.0132106       -0.43922        1.66668     -0.0809052       -0.03148    0.000358063        21.6258        22.9122
           2886      DRIFT_949        2966.59        39.9651        1.97806        12.6519      -0.775103      -0.589781        8.71255      0.0132106      -0.449632        1.60292     -0.0809052     -0.0311978    0.000358063        21.6288        22.9226
           2887    YI3_DH14_E1        2966.59        39.9651        1.97806        12.6519      -0.775103      -0.589781        8.71255      0.0132106      -0.449632        1.60292     -0.0809052     -0.0311978    0.000358063        21.6288        22.9226
           2888              D        2976.03        13.5301       0.819944        38.5834       -1.97239      -0.464977        8.84632       0.013379      -0.577321        1.02119     -0.0423113     -0.0278289    0.000355686        21.6953        22.9929
           2889    YI3_DH14_E2        2976.03        13.5301       0.819944        38.5834       -1.97239      -0.464977        8.84632       0.013379      -0.577321        1.02119     -0.0423113     -0.0278289    0.000355686        21.6953        22.9929
           2890      DRIFT_950        2976.65        12.5605       0.743288        41.0787         -2.051      -0.456679         8.7715       0.013379      -0.585619       0.994946     -0.0423113     -0.0276083    0.000355686        21.7029        22.9954
           2891      DRIFT_950        2977.27        11.6861       0.666632        43.6715       -2.12961      -0.448382        8.68638       0.013379      -0.593916       0.968705     -0.0423113     -0.0273877    0.000355686        21.7111        22.9977
           2892           SDMI        2978.02        10.7557       0.573933        46.9372       -2.22467      -0.438347        8.56971       0.013379      -0.603951       0.936972     -0.0423113      -0.027121    0.000355686        21.7217        23.0004
           2893      DRIFT_952        2978.15        10.6074       0.557735        47.5225       -2.24128      -0.436594        8.54777       0.013379      -0.605704       0.931427     -0.0423113     -0.0270744    0.000355686        21.7237        23.0008
           2894             QD        2979.26         10.589      -0.540634        47.5022        2.25892        0.34959        8.36841    -0.00941532       0.203938       0.932847       0.044892     -0.0252808     0.00284778        21.7407        23.0045
           2895      DRIFT_953        2979.97        11.4147      -0.626934        44.3717        2.16807       0.342932        8.27012    -0.00941532       0.210596       0.964592       0.044892      -0.023267     0.00284778        21.7509        23.0069
           2896      DRIFT_953        2980.67        12.3624      -0.713234        41.3696        2.07722       0.336274        8.18125    -0.00941532       0.217254       0.996337       0.044892     -0.0212532     0.00284778        21.7604        23.0095
           2897      DRIFT_953        2981.38        13.4321      -0.799533        38.4961        1.98637       0.329616         8.1018    -0.00941532       0.223912        1.02808       0.044892     -0.0192394     0.00284778        21.7691        23.0123
           2898    YI3_DH13_E1        2981.38        13.4321      -0.799533        38.4961        1.98637       0.329616         8.1018    -0.00941532       0.223912        1.02808       0.044892     -0.0192394     0.00284778        21.7691        23.0123
           2899              D        2990.82        39.3879       -1.94923        12.4259       0.774303       0.241468        7.93701    -0.00941009       0.312249        1.63504       0.083684     0.00765001     0.00284831        21.8364        23.0834
           2900    YI3_DH13_E2        2990.82        39.3879       -1.94923        12.4259       0.774303       0.241468        7.93701    -0.00941009       0.312249        1.63504       0.083684     0.00765001     0.00284831        21.8364        23.0834
           2901      DRIFT_955        2991.44        41.8525       -2.02481         11.515       0.694468       0.235632        7.98452    -0.00941009       0.318085        1.68694       0.083684     0.00941652     0.00284831        21.8389        23.0916
           2902      DRIFT_955        2992.06        44.4109       -2.10038        10.7031       0.614632       0.229796        8.03928    -0.00941009       0.323921        1.73884       0.083684       0.011183     0.00284831        21.8411        23.1005
           2903           SFMI        2992.81          47.63       -2.19177        9.85357       0.518088       0.222738        8.11517    -0.00941009       0.330979         1.8016       0.083684      0.0133193     0.00284831        21.8437        23.1122
           2904      DRIFT_957        2992.94        48.2066       -2.20774        9.71999       0.501218       0.221505        8.12951    -0.00941009       0.332212        1.81257       0.083684      0.0136925     0.00284831        21.8442        23.1143
           2905             QF        2994.05        48.1684        2.24096         9.7209      -0.502067      -0.545793        8.27074     0.00882858      -0.408772        1.81212     -0.0844843      0.0176134     0.00427625        21.8478        23.1328
           2906      DRIFT_958         2994.6        45.7618        2.17279        10.3067      -0.572296      -0.540979        8.34282     0.00882858      -0.413586        1.76605     -0.0844843       0.019945     0.00427625        21.8496        23.1415
           2907          QGTJI         2994.6        45.7618        2.16364        10.3067      -0.570235      -0.539311        8.34282       0.008638      -0.411917        1.76605     -0.0841311       0.019945     0.00427226        21.8496        23.1415
           2908      DRIFT_959        2995.39        42.4286         2.0658        11.2854      -0.671562      -0.532503        8.43786       0.008638      -0.418725        1.69975     -0.0841311      0.0233119     0.00427226        21.8525        23.1531
           2909      DRIFT_959        2996.17        39.2496        1.96796        12.4237       -0.77289      -0.525696        8.52216       0.008638      -0.425532        1.63345     -0.0841311      0.0266789     0.00427226        21.8555        23.1637
           2910    YI3_DH12_E1        2996.17        39.2496        1.96796        12.4237       -0.77289      -0.525696        8.52216       0.008638      -0.425532        1.63345     -0.0841311      0.0266789     0.00427226        21.8555        23.1637
           2911              D        3005.61        13.0986       0.799112        38.5205       -1.99298      -0.444536        8.68378     0.00888835      -0.511253        1.02064     -0.0456561      0.0670461     0.00428074        21.9239        23.2348
           2912    YI3_DH12_E2        3005.61        13.0986       0.799112        38.5205       -1.99298      -0.444536        8.68378     0.00888835      -0.511253        1.02064     -0.0456561      0.0670461     0.00428074        21.9239        23.2348
           2913      DRIFT_960        3006.23        12.1555       0.721528        41.0422       -2.07303      -0.439023        8.63898     0.00888835      -0.516766       0.992328     -0.0456561      0.0697009     0.00428074        21.9317        23.2373
           2914      DRIFT_960        3006.85        11.3087       0.643945        43.6632       -2.15308      -0.433511        8.58735     0.00888835      -0.522278       0.964013     -0.0456561      0.0723558     0.00428074        21.9401        23.2396
           2915           SDPI         3007.6        10.4131       0.550123        46.9655       -2.24989      -0.426845        8.51577     0.00888835      -0.528945       0.929771     -0.0456561      0.0755664     0.00428074        21.9511        23.2422
           2916      DRIFT_962        3007.74        10.2711       0.533729        47.5574        -2.2668       -0.42568        8.50224     0.00888835      -0.530109       0.923787     -0.0456561      0.0761274     0.00428074        21.9531        23.2427
           2917             QD        3008.85         10.275      -0.537431        47.5901        2.23838       0.358991        8.39691    -0.00594126       0.279109       0.921016      0.0406199      0.0768448    -0.00299929        21.9707        23.2463
           2918      DRIFT_963        3009.55        11.0978      -0.626131        44.4875        2.14907        0.35479        8.34339    -0.00594126       0.283311        0.94974      0.0406199      0.0747239    -0.00299929        21.9812        23.2488
           2919      DRIFT_963        3010.26        12.0461       -0.71483        41.5112        2.05976       0.350589        8.29581    -0.00594126       0.287512       0.978465      0.0406199       0.072603    -0.00299929        21.9909        23.2514
           2920      DRIFT_963        3010.97        13.1198       -0.80353        38.6613        1.97045       0.346387        8.25418    -0.00594126       0.291713        1.00719      0.0406199       0.070482    -0.00299929        21.9999        23.2542
           2921    YI3_DH11_E1        3010.97        13.1198       -0.80353        38.6613        1.97045       0.346387        8.25418    -0.00594126       0.291713        1.00719      0.0406199       0.070482    -0.00299929        21.9999        23.2542
           2922              D        3020.41        39.4215       -1.98077        12.7183       0.777852       0.289671        8.26359    -0.00601383       0.346566        1.57316      0.0792635      0.0421765    -0.00299738         22.068        23.3242
           2923    YI3_DH11_E2        3020.41        39.4215       -1.98077        12.7183       0.777852       0.289671        8.26359    -0.00601383       0.346566        1.57316      0.0792635      0.0421765    -0.00299738         22.068        23.3242
           2924      DRIFT_965        3021.03        41.9264       -2.05823         11.802       0.699583       0.285941        8.30119    -0.00601383       0.350296        1.62232      0.0792635      0.0403176    -0.00299738        22.0704        23.3322
           2925      DRIFT_965        3021.65        44.5275       -2.13568        10.9828       0.621314       0.282212        8.34341    -0.00601383       0.354026        1.67148      0.0792635      0.0384586    -0.00299738        22.0727        23.3409
           2926           SFPI         3022.4        47.8013       -2.22935        10.1218       0.526664       0.277701        8.40066    -0.00601383       0.358536        1.73093      0.0792635      0.0362106    -0.00299738        22.0753        23.3522
           2927      DRIFT_967        3022.53        48.3877       -2.24572        9.98591       0.510125       0.276913        8.41135    -0.00601383       0.359324        1.74132      0.0792635      0.0358178    -0.00299738        22.0757        23.3543
           2928             QF        3023.64        48.4142         2.2227         9.9905      -0.514404      -0.514359        8.51963     0.00692284      -0.406459        1.73966     -0.0822306      0.0342782    0.000199731        22.0793        23.3724
           2929      DRIFT_968        3024.18        46.0268        2.15579        10.5891      -0.583423      -0.510585         8.5764     0.00692284      -0.410234        1.69482     -0.0822306      0.0343871    0.000199731        22.0812        23.3808
           2930          QGTJI        3024.18        46.0268        2.14659        10.5891      -0.581305      -0.508869         8.5764     0.00673902      -0.408519        1.69482     -0.0818917      0.0343871    0.000192853        22.0812        23.3808
           2931      DRIFT_969        3024.97        42.7191        2.05057        11.5838      -0.680879      -0.503558         8.6513     0.00673902       -0.41383        1.63028     -0.0818917      0.0345391    0.000192853         22.084        23.3921
           2932      DRIFT_969        3025.76        39.5626        1.95455        12.7355      -0.780453      -0.498247        8.71783     0.00673902      -0.419141        1.56574     -0.0818917      0.0346911    0.000192853        22.0871        23.4025
           2933    YI3_DH10_E1        3025.76        39.5626        1.95455        12.7355      -0.780453      -0.498247        8.71783     0.00673902      -0.419141        1.56574     -0.0818917      0.0346911    0.000192853        22.0871        23.4025
           2934              D         3035.2        13.4686       0.807046        38.7615       -1.97736      -0.434798        8.85183     0.00692142      -0.486095       0.974509     -0.0433338      0.0365312    0.000197021        22.1541        23.4723
           2935    YI3_DH10_E2         3035.2        13.4686       0.807046        38.7615       -1.97736      -0.434798        8.85183     0.00692142      -0.486095       0.974509     -0.0433338      0.0365312    0.000197021        22.1541        23.4723
           2936      DRIFT_970        3035.82        12.5147       0.731007        41.2629       -2.05592      -0.430506        8.81735     0.00692142      -0.490388       0.947633     -0.0433338      0.0366534    0.000197021        22.1617        23.4748
           2937      DRIFT_970        3036.44        11.6551       0.654968        43.8618       -2.13448      -0.426213        8.77755     0.00692142       -0.49468       0.920758     -0.0433338      0.0367756    0.000197021        22.1699        23.4771
           2938           SDMI        3037.19        10.7417       0.563014        47.1347       -2.22949      -0.421022        8.72231     0.00692142      -0.499871       0.888258     -0.0433338      0.0369234    0.000197021        22.1805        23.4797
           2939      DRIFT_972        3037.32        10.5962       0.546946        47.7213       -2.24609      -0.420115        8.71186     0.00692142      -0.500778       0.882579     -0.0433338      0.0369492    0.000197021        22.1825        23.4802
           2940             QD        3038.43        10.6005      -0.550979         47.693        2.27066       0.385755        8.63358    -0.00268713        0.32893       0.880242      0.0390867      0.0352466    -0.00323791        22.1995        23.4838
           2941      DRIFT_973        3039.14        11.4425      -0.638054        44.5421        2.17926       0.383852        8.59469    -0.00268713       0.330833       0.907919      0.0390867      0.0329539    -0.00323791        22.2097        23.4863
           2942      DRIFT_973        3039.85        12.4077      -0.725129        41.5206        2.08787        0.38195         8.5585    -0.00268713       0.332736       0.935595      0.0390867      0.0306612    -0.00323791        22.2192        23.4889
           2943      DRIFT_973        3040.56        13.4963      -0.812204        38.6286        1.99647       0.380047          8.525    -0.00268713       0.334638       0.963272      0.0390867      0.0283685    -0.00323791        22.2279        23.4917
           2944     YI3_DH9_E1        3040.56        13.4963      -0.812204        38.6286        1.99647       0.380047          8.525    -0.00268713       0.334638       0.963272      0.0390867      0.0283685    -0.00323791        22.2279        23.4917
           2945             DS        3043.51        19.3545       -1.17394        27.9745        1.61578       0.372093        8.41386    -0.00270628       0.342161        1.09655      0.0512908      0.0188185    -0.00323791        22.2571         23.506
           2946     YI3_DH9_E2        3043.51        19.3545       -1.17394        27.9745        1.61578       0.372093        8.41386    -0.00270628       0.342161        1.09655      0.0512908      0.0188185    -0.00323791        22.2571         23.506
           2947      DRIFT_975        3044.47        21.7414       -1.29283        24.9684        1.49089       0.369474        8.38744    -0.00270628        0.34478        1.14618      0.0512908      0.0156855    -0.00323791        22.2646        23.5118
           2948      DRIFT_975        3045.44        24.3583       -1.41172        22.2041          1.366       0.366856        8.36607    -0.00270628       0.347398        1.19581      0.0512908      0.0125525    -0.00323791        22.2713        23.5184
           2949      DRIFT_975        3046.41        27.2053       -1.53061        19.6815        1.24111       0.364237        8.34978    -0.00270628       0.350017        1.24544      0.0512908     0.00941949    -0.00323791        22.2773        23.5257
           2950      DRIFT_975        3047.38        30.2824        -1.6495        17.4005        1.11621       0.361619        8.33856    -0.00270628       0.352636        1.29507      0.0512908     0.00628647    -0.00323791        22.2827        23.5341
           2951      DRIFT_975        3048.34        33.5896       -1.76839        15.3612       0.991322          0.359         8.3324    -0.00270628       0.355254         1.3447      0.0512908     0.00315345    -0.00323791        22.2875        23.5435
           2952      DRIFT_975        3049.31        37.1269       -1.88728        13.5637        0.86643       0.356381        8.33131    -0.00270628       0.357873        1.39433      0.0512908    2.04317e-05    -0.00323791        22.2919        23.5542
           2953      DRIFT_975        3050.28        40.8942       -2.00618        12.0078       0.741539       0.353763        8.33528    -0.00270628       0.360491        1.44396      0.0512908    -0.00311259    -0.00323791        22.2958        23.5662
           2954      DRIFT_975        3051.25        44.8916       -2.12507        10.6936       0.616647       0.351144        8.34433    -0.00270628        0.36311        1.49359      0.0512908     -0.0062456    -0.00323791        22.2994        23.5798
           2955           SFMI           3052        48.1483       -2.21722        9.84122       0.519842       0.349114        8.35483    -0.00270628        0.36514        1.53206      0.0512908    -0.00867403    -0.00323791         22.302        23.5915
           2956      DRIFT_977        3052.13        48.7316       -2.23332        9.70719       0.502927        0.34876        8.35697    -0.00270628       0.365494        1.53878      0.0512908    -0.00909836    -0.00323791        22.3024        23.5936
           2957           QFA4        3053.24        48.8106        2.16448        9.68039      -0.477985      -0.417256        8.39138    0.000673746      -0.373247        1.51865     -0.0872594     -0.0132101    -0.00423217         22.306        23.6122
           2958      DRIFT_978        3053.95        45.8077        2.08212        10.4199      -0.567724       -0.41678        8.42216    0.000673746      -0.373724        1.45694     -0.0872594     -0.0162029    -0.00423217        22.3083        23.6234
           2959      DRIFT_978        3054.65        42.9212        1.99976        11.2862      -0.657463      -0.416303        8.45227    0.000673746        -0.3742        1.39524     -0.0872594     -0.0191956    -0.00423217        22.3109        23.6338
           2960      DRIFT_978        3055.36        40.1512         1.9174        12.2795      -0.747201      -0.415827        8.48171    0.000673746      -0.374677        1.33353     -0.0872594     -0.0221884    -0.00423217        22.3136        23.6434
           2961     YI3_DH8_E1        3055.36        40.1512         1.9174        12.2795      -0.747201      -0.415827        8.48171    0.000673746      -0.374677        1.33353     -0.0872594     -0.0221884    -0.00423217        22.3136        23.6434
           2962              D         3064.8        14.2993        0.81958         37.698       -1.94525      -0.409154        8.80167     0.00073981      -0.382736        0.69246     -0.0485347     -0.0621428    -0.00423217         22.378        23.7157
           2963     YI3_DH8_E2         3064.8        14.2993        0.81958         37.698       -1.94525      -0.409154        8.80167     0.00073981      -0.382736        0.69246     -0.0485347     -0.0621428    -0.00423217         22.378        23.7157
           2964      DRIFT_980        3065.51        13.1987       0.736909        40.5126       -2.03499       -0.40863        8.81998     0.00073981      -0.383259       0.658139     -0.0485347     -0.0651356    -0.00423217        22.3862        23.7185
           2965      DRIFT_980        3066.21        12.2149       0.654237        43.4542       -2.12473      -0.408107        8.83756     0.00073981      -0.383782       0.623817     -0.0485347     -0.0681283    -0.00423217        22.3951        23.7212
           2966      DRIFT_980        3066.92        11.3481       0.571566        46.5226       -2.21447      -0.407584        8.85439     0.00073981      -0.384305       0.589496     -0.0485347     -0.0711211    -0.00423217        22.4047        23.7237
           2967           QDA4        3068.03        11.3273      -0.552249        46.7183        2.04414        0.38839        8.89384     0.00215099       0.435687        0.56476     0.00359026     -0.0721752      0.0023489        22.4205        23.7275
           2968      DRIFT_982        3069.01        12.5186      -0.664996        42.8235        1.93566       0.390496        8.93807     0.00215099       0.433582       0.568274     0.00359026     -0.0698764      0.0023489        22.4336        23.7309
           2969      DRIFT_982        3069.99        13.9305      -0.777743        39.1409        1.82718       0.392601        8.97818     0.00215099       0.431477       0.571788     0.00359026     -0.0675777      0.0023489        22.4454        23.7347
           2970      DRIFT_982        3070.97        15.5632       -0.89049        35.6707         1.7187       0.394706        9.01416     0.00215099       0.429372       0.575301     0.00359026     -0.0652789      0.0023489         22.456        23.7389
           2971      DRIFT_982        3071.95        17.4165       -1.00324        32.4129        1.61022       0.396811        9.04603     0.00215099       0.427267       0.578815     0.00359026     -0.0629801      0.0023489        22.4655        23.7435
           2972      DRIFT_982        3072.92        19.4905       -1.11598        29.3673        1.50174       0.398916        9.07378     0.00215099       0.425161       0.582328     0.00359026     -0.0606814      0.0023489        22.4739        23.7485
           2973      DRIFT_982         3073.9        21.7851       -1.22873        26.5341        1.39326       0.401021         9.0974     0.00215099       0.423056       0.585842     0.00359026     -0.0583826      0.0023489        22.4815        23.7541
           2974      DRIFT_982        3074.88        24.3005       -1.34148        23.9132        1.28478       0.403126        9.11691     0.00215099       0.420951       0.589356     0.00359026     -0.0560839      0.0023489        22.4883        23.7603
           2975      DRIFT_982        3075.86        27.0365       -1.45423        21.5047         1.1763       0.405231        9.13229     0.00215099       0.418846       0.592869     0.00359026     -0.0537851      0.0023489        22.4944        23.7672
           2976      DRIFT_982        3076.84        29.9932       -1.56697        19.3084        1.06783       0.407336        9.14355     0.00215099       0.416741       0.596383     0.00359026     -0.0514863      0.0023489        22.4998        23.7748
           2977      DRIFT_982        3077.82        33.1706       -1.67972        17.3245       0.959346       0.409441         9.1507     0.00215099       0.414636       0.599897     0.00359026     -0.0491876      0.0023489        22.5048        23.7833
           2978      DRIFT_982         3078.8        36.5687       -1.79247         15.553       0.850866       0.411546        9.15372     0.00215099       0.412531        0.60341     0.00359026     -0.0468888      0.0023489        22.5092        23.7928
           2979      DRIFT_982        3079.78        40.1874       -1.90521        13.9937       0.742387       0.413651        9.15263     0.00215099       0.410426       0.606924     0.00359026     -0.0445901      0.0023489        22.5133        23.8034
           2980      DRIFT_982        3080.75        44.0269       -2.01796        12.6468       0.633908       0.415756        9.14741     0.00215099       0.408321       0.610437     0.00359026     -0.0422913      0.0023489         22.517        23.8151
           2981      DRIFT_982        3081.73         48.087       -2.13071        11.5122       0.525428       0.417862        9.13807     0.00215099       0.406216       0.613951     0.00359026     -0.0399925      0.0023489        22.5204         23.828
           2982           Q7I4        3082.66        48.3573        1.84749        11.4872       -0.49785      -0.344953        9.13601    -0.00374489      -0.335909       0.593887      -0.046475     -0.0393219   -0.000897011        22.5234        23.8411
           2983      DRIFT_986        3083.21        46.3692        1.79771        12.0625      -0.557095      -0.346995        9.14206    -0.00374489      -0.333866       0.568541      -0.046475     -0.0398111   -0.000897011        22.5253        23.8485
           2984          QGTTI        3083.21        46.3692        1.80699        12.0625      -0.559507      -0.348824        9.14206    -0.00360835      -0.335695       0.568541     -0.0465887     -0.0398111   -0.000904973        22.5253        23.8485
           2985      DRIFT_987           3084        43.5734        1.73437        13.0139      -0.645447      -0.351673        9.15467    -0.00360835      -0.332846       0.531759     -0.0465887     -0.0405256   -0.000904973         22.528        23.8585
           2986      DRIFT_987        3084.79        40.8921        1.66175        14.1009      -0.731386      -0.354521        9.17179    -0.00360835      -0.329997       0.494977     -0.0465887       -0.04124   -0.000904973         22.531        23.8678
           2987     YI3_DH6_E1        3084.79        40.8921        1.66175        14.1009      -0.731386      -0.354521        9.17179    -0.00360835      -0.329997       0.494977     -0.0465887       -0.04124   -0.000904973         22.531        23.8678
           2988             DS        3087.74        31.8847        1.39205        19.3621       -1.05244      -0.365137        9.27477    -0.00359012      -0.319848       0.375558      -0.034388     -0.0439092   -0.000904973         22.544        23.8963
           2989     YI3_DH6_E2        3087.74        31.8847        1.39205        19.3621       -1.05244      -0.365137        9.27477    -0.00359012      -0.319848       0.375558      -0.034388     -0.0439092   -0.000904973         22.544        23.8963
           2990      DRIFT_988        3088.69        29.3022        1.30378        21.4785       -1.15672      -0.368576        9.32145    -0.00359012      -0.316409       0.342615      -0.034388     -0.0447761   -0.000904973         22.549        23.9038
           2991      DRIFT_988        3089.65        26.8887        1.21551        23.7946         -1.261      -0.372016        9.37472    -0.00359012       -0.31297       0.309671      -0.034388     -0.0456431   -0.000904973        22.5545        23.9106
           2992      DRIFT_988        3090.61        24.6444        1.12725        26.3106       -1.36528      -0.375455        9.43458    -0.00359012       -0.30953       0.276728      -0.034388       -0.04651   -0.000904973        22.5604        23.9167
           2993      DRIFT_988        3091.57        22.5691        1.03898        29.0263       -1.46956      -0.378894        9.50103    -0.00359012      -0.306091       0.243785      -0.034388      -0.047377   -0.000904973        22.5669        23.9222
           2994      DRIFT_988        3092.53         20.663       0.950712        31.9419       -1.57384      -0.382334        9.57407    -0.00359012      -0.302652       0.210841      -0.034388     -0.0482439   -0.000904973        22.5739        23.9272
           2995      DRIFT_988        3093.48        18.9261       0.862445        35.0572       -1.67812      -0.385773         9.6537    -0.00359012      -0.299212       0.177898      -0.034388     -0.0491109   -0.000904973        22.5816        23.9317
           2996      DRIFT_988        3094.44        17.3582       0.774178        38.3724        -1.7824      -0.389212        9.73992    -0.00359012      -0.295773       0.144955      -0.034388     -0.0499779   -0.000904973          22.59        23.9359
           2997      DRIFT_988         3095.4        15.9594        0.68591        41.8873       -1.88668      -0.392652        9.83273    -0.00359012      -0.292334       0.112011      -0.034388     -0.0508448   -0.000904973        22.5992        23.9397
           2998      DRIFT_988        3096.36        14.7298       0.597643        45.6021       -1.99096      -0.396091        9.93213    -0.00359012      -0.288895      0.0790681      -0.034388     -0.0517118   -0.000904973        22.6092        23.9432
           2999           Q6I4        3097.47        15.0942      -0.937819        45.0225         2.4939       0.584254        10.0634      0.0258821       0.702688      0.0445651     -0.0283458      -0.049893     0.00415216        22.6212         23.947
           3000      DRIFT_990         3097.6        15.3421      -0.954137        44.3716        2.47288       0.587646        10.0785      0.0258821       0.699296      0.0408504     -0.0283458     -0.0493488     0.00415216        22.6226        23.9475
           3001          Q6IT4        3098.35        16.9438       -1.18573        40.4957        2.68449       0.693962        10.1456      0.0370918       0.758551      0.0196947     -0.0280981     -0.0460865      0.0045429          22.63        23.9503
           3002      DRIFT_991        3099.18        19.0221       -1.30425        36.1555        2.51534       0.724921        10.1737      0.0370918       0.727591     -0.0037578     -0.0280981     -0.0422947      0.0045429        22.6374        23.9538
           3003      DRIFT_991        3100.02        21.2982       -1.42277        32.0978        2.34619        0.75588        10.1501      0.0370918       0.696632     -0.0272103     -0.0280981     -0.0385029      0.0045429         22.644        23.9577
           3004      DRIFT_991        3100.85        23.7722       -1.54129        28.3224        2.17705        0.78684        10.0748      0.0370918       0.665673     -0.0506628     -0.0280981     -0.0347111      0.0045429        22.6499        23.9621
           3005     YI3_DH5_E1        3100.85        23.7722       -1.54129        28.3224        2.17705        0.78684        10.0748      0.0370918       0.665673     -0.0506628     -0.0280981     -0.0347111      0.0045429        22.6499        23.9621
           3006            D5I        3107.77        51.8504       -2.51751        7.90242       0.775519        1.04301        7.46038      0.0369844       0.408436      -0.146399    0.000414669    -0.00329242      0.0045429        22.6815        24.0386
           3007     YI3_DH5_E2        3107.77        51.8504       -2.51751        7.90242       0.775519        1.04301        7.46038      0.0369844       0.408436      -0.146399    0.000414669    -0.00329242      0.0045429        22.6815        24.0386
           3008      DRIFT_993        3108.72        56.7433       -2.65147         6.6158        0.58369        1.07802        6.82655      0.0369844       0.373426      -0.146006    0.000414669     0.00100788      0.0045429        22.6843        24.0595
           3009      DRIFT_993        3109.66        61.8899       -2.78543        5.69234       0.391862        1.11303        6.12644      0.0369844       0.338417      -0.145614    0.000414669     0.00530818      0.0045429        22.6868        24.0841
           3010      DRIFT_993        3110.61        67.2901       -2.91939        5.13205       0.200033        1.14804        5.36005      0.0369844       0.303408      -0.145221    0.000414669     0.00960848      0.0045429        22.6891        24.1121
           3011          QGTTI        3110.61        67.2901       -2.90593        5.13205       0.199006        1.14697        5.36005      0.0366943       0.302336      -0.145221    0.000443713     0.00960848     0.00454482        22.6891        24.1121
           3012      DRIFT_994        3111.15        70.5007       -2.98246        4.97526      0.0885548        1.16698        4.88861      0.0366943       0.282328      -0.144979    0.000443713      0.0120865     0.00454482        22.6904        24.1293
           3013           Q5I4        3112.26        69.3783        3.95654        5.58744      -0.660039       0.711773        3.91076     -0.0618778      -0.129118      -0.136635      0.0144535      0.0178912      0.0060092        22.6929        24.1637
           3014      DRIFT_995         3112.4        68.3454        3.92508        5.76485      -0.693712       0.703664        3.80162     -0.0618778      -0.121009      -0.134741      0.0144535      0.0186787      0.0060092        22.6932        24.1674
           3015          Q5IT4        3113.15         62.163        4.29974        6.99352      -0.948163       0.624159        3.21887     -0.0667832      -0.103948      -0.123463      0.0156044      0.0232531      0.0061959         22.695        24.1863
           3016      DRIFT_996           3114        55.0289        4.03128        8.81652       -1.18069       0.566971        2.64434     -0.0667832       -0.04676        -0.1101      0.0156044      0.0285588      0.0061959        22.6973        24.2037
           3017      DRIFT_996        3114.86        48.3545        3.76283        11.0378       -1.41322       0.509782        2.16776     -0.0667832      0.0104284     -0.0967378      0.0156044      0.0338645      0.0061959           22.7        24.2175
           3018      DRIFT_996        3115.71          42.14        3.49438        13.6572       -1.64574       0.452594        1.78912     -0.0667832      0.0676168     -0.0833753      0.0156044      0.0391703      0.0061959         22.703        24.2286
           3019      DRIFT_996        3116.57        36.3852        3.22592         16.675       -1.87827       0.395405        1.50842     -0.0667832       0.124805     -0.0700128      0.0156044       0.044476      0.0061959        22.7065        24.2376
           3020      DRIFT_996        3117.43        31.0902        2.95747        20.0909        -2.1108       0.338217        1.32567     -0.0667832       0.181994     -0.0566503      0.0156044      0.0497817      0.0061959        22.7105        24.2451
           3021      DRIFT_996        3118.28        26.2549        2.68901        23.9051       -2.34332       0.281029        1.24087     -0.0667832       0.239182     -0.0432878      0.0156044      0.0550874      0.0061959        22.7153        24.2513
           3022           Q4I4         3120.1        24.0968       -1.38389        25.2974        1.65147       0.457712        1.27459      0.0497446       0.466429     -0.0201082      0.0106023      0.0579021    -0.00316533        22.7274        24.2625
           3023      DRIFT_999        3120.23        24.4589       -1.39963        24.8702        1.63231       0.464182        1.27488      0.0497446       0.459958     -0.0187291      0.0106023      0.0574904    -0.00316533        22.7282        24.2633
           3024          Q4IT4        3120.98        26.4997       -1.31702        22.6189        1.37438       0.490976        1.24486      0.0437585       0.416638     -0.0107379      0.0106987      0.0552554    -0.00279702        22.7329        24.2683
           3025     DRIFT_1000        3121.96        29.2066       -1.41911        20.0244        1.24802       0.534268        1.12848      0.0437585       0.373346   -0.000153324      0.0106987      0.0524882    -0.00279702        22.7386        24.2757
           3026     DRIFT_1000        3122.95        32.1156        -1.5212          17.68        1.12166        0.57756       0.926449      0.0437585       0.330054      0.0104313      0.0106987       0.049721    -0.00279702        22.7437        24.2841
           3027     DRIFT_1000        3123.94        35.2266       -1.62329        15.5856       0.995302       0.620852       0.638752      0.0437585       0.286762      0.0210158      0.0106987      0.0469538    -0.00279702        22.7484        24.2936
           3028     DRIFT_1000        3124.93        38.5395       -1.72538        13.7413       0.868942       0.664143       0.265396      0.0437585       0.243471      0.0316004      0.0106987      0.0441866    -0.00279702        22.7526        24.3044
           3029     DRIFT_1000        3125.92        42.0545       -1.82747        12.1469       0.742583       0.707435      -0.193621      0.0437585       0.200179       0.042185      0.0106987      0.0414194    -0.00279702        22.7566        24.3166
           3030     DRIFT_1000        3126.91        45.7714       -1.92956        10.8026       0.616223       0.750727      -0.738298      0.0437585       0.156887      0.0527696      0.0106987      0.0386522    -0.00279702        22.7601        24.3303
           3031     DRIFT_1000         3127.9        49.6904       -2.03165        9.70833       0.489863       0.794019       -1.36864      0.0437585       0.113595      0.0633542      0.0106987       0.035885    -0.00279702        22.7635        24.3457
           3032     DRIFT_1000        3128.89        53.8114       -2.13374        8.86406       0.363503       0.837311       -2.08463      0.0437585      0.0703031      0.0739388      0.0106987      0.0331179    -0.00279702        22.7665        24.3627
           3033     DRIFT_1000        3129.88        58.1344       -2.23583        8.26982       0.237143       0.880603       -2.88629      0.0437585      0.0270113      0.0845234      0.0106987      0.0303507    -0.00279702        22.7693        24.3812
           3034     DRIFT_1000        3130.87        62.6593       -2.33792         7.9256       0.110783       0.923895       -3.77361      0.0437585     -0.0162806      0.0951079      0.0106987      0.0275835    -0.00279702        22.7719        24.4007
           3035     DRIFT_1000        3131.86        67.3863       -2.44001        7.83141     -0.0155764       0.967186       -4.74659      0.0437585     -0.0595724       0.105693      0.0106987      0.0248163    -0.00279702        22.7743        24.4207
           3036     DRIFT_1000        3132.85        72.3153       -2.54211        7.98725      -0.141936        1.01048       -5.80523      0.0437585      -0.102864       0.116277      0.0106987      0.0220491    -0.00279702        22.7766        24.4407
           3037     DRIFT_1000        3133.84        77.4463        -2.6442         8.3931      -0.268296        1.05377       -6.94953      0.0437585      -0.146156       0.126862      0.0106987      0.0192819    -0.00279702        22.7787        24.4599
           3038     DRIFT_1000        3134.83        82.7793       -2.74629        9.04899      -0.394656        1.09706       -8.17949      0.0437585      -0.189448       0.137446      0.0106987      0.0165147    -0.00279702        22.7807        24.4781
           3039     DRIFT_1000        3135.82        88.3143       -2.84838        9.95489      -0.521016        1.14035       -9.49511      0.0437585       -0.23274       0.148031      0.0106987      0.0137475    -0.00279702        22.7825        24.4947
           3040     DRIFT_1000         3136.8        94.0513       -2.95047        11.1108      -0.647375        1.18365       -10.8964      0.0437585      -0.276032       0.158615      0.0106987      0.0109803    -0.00279702        22.7842        24.5097
           3041     DRIFT_1000        3137.79        99.9903       -3.05256        12.5168      -0.773735        1.22694       -12.3833      0.0437585      -0.319324         0.1692      0.0106987     0.00821312    -0.00279702        22.7859         24.523
           3042     DRIFT_1000        3138.78        106.131       -3.15465        14.1728      -0.900095        1.27023       -13.9559      0.0437585      -0.362615       0.179785      0.0106987     0.00544593    -0.00279702        22.7874        24.5349
           3043     DRIFT_1000        3139.77        112.474       -3.25674        16.0788       -1.02645        1.31352       -15.6142      0.0437585      -0.405907       0.190369      0.0106987     0.00267874    -0.00279702        22.7888        24.5453
           3044     DRIFT_1000        3140.76        119.019       -3.35883        18.2348       -1.15281        1.35681       -17.3581      0.0437585      -0.449199       0.200954      0.0106987   -8.84547e-05    -0.00279702        22.7902        24.5545
           3045     DRIFT_1000        3141.75        125.766       -3.46092        20.6408       -1.27917         1.4001       -19.1877      0.0437585      -0.492491       0.211538      0.0106987    -0.00285565    -0.00279702        22.7915        24.5626
           3046     DRIFT_1000        3142.74        132.715       -3.56301        23.2969       -1.40553         1.4434       -21.1029      0.0437585      -0.535783       0.222123      0.0106987    -0.00562284    -0.00279702        22.7927        24.5698
           3047     DRIFT_1000        3143.73        139.866        -3.6651         26.203       -1.53189        1.48669       -23.1038      0.0437585      -0.579075       0.232708      0.0106987    -0.00839003    -0.00279702        22.7939        24.5762
           3048     DRIFT_1000        3144.72         147.22       -3.76719        29.3592       -1.65825        1.52998       -25.1904      0.0437585      -0.622367       0.243292      0.0106987     -0.0111572    -0.00279702         22.795        24.5819
           3049     DRIFT_1000        3145.71        154.775       -3.86928        32.7653       -1.78461        1.57327       -27.3626      0.0437585      -0.665658       0.253877      0.0106987     -0.0139244    -0.00279702         22.796        24.5869
           3050     DRIFT_1000         3146.7        162.532       -3.97137        36.4215       -1.91097        1.61656       -29.6205      0.0437585       -0.70895       0.264461      0.0106987     -0.0166916    -0.00279702         22.797        24.5915
           3051     DRIFT_1000        3147.69        170.491       -4.07347        40.3277       -2.03733        1.65986       -31.9641      0.0437585      -0.752242       0.275046      0.0106987     -0.0194588    -0.00279702        22.7979        24.5956
           3052     DRIFT_1000        3148.68        178.652       -4.17556        44.4839       -2.16369        1.70315       -34.3933      0.0437585      -0.795534        0.28563      0.0106987      -0.022226    -0.00279702        22.7988        24.5993
           3053     DRIFT_1000        3149.67        187.015       -4.27765        48.8902       -2.29005        1.74644       -36.9081      0.0437585      -0.838826       0.296215      0.0106987     -0.0249932    -0.00279702        22.7997        24.6027
           3054     DRIFT_1000        3150.66         195.58       -4.37974        53.5464       -2.41641        1.78973       -39.5087      0.0437585      -0.882118         0.3068      0.0106987     -0.0277604    -0.00279702        22.8005        24.6058
           3055     DRIFT_1000        3151.64        204.347       -4.48183        58.4527       -2.54277        1.83302       -42.1949      0.0437585      -0.925409       0.317384      0.0106987     -0.0305276    -0.00279702        22.8013        24.6086
           3056     DRIFT_1000        3152.63        213.316       -4.58392        63.6091       -2.66913        1.87632       -44.9667      0.0437585      -0.968701       0.327969      0.0106987     -0.0332948    -0.00279702        22.8021        24.6112
           3057     DRIFT_1000        3153.62        222.487       -4.68601        69.0154       -2.79549        1.91961       -47.8242      0.0437585       -1.01199       0.338553      0.0106987      -0.036062    -0.00279702        22.8028        24.6136
           3058     DRIFT_1000        3154.61         231.86        -4.7881        74.6718       -2.92185         1.9629       -50.7674      0.0437585       -1.05529       0.349138      0.0106987     -0.0388291    -0.00279702        22.8035        24.6158
           3059     DRIFT_1000         3155.6        241.435       -4.89019        80.5782       -3.04821        2.00619       -53.7962      0.0437585       -1.09858       0.359723      0.0106987     -0.0415963    -0.00279702        22.8041        24.6178
           3060     DRIFT_1000        3156.59        251.212       -4.99228        86.7346       -3.17457        2.04948       -56.9107      0.0437585       -1.14187       0.370307      0.0106987     -0.0443635    -0.00279702        22.8048        24.6197
           3061     DRIFT_1000        3157.58        261.191       -5.09437        93.1411       -3.30093        2.09277       -60.1108      0.0437585       -1.18516       0.380892      0.0106987     -0.0471307    -0.00279702        22.8054        24.6214
           3062     DRIFT_1000        3158.57        271.372       -5.19646        99.7975       -3.42729        2.13607       -63.3966      0.0437585       -1.22845       0.391476      0.0106987     -0.0498979    -0.00279702         22.806         24.623
           3063           Q3I4        3160.67        229.689        23.4128        143.425       -18.9932          9.216       -69.8696      -0.934359        7.09998       0.366604     -0.0339009     -0.0621772    -0.00912978        22.8073         24.626
           3064     DRIFT_1008         3161.6        188.194        21.1884         180.95       -21.3397         8.3467       -71.0295      -0.934359        7.96928       0.335064     -0.0339009     -0.0706712    -0.00912978         22.808        24.6269
           3065     DRIFT_1008        3162.53        150.837         18.964        222.841       -23.6862         7.4774       -70.5719      -0.934359        8.83858       0.303524     -0.0339009     -0.0791653    -0.00912978        22.8089        24.6276
           3066           Q2I4        3165.92        112.983       -5.51036        231.367        21.7349       -5.86823       -62.2964      -0.286776       -3.06995       0.278626      0.0184417     -0.0828325     0.00708429        22.8135        24.6297
           3067     DRIFT_1010        3166.76        122.417       -5.74308        196.364        20.0196       -6.10864        -59.749      -0.286776       -2.82954       0.294086      0.0184417     -0.0768936     0.00708429        22.8146        24.6304
           3068     DRIFT_1010         3167.6        132.241       -5.97579        164.236        18.3043       -6.34905       -56.7986      -0.286776       -2.58914       0.309546      0.0184417     -0.0709547     0.00708429        22.8156        24.6311
           3069           Q1I4        3169.04        133.587         5.0784        131.942        5.00279        -1.9609       -51.1682      0.0767177        1.92535       0.317387    -0.00765939     -0.0648038       0.001543        22.8173        24.6327
           3070     DRIFT_1012        3169.67        127.245        4.95159        125.694        4.87805       -1.91239       -48.7415      0.0767177        1.87684       0.312544    -0.00765939     -0.0638281       0.001543        22.8181        24.6335
           3071     DRIFT_1012         3170.3        121.063        4.82479        119.604        4.75331       -1.86388       -46.3761      0.0767177        1.82833         0.3077    -0.00765939     -0.0628525       0.001543        22.8189        24.6343
           3072     YI3_DH0_E1         3170.3        121.063        4.82479        119.604        4.75331       -1.86388       -46.3761      0.0767177        1.82833         0.3077    -0.00765939     -0.0628525       0.001543        22.8189        24.6343
           3073         D0MM03        3173.89        88.9915         4.1107        88.0257        4.04533       -1.58834       -34.1087      0.0768286        1.55536       0.252926      -0.022864     -0.0573147       0.001543        22.8244        24.6399
           3074     YI3_DH0_E2        3173.89        88.9915         4.1107        88.0257        4.04533       -1.58834       -34.1087      0.0768286        1.55536       0.252926      -0.022864     -0.0573147       0.001543        22.8244        24.6399
           3075     DRIFT_1014        3174.77         81.945        3.93455        81.0908        3.87255       -1.52104       -31.4142      0.0768286        1.48807         0.2329      -0.022864     -0.0559632       0.001543        22.8261        24.6415
           3076     DRIFT_1014        3175.64        75.2071         3.7584        74.4585        3.69977       -1.45375       -28.8376      0.0768286        1.42078       0.212874      -0.022864     -0.0546118       0.001543        22.8278        24.6433
           3077     DRIFT_1014        3176.52        68.7777        3.58224        68.1288        3.52699       -1.38646       -26.3788      0.0768286        1.35349       0.192849      -0.022864     -0.0532603       0.001543        22.8298        24.6453
           3078     DRIFT_1014         3177.4        62.6569        3.40609        62.1019        3.35421       -1.31917       -24.0379      0.0768286         1.2862       0.172823      -0.022864     -0.0519089       0.001543        22.8319        24.6474
           3079     DRIFT_1014        3178.27        56.8446        3.22994        56.3776        3.18143       -1.25188       -21.8149      0.0768286        1.21891       0.152798      -0.022864     -0.0505574       0.001543        22.8342        24.6498
           3080     DRIFT_1014        3179.15        51.3409        3.05379        50.9559        3.00865       -1.18459       -19.7098      0.0768286        1.15162       0.132772      -0.022864      -0.049206       0.001543        22.8368        24.6524
           3081     DRIFT_1014        3180.02        46.1458        2.87764        45.8369        2.83587        -1.1173       -17.7226      0.0768286        1.08433       0.112746      -0.022864     -0.0478545       0.001543        22.8397        24.6553
           3082     DRIFT_1014         3180.9        41.2593        2.70148        41.0206        2.66309       -1.05001       -15.8532      0.0768286        1.01703      0.0927205      -0.022864     -0.0465031       0.001543        22.8429        24.6585
           3083      G3_DHX_E1         3180.9        41.2593        2.70203        41.0206        2.66254       -1.04979       -15.8532       0.076829        1.01725      0.0927205     -0.0228652     -0.0465031     0.00154238        22.8429        24.6585
           3084       ERDXPP03         3180.9        41.2593        2.69807        41.0206        2.66649       -1.05132       -15.8532      0.0768257        1.01572      0.0927205     -0.0228563     -0.0465031     0.00154685        22.8429        24.6585
           3085         DXPP03         3184.6        24.0297        1.95776        23.9944        1.93492      -0.766876       -9.25458      0.0769131       0.732469      0.0430293    -0.00400145     -0.0407794     0.00154685        22.8616        24.6773
           3086          TEMPD         3184.6        24.0297        1.95776        23.9944        1.93492      -0.766876       -9.25458      0.0769131       0.732469      0.0430293    -0.00400145     -0.0407794     0.00154685        22.8616        24.6773
           3087      G3_DHX_E2         3184.6        24.0297        1.95776        23.9944        1.93492      -0.766876       -9.25458      0.0769131       0.732469      0.0430293    -0.00400145     -0.0407794     0.00154685        22.8616        24.6773
           3088     DRIFT_1015        3185.58        20.3856        1.76066        20.3918        1.74116      -0.691502       -7.85909      0.0769131       0.657094      0.0391079    -0.00400145     -0.0392635     0.00154685        22.8687        24.6843
           3089     DRIFT_1015        3186.56        17.1279        1.56357         17.169        1.54741      -0.616127       -6.61134      0.0769131       0.581719      0.0351865    -0.00400145     -0.0377476     0.00154685         22.877        24.6927
           3090     DRIFT_1015        3187.54        14.2564        1.36647         14.326        1.35365      -0.540752       -5.51132      0.0769131       0.506344      0.0312651    -0.00400145     -0.0362317     0.00154685         22.887        24.7026
           3091     DRIFT_1015        3188.52        11.7713        1.16937        11.8627         1.1599      -0.465377       -4.55903      0.0769131       0.430969      0.0273437    -0.00400145     -0.0347157     0.00154685         22.899        24.7146
           3092     DRIFT_1015         3189.5        9.67248       0.972276        9.77916       0.966143      -0.390002       -3.75448      0.0769131       0.355594      0.0234223    -0.00400145     -0.0331998     0.00154685        22.9137        24.7291
           3093     DRIFT_1015        3190.48        7.95998        0.77518         8.0754       0.772388      -0.314627       -3.09766      0.0769131       0.280219      0.0195008    -0.00400145     -0.0316839     0.00154685        22.9315        24.7467
           3094     DRIFT_1015        3191.46        6.63378       0.578083         6.7514       0.578633      -0.239252       -2.58858      0.0769131       0.204845      0.0155794    -0.00400145      -0.030168     0.00154685         22.953        24.7679
           3095     DRIFT_1015        3192.44        5.69389       0.380986        5.80716       0.384878      -0.163877       -2.22723      0.0769131        0.12947       0.011658    -0.00400145     -0.0286521     0.00154685        22.9785        24.7929
           3096     DRIFT_1015        3193.42        5.14031       0.183889        5.24268       0.191122     -0.0885025       -2.01362      0.0769131      0.0540949     0.00773658    -0.00400145     -0.0271362     0.00154685        23.0075        24.8213
           3097     DRIFT_1015         3194.4        4.97304     -0.0132074        5.05796    -0.00263293     -0.0131277       -1.94774      0.0769131       -0.02128     0.00381516    -0.00400145     -0.0256203     0.00154685        23.0386        24.8518
           3098     DRIFT_1015        3195.38        5.19209      -0.210304          5.253      -0.196388      0.0622472        -2.0296      0.0769131     -0.0966549   -0.000106255    -0.00400145     -0.0241044     0.00154685        23.0694        24.8822
           3099     DRIFT_1015        3196.36        5.79744      -0.407401         5.8278      -0.390143       0.137622       -2.25919      0.0769131       -0.17203    -0.00402767    -0.00400145     -0.0225884     0.00154685         23.098        24.9106
           3100     DRIFT_1015        3197.34         6.7891      -0.604498        6.78237      -0.583899       0.212997       -2.63651      0.0769131      -0.247405    -0.00794909    -0.00400145     -0.0210725     0.00154685         23.123        24.9355
           3101     DRIFT_1015        3198.32        8.16707      -0.801594        8.11669      -0.777654       0.288372       -3.16157      0.0769131       -0.32278     -0.0118705    -0.00400145     -0.0195566     0.00154685         23.144        24.9566
           3102     DRIFT_1015         3199.3        9.93135      -0.998691        9.83077      -0.971409       0.363747       -3.83437      0.0769131      -0.398154     -0.0157919    -0.00400145     -0.0180407     0.00154685        23.1613        24.9741
           3103     DRIFT_1015        3200.28        12.0819       -1.19579        11.9246       -1.16516       0.439122        -4.6549      0.0769131      -0.473529     -0.0197133    -0.00400145     -0.0165248     0.00154685        23.1756        24.9885
           3104     DRIFT_1015        3201.26        14.6188       -1.39288        14.3982       -1.35892       0.514496       -5.62317      0.0769131      -0.548904     -0.0236348    -0.00400145     -0.0150089     0.00154685        23.1874        25.0004
           3105     DRIFT_1015        3202.24         17.542       -1.58998        17.2516       -1.55267       0.589871       -6.73917      0.0769131      -0.624279     -0.0275562    -0.00400145      -0.013493     0.00154685        23.1971        25.0103
           3106     DRIFT_1015        3203.22        20.8516       -1.78708        20.4847       -1.74643       0.665246        -8.0029      0.0769131      -0.699654     -0.0314776    -0.00400145     -0.0119771     0.00154685        23.2053        25.0186
           3107     DRIFT_1015         3204.2        24.5474       -1.98417        24.0976       -1.94019       0.740621       -9.41437      0.0769131      -0.775029      -0.035399    -0.00400145     -0.0104612     0.00154685        23.2122        25.0256
           3108      G4_DHX_E1         3204.2        24.5474       -1.98417        24.0976       -1.94019       0.740621       -9.41437      0.0769131      -0.775029      -0.035399    -0.00400145     -0.0104612     0.00154685        23.2122        25.0256
           3109         DXMM04         3207.9        41.9723       -2.72441        41.1628       -2.67175        1.02507       -16.0733      0.0768282       -1.05827      -0.085106     -0.0228648    -0.00473747     0.00154685        23.2305        25.0444
           3110       ERDXMM04         3207.9        41.9723       -2.72844        41.1628        -2.6678        1.02352       -16.0733      0.0768248       -1.05981      -0.085106      -0.022873    -0.00473747      0.0015473        23.2305        25.0444
           3111      G4_DHX_E2         3207.9        41.9723       -2.72942        41.1628       -2.66684        1.02315       -16.0733       0.076824       -1.06019      -0.085106      -0.022875    -0.00473747     0.00154741        23.2305        25.0444
           3112     DRIFT_1020        3208.78        46.9079       -2.90575        45.9855       -2.83945        1.09044       -17.9569       0.076824       -1.12747      -0.105141      -0.022875    -0.00338215     0.00154741        23.2337        25.0476
           3113     DRIFT_1020        3209.65        52.1524       -3.08207        51.1106       -3.01205        1.15772       -19.9584       0.076824       -1.19476      -0.125177      -0.022875    -0.00202683     0.00154741        23.2365        25.0504
           3114     DRIFT_1020        3210.53        57.7058        -3.2584        56.5381       -3.18466        1.22501       -22.0778       0.076824       -1.26205      -0.145212      -0.022875   -0.000671506     0.00154741         23.239         25.053
           3115     DRIFT_1020         3211.4         63.568       -3.43472        62.2679       -3.35727         1.2923       -24.3151       0.076824       -1.32933      -0.165247      -0.022875    0.000683815     0.00154741        23.2413        25.0554
           3116     DRIFT_1020        3212.28        69.7391       -3.61105        68.3001       -3.52988        1.35958       -26.6702       0.076824       -1.39662      -0.185283      -0.022875     0.00203914     0.00154741        23.2434        25.0575
           3117     DRIFT_1020        3213.16        76.2191       -3.78738        74.6347       -3.70249        1.42687       -29.1432       0.076824       -1.46391      -0.205318      -0.022875     0.00339446     0.00154741        23.2453        25.0595
           3118     DRIFT_1020        3214.03         83.008        -3.9637        81.2716       -3.87509        1.49416        -31.734       0.076824        -1.5312      -0.225353      -0.022875     0.00474978     0.00154741        23.2471        25.0613
           3119     DRIFT_1020        3214.91        90.1058       -4.14003        88.2108        -4.0477        1.56145       -34.4428       0.076824       -1.59848      -0.245389      -0.022875      0.0061051     0.00154741        23.2487        25.0629
           3120     YO4_DH0_E1        3214.91        90.1058       -4.14003        88.2108        -4.0477        1.56145       -34.4428       0.076824       -1.59848      -0.245389      -0.022875      0.0061051     0.00154741        23.2487        25.0629
           3121         D0PP04         3218.5         122.39       -4.85474        119.803       -4.75499        1.83697       -46.7683      0.0767149       -1.87141       -0.30021    -0.00767466      0.0116587     0.00154741        23.2542        25.0685
           3122     YO4_DH0_E2         3218.5         122.39       -4.85474        119.803       -4.75499        1.83697       -46.7683      0.0767149       -1.87141       -0.30021    -0.00767466      0.0116587     0.00154741        23.2542        25.0685
           3123     DRIFT_1021        3219.13         128.61       -4.98168        125.896        -4.8796        1.88548       -49.1439      0.0767149       -1.91992      -0.305063    -0.00767466      0.0126372     0.00154741         23.255        25.0693
           3124     DRIFT_1021        3219.76         134.99       -5.10861        132.145       -5.00421        1.93399       -51.5808      0.0767149       -1.96843      -0.309916    -0.00767466      0.0136157     0.00154741        23.2557        25.0701
           3125           Q1O4         3221.2        167.954       -18.6797        130.797         5.9036       -2.60538       -57.2342      -0.287828        -6.3805      -0.339721     -0.0341292      0.0150019    0.000358818        23.2573        25.0718
           3126     DRIFT_1023        3222.04        200.737       -20.4263        121.091        5.67381       -2.84667       -60.1967      -0.287828       -6.13921      -0.368332     -0.0341292      0.0153027    0.000358818         23.258        25.0728
           3127     DRIFT_1023        3222.88        236.449        -22.173        111.771        5.44402       -3.08796       -62.7546      -0.287828       -5.89792      -0.396944     -0.0341292      0.0156035    0.000358818        23.2586         25.074
           3128           Q2O4        3226.27        227.825        24.1478        149.092       -18.7036        8.88084       -71.0653      -0.936631        7.51191      -0.380196      0.0434722      0.0222266      0.0037531        23.2607        25.0786
           3129     DRIFT_1025         3227.2        185.112        21.7625        185.931       -20.8928        8.00943       -71.5282      -0.936631        8.38332       -0.33975      0.0434722      0.0257183      0.0037531        23.2614        25.0795
           3130     DRIFT_1025        3228.13        146.837        19.3771        226.844        -23.082        7.13802       -70.3696      -0.936631        9.25473      -0.299305      0.0434722      0.0292101      0.0037531        23.2623        25.0802
           3131           Q3O4        3230.23        102.396        3.45977        267.878        5.14813        -1.2427       -63.8922      0.0436569         2.1238      -0.241212      0.0129527      0.0333161    7.73249e-05        23.2652        25.0815
           3132     DRIFT_1027        3231.22        95.6743        3.33445        257.792        5.04655       -1.19951       -60.6044      0.0436569        2.08061      -0.228398      0.0129527      0.0333926    7.73249e-05        23.2667        25.0821
           3133     DRIFT_1027        3232.21        89.2005        3.20914        247.907        4.94497       -1.15632        -57.402      0.0436569        2.03741      -0.215583      0.0129527      0.0334691    7.73249e-05        23.2684        25.0828
           3134     DRIFT_1027         3233.2        82.9746        3.08382        238.223         4.8434       -1.11313        -54.285      0.0436569        1.99422      -0.202768      0.0129527      0.0335456    7.73249e-05        23.2703        25.0834
           3135     DRIFT_1027        3234.19        76.9967        2.95851         228.74        4.74182       -1.06994       -51.2535      0.0436569        1.95103      -0.189954      0.0129527      0.0336221    7.73249e-05        23.2722        25.0841
           3136     DRIFT_1027        3235.18        71.2668         2.8332        219.458        4.64025       -1.02675       -48.3075      0.0436569        1.90784      -0.177139      0.0129527      0.0336986    7.73249e-05        23.2744        25.0848
           3137     DRIFT_1027        3236.17        65.7848        2.70788        210.377        4.53867      -0.983556       -45.4469      0.0436569        1.86465      -0.164325      0.0129527      0.0337751    7.73249e-05        23.2767        25.0855
           3138     DRIFT_1027        3237.16        60.5507        2.58257        201.497         4.4371      -0.940365       -42.6718      0.0436569        1.82146       -0.15151      0.0129527      0.0338516    7.73249e-05        23.2792        25.0863
           3139     DRIFT_1027        3238.15        55.5647        2.45725        192.818        4.33552      -0.897174       -39.9822      0.0436569        1.77827      -0.138696      0.0129527      0.0339281    7.73249e-05        23.2819        25.0871
           3140     DRIFT_1027        3239.13        50.8265        2.33194         184.34        4.23394      -0.853982        -37.378      0.0436569        1.73507      -0.125881      0.0129527      0.0340046    7.73249e-05        23.2848        25.0879
           3141     DRIFT_1027        3240.12        46.3364        2.20662        176.063        4.13237      -0.810791       -34.8593      0.0436569        1.69188      -0.113067      0.0129527      0.0340811    7.73249e-05        23.2881        25.0888
           3142     DRIFT_1027        3241.11        42.0942        2.08131        167.987        4.03079        -0.7676       -32.4261      0.0436569        1.64869      -0.100252      0.0129527      0.0341576    7.73249e-05        23.2917        25.0897
           3143     DRIFT_1027         3242.1        38.0999          1.956        160.111        3.92922      -0.724408       -30.0783      0.0436569         1.6055     -0.0874376      0.0129527      0.0342341    7.73249e-05        23.2956        25.0907
           3144     DRIFT_1027        3243.09        34.3536        1.83068        152.437        3.82764      -0.681217       -27.8159      0.0436569        1.56231     -0.0746231      0.0129527      0.0343106    7.73249e-05        23.2999        25.0917
           3145     DRIFT_1027        3244.08        30.8553        1.70537        144.964        3.72607      -0.638026       -25.6391      0.0436569        1.51912     -0.0618085      0.0129527      0.0343871    7.73249e-05        23.3048        25.0927
           3146     DRIFT_1027        3245.07        27.6049        1.58005        137.692        3.62449      -0.594834       -23.5477      0.0436569        1.47593      -0.048994      0.0129527      0.0344636    7.73249e-05        23.3102        25.0939
           3147     DRIFT_1027        3246.06        24.6025        1.45474        130.621        3.52291      -0.551643       -21.5417      0.0436569        1.43274     -0.0361795      0.0129527      0.0345401    7.73249e-05        23.3162         25.095
           3148     DRIFT_1027        3247.05         21.848        1.32943        123.751        3.42134      -0.508452       -19.6212      0.0436569        1.38954     -0.0233649      0.0129527      0.0346166    7.73249e-05         23.323        25.0963
           3149     DRIFT_1027        3248.04        19.3415        1.20411        117.081        3.31976       -0.46526       -17.7862      0.0436569        1.34635     -0.0105504      0.0129527      0.0346931    7.73249e-05        23.3307        25.0976
           3150     DRIFT_1027        3249.03        17.0829         1.0788        110.613        3.21819      -0.422069       -16.0366      0.0436569        1.30316     0.00226415      0.0129527      0.0347696    7.73249e-05        23.3393         25.099
           3151     DRIFT_1027        3250.02        15.0723       0.953484        104.346        3.11661      -0.378878       -14.3725      0.0436569        1.25997      0.0150787      0.0129527      0.0348461    7.73249e-05        23.3492        25.1004
           3152     DRIFT_1027        3251.01        13.3096       0.828169        98.2796        3.01503      -0.335686       -12.7939      0.0436569        1.21678      0.0278932      0.0129527      0.0349226    7.73249e-05        23.3603         25.102
           3153     DRIFT_1027           3252        11.7949       0.702855        92.4144        2.91346      -0.292495       -11.3007      0.0436569        1.17359      0.0407078      0.0129527      0.0349991    7.73249e-05        23.3729        25.1036
           3154     DRIFT_1027        3252.99        10.5282       0.577541        86.7501        2.81188      -0.249304         -9.893      0.0436569         1.1304      0.0535223      0.0129527      0.0350756    7.73249e-05         23.387        25.1054
           3155     DRIFT_1027        3253.97        9.50942       0.452227        81.2868        2.71031      -0.206112       -8.57074      0.0436569         1.0872      0.0663368      0.0129527      0.0351521    7.73249e-05        23.4028        25.1073
           3156     DRIFT_1027        3254.96        8.73859       0.326913        76.0245        2.60873      -0.162921       -7.33395      0.0436569        1.04401      0.0791514      0.0129527      0.0352286    7.73249e-05        23.4201        25.1093
           3157     DRIFT_1027        3255.95        8.21571       0.201599        70.9631        2.50716       -0.11973       -6.18262      0.0436569        1.00082      0.0919659      0.0129527      0.0353051    7.73249e-05        23.4387        25.1114
           3158     DRIFT_1027        3256.94        7.94079      0.0762847        66.1028        2.40558     -0.0765382       -5.11675      0.0436569        0.95763        0.10478      0.0129527      0.0353816    7.73249e-05        23.4583        25.1137
           3159     DRIFT_1027        3257.93        7.91383     -0.0490294        61.4434          2.304     -0.0333468       -4.13634      0.0436569       0.914439       0.117595      0.0129527      0.0354581    7.73249e-05        23.4782        25.1162
           3160     DRIFT_1027        3258.92        8.13482      -0.174344         56.985        2.20243      0.0098445       -3.24139      0.0436569       0.871248        0.13041      0.0129527      0.0355346    7.73249e-05        23.4978        25.1188
           3161     DRIFT_1027        3259.91        8.60376      -0.299658        52.7276        2.10085      0.0530358        -2.4319      0.0436569       0.828056       0.143224      0.0129527      0.0356111    7.73249e-05        23.5167        25.1217
           3162     DRIFT_1027         3260.9        9.32067      -0.424972        48.6712        1.99928      0.0962272       -1.70788      0.0436569       0.784865       0.156039      0.0129527      0.0356876    7.73249e-05        23.5343        25.1248
           3163     DRIFT_1027        3261.89        10.2855      -0.550286        44.8158         1.8977       0.139419       -1.06932      0.0436569       0.741674       0.168853      0.0129527      0.0357641    7.73249e-05        23.5504        25.1282
           3164     DRIFT_1027        3262.88        11.4983        -0.6756        41.1614        1.79613        0.18261      -0.516213      0.0436569       0.698482       0.181668      0.0129527      0.0358406    7.73249e-05        23.5649        25.1319
           3165     DRIFT_1027        3263.87        12.9591      -0.800914        37.7079        1.69455       0.225801     -0.0485728      0.0436569       0.655291       0.194482      0.0129527      0.0359171    7.73249e-05        23.5778        25.1359
           3166     DRIFT_1027        3264.86        14.6678      -0.926228        34.4555        1.59297       0.268993       0.333606      0.0436569         0.6121       0.207297      0.0129527      0.0359936    7.73249e-05        23.5893        25.1402
           3167     DRIFT_1027        3265.85        16.6245       -1.05154         31.404         1.4914       0.312184       0.630324      0.0436569       0.568908       0.220111      0.0129527      0.0360701    7.73249e-05        23.5994         25.145
           3168     DRIFT_1027        3266.84        18.8291       -1.17686        28.5535        1.38982       0.355375        0.84158      0.0436569       0.525717       0.232926      0.0129527      0.0361466    7.73249e-05        23.6083        25.1503
           3169     DRIFT_1027        3267.83        21.2817       -1.30217         25.904        1.28825       0.398567       0.967375      0.0436569       0.482526        0.24574      0.0129527      0.0362231    7.73249e-05        23.6161        25.1561
           3170          Q4OT4        3268.58        23.4574       -1.60515        23.8654        1.42383       0.443076        1.00431      0.0515721       0.455633       0.256286      0.0151842      0.0361603   -0.000244781        23.6215        25.1609
           3171     DRIFT_1033        3268.71        23.8775       -1.62498        23.4971        1.40733       0.449785        1.00507      0.0515721       0.448925       0.258261      0.0151842      0.0361285   -0.000244781        23.6224        25.1617
           3172           Q4O4        3270.52        22.8015        2.15971        25.3778       -2.54463       0.268258       0.978857     -0.0677594       0.312234       0.247559     -0.0267073      0.0410819     0.00584507        23.6341        25.1741
           3173     DRIFT_1034        3271.37        19.2848        1.94698        29.9519       -2.79687       0.210234         1.0662     -0.0677594       0.370258       0.224689     -0.0267073      0.0460872     0.00584507        23.6406        25.1791
           3174     DRIFT_1034        3272.23        16.1325        1.73425         34.958       -3.04911        0.15221        1.25292     -0.0677594       0.428282       0.201819     -0.0267073      0.0510925     0.00584507        23.6484        25.1833
           3175     DRIFT_1034        3273.09        13.3445        1.52153        40.3961       -3.30134      0.0941854        1.53902     -0.0677594       0.486307       0.178948     -0.0267073      0.0560978     0.00584507        23.6577        25.1869
           3176     DRIFT_1034        3273.94        10.9208         1.3088        46.2661       -3.55358       0.036161        1.92449     -0.0677594       0.544331       0.156078     -0.0267073      0.0611031     0.00584507         23.669        25.1901
           3177     DRIFT_1034         3274.8        8.86143        1.09607        52.5682       -3.80581     -0.0218634        2.40934     -0.0677594       0.602355       0.133208     -0.0267073      0.0661084     0.00584507        23.6828        25.1928
           3178     DRIFT_1034        3275.66        7.16641       0.883336        59.3023       -4.05805     -0.0798877        2.99357     -0.0677594        0.66038       0.110338     -0.0267073      0.0711137     0.00584507           23.7        25.1953
           3179          Q5OT4        3276.41        6.01776       0.651136        65.1895       -3.77652      -0.103704        3.58603     -0.0631013       0.734758      0.0906067     -0.0259341      0.0752881     0.00528121        23.7182        25.1972
           3180     DRIFT_1037        3276.54        5.85116       0.620126        66.1834        -3.8072      -0.111973        3.69699     -0.0631013       0.743028       0.087208     -0.0259341      0.0759802     0.00528121        23.7217        25.1975
           3181           Q5O4        3277.65        5.33847        -0.1415        67.3244        2.81704       0.279948        4.69045      0.0382849        1.17757      0.0627108     -0.0186071      0.0776144    -0.00236361        23.7541        25.2001
           3182     DRIFT_1038        3278.48        5.70861       -0.30124        62.7069        2.70607       0.311956        5.41413      0.0382849        1.14557      0.0471547     -0.0186071      0.0756384    -0.00236361        23.7783        25.2022
           3183     DRIFT_1038        3279.32        6.34584      -0.460979         58.275        2.59511       0.343963        6.08429      0.0382849        1.11356      0.0315987     -0.0186071      0.0736623    -0.00236361        23.8005        25.2044
           3184     DRIFT_1038        3280.15        7.25017      -0.620719        54.0286        2.48415        0.37597        6.70093      0.0382849        1.08155      0.0160426     -0.0186071      0.0716863    -0.00236361        23.8202        25.2067
           3185     YO4_DH5_E1        3280.15        7.25017      -0.620719        54.0286        2.48415        0.37597        6.70093      0.0382849        1.08155      0.0160426     -0.0186071      0.0716863    -0.00236361        23.8202        25.2067
           3186            D5O        3288.85         32.481       -2.27865        20.8546        1.32964       0.708677        9.93805      0.0382048       0.747545      0.0100921      0.0172391      0.0511266    -0.00236361        23.9161        25.2485
           3187     YO4_DH5_E2        3288.85         32.481       -2.27865        20.8546        1.32964       0.708677        9.93805      0.0382048       0.747545      0.0100921      0.0172391      0.0511266    -0.00236361        23.9161        25.2485
           3188     DRIFT_1040        3289.67        36.3145       -2.43374        18.7791        1.22167       0.739757        9.94438      0.0382048       0.716464      0.0241164      0.0172391      0.0492038    -0.00236361        23.9198         25.255
           3189     DRIFT_1040        3290.48        40.4005       -2.58883        16.8792        1.11369       0.770837        9.90015      0.0382048       0.685384      0.0381406      0.0172391      0.0472809    -0.00236361        23.9232        25.2623
           3190          Q6OT4        3291.23        44.2317       -2.51317        15.3419        0.93856       0.748129         9.8159      0.0312508       0.610645      0.0509913      0.0170189      0.0455948    -0.00213423         23.926        25.2697
           3191     DRIFT_1042        3291.36        44.8932       -2.53484         15.098       0.922493       0.752224        9.79734      0.0312508       0.606549      0.0532217      0.0170189      0.0453151    -0.00213423        23.9265        25.2711
           3192           Q6O4        3292.47        45.5752        1.94309        14.7687      -0.615075      -0.210776        9.63268    -0.00798173      -0.347291      0.0688817      0.0109394      0.0454068     0.00230107        23.9303        25.2831
           3193     DRIFT_1043        3293.02        43.4874        1.88595        15.4672      -0.665962      -0.215128        9.56062    -0.00798173      -0.342939      0.0748464      0.0109394      0.0466615     0.00230107        23.9323        25.2889
           3194          QGTTO        3293.02        43.4874        1.89465        15.4672      -0.669055       -0.21704        9.56062    -0.00786973      -0.344851      0.0748464      0.0109244      0.0466615      0.0023104        23.9323        25.2889
           3195     DRIFT_1044        3293.91        40.1697        1.79987        16.7443      -0.753103      -0.224107        9.45219    -0.00786973      -0.337784      0.0846566      0.0109244      0.0487363      0.0023104        23.9357        25.2978
           3196     DRIFT_1044        3294.81        37.0221         1.7051        18.1724      -0.837152      -0.231174        9.35645    -0.00786973      -0.330717      0.0944669      0.0109244       0.050811      0.0023104        23.9394         25.306
           3197     DRIFT_1044        3295.71        34.0449        1.61032        19.7514        -0.9212      -0.238241        9.27341    -0.00786973       -0.32365       0.104277      0.0109244      0.0528858      0.0023104        23.9434        25.3135
           3198     DRIFT_1044        3296.61        31.2378        1.51554        21.4814       -1.00525      -0.245309        9.20306    -0.00786973      -0.316583       0.114087      0.0109244      0.0549606      0.0023104        23.9478        25.3204
           3199     DRIFT_1044        3297.51        28.6009        1.42076        23.3623        -1.0893      -0.252376         9.1454    -0.00786973      -0.309516       0.123898      0.0109244      0.0570354      0.0023104        23.9526        25.3268
           3200     DRIFT_1044         3298.4        26.1343        1.32599        25.3942       -1.17335      -0.259443        9.10043    -0.00786973      -0.302449       0.133708      0.0109244      0.0591101      0.0023104        23.9578        25.3327
           3201     DRIFT_1044         3299.3        23.8379        1.23121        27.5771       -1.25739       -0.26651        9.06816    -0.00786973      -0.295381       0.143518      0.0109244      0.0611849      0.0023104        23.9636        25.3381
           3202     DRIFT_1044         3300.2        21.7118        1.13643        29.9108       -1.34144      -0.273577        9.04858    -0.00786973      -0.288314       0.153328      0.0109244      0.0632597      0.0023104        23.9699        25.3431
           3203     DRIFT_1044         3301.1        19.7558        1.04166        32.3956       -1.42549      -0.280644        9.04169    -0.00786973      -0.281247       0.163139      0.0109244      0.0653345      0.0023104        23.9768        25.3477
           3204     YO4_DH6_E1         3301.1        19.7558        1.04166        32.3956       -1.42549      -0.280644        9.04169    -0.00786973      -0.281247       0.163139      0.0109244      0.0653345      0.0023104        23.9768        25.3477
           3205             DS        3304.05         14.527       0.731091        41.6185       -1.70154      -0.303834        9.10765    -0.00785491      -0.258517       0.213383      0.0231459      0.0721488      0.0023104        24.0046        25.3605
           3206     YO4_DH6_E2        3304.05         14.527       0.731091        41.6185       -1.70154      -0.303834        9.10765    -0.00785491      -0.258517       0.213383      0.0231459      0.0721488      0.0023104        24.0046        25.3605
           3207     DRIFT_1045        3304.76        13.5421       0.656099        44.0817       -1.76799       -0.30941        9.14378    -0.00785491      -0.252941       0.229816      0.0231459      0.0737891      0.0023104        24.0127        25.3631
           3208     DRIFT_1045        3305.47        12.6638       0.581106        46.6393       -1.83443      -0.314987        9.18783    -0.00785491      -0.247364       0.246248      0.0231459      0.0754294      0.0023104        24.0213        25.3656
           3209     DRIFT_1045        3306.18        11.8919       0.506114        49.2911       -1.90088      -0.320564         9.2398    -0.00785491      -0.241788       0.262681      0.0231459      0.0770696      0.0023104        24.0305         25.368
           3210           Q7O4        3307.11        11.9299       -0.54801        49.0474        2.15634       0.434499        9.32413     0.00869475       0.532008       0.294599      0.0459527       0.076258    -0.00404516        24.0431        25.3709
           3211     DRIFT_1047        3308.09        13.1069       -0.65468        44.9371        2.04361       0.443008        9.41123     0.00869475       0.523499       0.339571      0.0459527      0.0722992    -0.00404516        24.0556        25.3742
           3212     DRIFT_1047        3309.06        14.4927       -0.76135        41.0474        1.93087       0.451517        9.48168     0.00869475        0.51499       0.384543      0.0459527      0.0683404    -0.00404516        24.0669        25.3779
           3213     DRIFT_1047        3310.04        16.0873       -0.86802        37.3784        1.81814       0.460027        9.53547     0.00869475       0.506481       0.429515      0.0459527      0.0643816    -0.00404516        24.0771        25.3818
           3214     DRIFT_1047        3311.02        17.8907       -0.97469        33.9301        1.70541       0.468536         9.5726     0.00869475       0.497971       0.474487      0.0459527      0.0604227    -0.00404516        24.0863        25.3862
           3215     DRIFT_1047           3312        19.9028       -1.08136        30.7024        1.59268       0.477045        9.59308     0.00869475       0.489462       0.519459      0.0459527      0.0564639    -0.00404516        24.0945         25.391
           3216     DRIFT_1047        3312.98        22.1238       -1.18803        27.6954        1.47995       0.485554        9.59691     0.00869475       0.480953        0.56443      0.0459527      0.0525051    -0.00404516         24.102        25.3964
           3217     DRIFT_1047        3313.96        24.5535        -1.2947         24.909        1.36721       0.494063        9.58407     0.00869475       0.472444       0.609402      0.0459527      0.0485463    -0.00404516        24.1086        25.4023
           3218     DRIFT_1047        3314.94        27.1921       -1.40137        22.3432        1.25448       0.502573        9.55459     0.00869475       0.463935       0.654374      0.0459527      0.0445875    -0.00404516        24.1147        25.4089
           3219     DRIFT_1047        3315.92        30.0394       -1.50804        19.9982        1.14175       0.511082        9.50845     0.00869475       0.455426       0.699346      0.0459527      0.0406287    -0.00404516        24.1201        25.4163
           3220     DRIFT_1047        3316.89        33.0955       -1.61471        17.8737        1.02902       0.519591        9.44565     0.00869475       0.446916       0.744318      0.0459527      0.0366698    -0.00404516        24.1251        25.4245
           3221     DRIFT_1047        3317.87        36.3603       -1.72138        15.9699       0.916288         0.5281         9.3662     0.00869475       0.438407        0.78929      0.0459527       0.032711    -0.00404516        24.1296        25.4338
           3222     DRIFT_1047        3318.85         39.834       -1.82805        14.2868       0.803556       0.536609         9.2701     0.00869475       0.429898       0.834262      0.0459527      0.0287522    -0.00404516        24.1337        25.4441
           3223     DRIFT_1047        3319.83        43.5165       -1.93472        12.8243       0.690824       0.545118        9.15734     0.00869475       0.421389       0.879233      0.0459527      0.0247934    -0.00404516        24.1374        25.4556
           3224     DRIFT_1047        3320.81        47.4077       -2.04139        11.5825       0.578093       0.553628        9.02792     0.00869475        0.41288       0.924205      0.0459527      0.0208346    -0.00404516        24.1408        25.4684
           3225           QFB4        3321.92        47.2747        2.15723        11.5349      -0.533842      -0.249933        8.88163    -0.00656722      -0.367132       0.929385     -0.0366966      0.0173017    -0.00237231        24.1445         25.484
           3226     DRIFT_1050        3322.46        44.9578        2.09203        12.1502      -0.594583      -0.253514        8.81968    -0.00656722      -0.363552       0.909376     -0.0366966      0.0160082    -0.00237231        24.1464        25.4913
           3227          QGTTO        3322.46        44.9578        2.10102        12.1502      -0.597013      -0.255277        8.81968    -0.00644345      -0.365315       0.909376     -0.0368785      0.0160082     -0.0023691        24.1464        25.4913
           3228     DRIFT_1051        3323.26        41.6859        2.00505        13.1725      -0.685972      -0.260412        8.73609    -0.00644345      -0.360181       0.879989     -0.0368785      0.0141204     -0.0023691        24.1493        25.5013
           3229     DRIFT_1051        3324.06        38.5669        1.90909        14.3367      -0.774931      -0.265546        8.66068    -0.00644345      -0.355047       0.850602     -0.0368785      0.0122326     -0.0023691        24.1525        25.5106
           3230     YO4_DH8_E1        3324.06        38.5669        1.90909        14.3367      -0.774931      -0.265546        8.66068    -0.00644345      -0.355047       0.850602     -0.0368785      0.0122326     -0.0023691        24.1525        25.5106
           3231              D         3333.5        13.2269       0.773694        38.9182       -1.82887      -0.326161        8.38228    -0.00639608      -0.295781       0.685376     0.00187966     -0.0101333     -0.0023691        24.2211         25.576
           3232     YO4_DH8_E2         3333.5        13.2269       0.773694        38.9182       -1.82887      -0.326161        8.38228    -0.00639608      -0.295781       0.685376     0.00187966     -0.0101333     -0.0023691        24.2211         25.576
           3233     DRIFT_1052        3334.21        12.1851       0.687523        41.5829       -1.90847      -0.330721        8.40719    -0.00639608      -0.291221       0.686716     0.00187966     -0.0118224     -0.0023691          24.23        25.5788
           3234     DRIFT_1052        3334.92        11.2662       0.601352        44.3611       -1.98806      -0.335282        8.43861    -0.00639608      -0.286661       0.688056     0.00187966     -0.0135116     -0.0023691        24.2397        25.5815
           3235     DRIFT_1052        3335.64        10.4701       0.515181        47.2527       -2.06766      -0.339842        8.47652    -0.00639608        -0.2821       0.689396     0.00187966     -0.0152007     -0.0023691        24.2502        25.5839
           3236           QDA4        3336.75        10.4967      -0.539932        47.0531        2.24139       0.423366         8.5573     0.00749658       0.506031        0.72667      0.0658461     -0.0170242     -0.0008887        24.2673        25.5876
           3237     DRIFT_1054        3336.88        10.6403      -0.556057        46.4679        2.22461       0.424349          8.568     0.00749658       0.505049       0.735299      0.0658461     -0.0171407     -0.0008887        24.2693        25.5881
           3238           SDMO        3337.63        11.5436      -0.648338         43.203        2.12859       0.429971        8.62431     0.00749658       0.499426       0.784684      0.0658461     -0.0178072     -0.0008887        24.2801        25.5907
           3239     DRIFT_1055         3338.6        12.9145      -0.767478        39.2008        2.00463        0.43723        8.68454     0.00749658       0.492167       0.848442      0.0658461     -0.0186677     -0.0008887        24.2927        25.5945
           3240     DRIFT_1055        3339.56        14.5162      -0.886618        35.4387        1.88067       0.444489         8.7307     0.00749658       0.484909         0.9122      0.0658461     -0.0195282     -0.0008887         24.304        25.5986
           3241     DRIFT_1055        3340.53        16.3485       -1.00576        31.9167        1.75671       0.451748        8.76281     0.00749658        0.47765       0.975958      0.0658461     -0.0203887     -0.0008887         24.314        25.6032
           3242     DRIFT_1055         3341.5        18.4116        -1.1249        28.6347        1.63275       0.459007        8.78086     0.00749658       0.470391        1.03972      0.0658461     -0.0212493     -0.0008887        24.3229        25.6083
           3243     DRIFT_1055        3342.47        20.7054       -1.24404        25.5928        1.50878       0.466265        8.78486     0.00749658       0.463132        1.10347      0.0658461     -0.0221098     -0.0008887        24.3308         25.614
           3244     DRIFT_1055        3343.44          23.23       -1.36318        22.7909        1.38482       0.473524        8.77479     0.00749658       0.455873        1.16723      0.0658461     -0.0229703     -0.0008887        24.3378        25.6204
           3245     DRIFT_1055        3344.41        25.9853       -1.48232        20.2291        1.26086       0.480783        8.75067     0.00749658       0.448614        1.23099      0.0658461     -0.0238308     -0.0008887        24.3441        25.6275
           3246     DRIFT_1055        3345.37        28.9712       -1.60146        17.9074         1.1369       0.488042         8.7125     0.00749658       0.441355        1.29475      0.0658461     -0.0246913     -0.0008887        24.3497        25.6356
           3247     YO4_DH9_E1        3345.37        28.9712       -1.60146        17.9074         1.1369       0.488042         8.7125     0.00749658       0.441355        1.29475      0.0658461     -0.0246913     -0.0008887        24.3497        25.6356
           3248             DS        3348.32         39.483       -1.96238        12.3147       0.759307       0.510116        8.50901     0.00747127       0.418844        1.50689      0.0780065     -0.0273125     -0.0008887        24.3636        25.6675
           3249     YO4_DH9_E2        3348.32         39.483       -1.96238        12.3147       0.759307       0.510116        8.50901     0.00747127       0.418844        1.50689      0.0780065     -0.0273125     -0.0008887        24.3636        25.6675
           3250     DRIFT_1057        3349.03        42.3312        -2.0496        11.3011       0.668423        0.51542        8.44045     0.00747127       0.413541        1.56227      0.0780065     -0.0279434     -0.0008887        24.3664         25.677
           3251     DRIFT_1057        3349.74        45.3031       -2.13682        10.4166        0.57754       0.520723        8.36436     0.00747127       0.408237        1.61765      0.0780065     -0.0285743     -0.0008887         24.369        25.6875
           3252     DRIFT_1057        3350.45        48.3989       -2.22403        9.66115       0.486657       0.526027        8.28074     0.00747127       0.402933        1.67303      0.0780065     -0.0292052     -0.0008887        24.3714        25.6987
           3253             QF        3351.56        48.3761         2.2439        9.68964      -0.513196      -0.243183        8.15565    -0.00827502      -0.339653        1.67344     -0.0772737     -0.0317126    -0.00366766         24.375        25.7174
           3254     DRIFT_1059        3351.69        47.7901        2.22755        9.82639      -0.530282      -0.244267        8.14315    -0.00827502      -0.338569        1.66331     -0.0772737     -0.0321933    -0.00366766        24.3754        25.7195
           3255           SFMO        3352.44        44.5189        2.13398        10.6952       -0.62807      -0.250474        8.07708    -0.00827502      -0.332363        1.60535     -0.0772737      -0.034944    -0.00366766         24.378        25.7311
           3256     DRIFT_1060        3353.07        41.8839        2.05552        11.5368      -0.710075      -0.255678        8.02885    -0.00827502      -0.327158        1.55675     -0.0772737     -0.0372508    -0.00366766        24.3803        25.7402
           3257     DRIFT_1060         3353.7        39.3476        1.97706        12.4816       -0.79208      -0.260883        7.98717    -0.00827502      -0.321953        1.50815     -0.0772737     -0.0395576    -0.00366766        24.3828        25.7485
           3258    YO4_DH10_E1         3353.7        39.3476        1.97706        12.4816       -0.79208      -0.260883        7.98717    -0.00827502      -0.321953        1.50815     -0.0772737     -0.0395576    -0.00366766        24.3828        25.7485
           3259              D        3363.14        13.0838        0.80222         39.095       -2.02828      -0.339567         8.1382    -0.00813892      -0.246932       0.960406     -0.0387373      -0.074219    -0.00367621         24.451        25.8188
           3260    YO4_DH10_E2        3363.14        13.0838        0.80222         39.095       -2.02828      -0.339567         8.1382    -0.00813892      -0.246932       0.960406     -0.0387373      -0.074219    -0.00367621         24.451        25.8188
           3261     DRIFT_1062        3363.86        12.0037       0.712656        42.0538       -2.12155       -0.34537        8.20839    -0.00813892      -0.241129       0.932787     -0.0387373     -0.0768401    -0.00367621        24.4601        25.8216
           3262     DRIFT_1062        3364.57        11.0513       0.623092        45.1456       -2.21481      -0.351173        8.28685    -0.00813892      -0.235326       0.905168     -0.0387373     -0.0794611    -0.00367621        24.4699        25.8242
           3263     DRIFT_1062        3365.28        10.2267       0.533528        48.3703       -2.30807      -0.356975        8.37358    -0.00813892      -0.229523       0.877549     -0.0387373     -0.0820822    -0.00367621        24.4806        25.8266
           3264             QD        3366.39        10.2265      -0.533375        48.4104         2.2732       0.427896        8.53245      0.0114694       0.579458        0.88013      0.0434286     -0.0818331     0.00412117        24.4982        25.8302
           3265     DRIFT_1064        3366.52        10.3685      -0.549835        47.8168         2.2565       0.429399        8.55211      0.0114694       0.577955       0.885822      0.0434286      -0.081293     0.00412117        24.5003        25.8307
           3266           SDPO        3367.27        11.2639      -0.644038        44.5037        2.16095       0.438001        8.65708      0.0114694       0.569353       0.918393      0.0434286     -0.0782021     0.00412117        24.5113        25.8332
           3267     DRIFT_1065         3367.9        12.1237      -0.723037        41.8358        2.08082       0.445215        8.73516      0.0114694       0.562139       0.945708      0.0434286     -0.0756101     0.00412117        24.5199        25.8356
           3268     DRIFT_1065        3368.53        13.0829      -0.802036        39.2688         2.0007       0.452429        8.80416      0.0114694       0.554925       0.973022      0.0434286     -0.0730181     0.00412117        24.5278         25.838
           3269    YO4_DH11_E1        3368.53        13.0829      -0.802036        39.2688         2.0007       0.452429        8.80416      0.0114694       0.554925       0.973022      0.0434286     -0.0730181     0.00412117        24.5278         25.838
           3270              D        3377.97        39.3878       -1.98316        12.8425        0.79824       0.560746        8.74419      0.0114182       0.445707        1.56598      0.0821755     -0.0341031     0.00412277        24.5961        25.9071
           3271    YO4_DH11_E2        3377.97        39.3878       -1.98316        12.8425        0.79824       0.560746        8.74419      0.0114182       0.445707        1.56598      0.0821755     -0.0341031     0.00412277        24.5961        25.9071
           3272     DRIFT_1067        3378.68        42.2794       -2.07246         11.769       0.707347       0.568887        8.65636      0.0114182       0.437566        1.62457      0.0821755     -0.0311636     0.00412277        24.5989        25.9163
           3273     DRIFT_1067         3379.4        45.2983       -2.16175        10.8252       0.616454       0.577028        8.55693      0.0114182       0.429425        1.68316      0.0821755     -0.0282241     0.00412277        24.6015        25.9264
           3274     DRIFT_1067        3380.11        48.4446       -2.25105        10.0109       0.525561       0.585169        8.44589      0.0114182       0.421284        1.74175      0.0821755     -0.0252846     0.00412277        24.6039        25.9373
           3275             QF        3381.22         48.477        2.22284        9.98313      -0.499667      -0.196014        8.27332     -0.0102021      -0.335082        1.74324      -0.079501      -0.021932     0.00196925        24.6075        25.9553
           3276     DRIFT_1069        3381.35        47.8965        2.20678        10.1162      -0.516072      -0.197351        8.25527     -0.0102021      -0.333745        1.73282      -0.079501      -0.021674     0.00196925        24.6079        25.9574
           3277           SFPO         3382.1        44.6553        2.11487        10.9608      -0.609955      -0.205002        8.15871     -0.0102021      -0.326094         1.6732      -0.079501      -0.020197     0.00196925        24.6105        25.9687
           3278     DRIFT_1070        3382.73        42.0435        2.03779        11.7775      -0.688686      -0.211419        8.08658     -0.0102021      -0.319677         1.6232      -0.079501     -0.0189585     0.00196925        24.6128        25.9775
           3279     DRIFT_1070        3383.36        39.5286        1.96071        12.6934      -0.767417      -0.217835        8.02253     -0.0102021      -0.313261        1.57319      -0.079501     -0.0177199     0.00196925        24.6152        25.9857
           3280    YO4_DH12_E1        3383.36        39.5286        1.96071        12.6934      -0.767417      -0.217835        8.02253     -0.0102021      -0.313261        1.57319      -0.079501     -0.0177199     0.00196925        24.6152        25.9857
           3281              D         3392.8        13.3862       0.806206        38.3631       -1.95245      -0.314468        8.02233     -0.0101091      -0.219379        1.00467     -0.0409172    0.000865939     0.00196845        24.6825        26.0561
           3282    YO4_DH12_E2         3392.8        13.3862       0.806206        38.3631       -1.95245      -0.314468        8.02233     -0.0101091      -0.219379        1.00467     -0.0409172    0.000865939     0.00196845        24.6825        26.0561
           3283     DRIFT_1072        3393.51        12.2992       0.718324         41.211       -2.04189      -0.321675        8.09526     -0.0101091      -0.212171       0.975493     -0.0409172     0.00226942     0.00196845        24.6914         26.059
           3284     DRIFT_1072        3394.23        11.3376       0.630442        44.1864       -2.13132      -0.328883        8.17847     -0.0101091      -0.204963       0.946319     -0.0409172     0.00367289     0.00196845         24.701        26.0616
           3285     DRIFT_1072        3394.94        10.5012        0.54256        47.2894       -2.22075      -0.336091        8.27197     -0.0101091      -0.197756       0.917146     -0.0409172     0.00507637     0.00196845        24.7114        26.0641
           3286             QD        3396.05        10.5071      -0.548061        47.2482        2.25657       0.440637        8.44348      0.0136698       0.602552       0.919391      0.0449969     0.00695982     0.00139548        24.7285        26.0678
           3287     DRIFT_1074        3396.18        10.6529       -0.56428        46.6589        2.23967       0.442428        8.46446      0.0136698        0.60076       0.925288      0.0449969      0.0071427     0.00139548        24.7305        26.0682
           3288           SDMO        3396.93        11.5689      -0.657101         43.372        2.14297        0.45268        8.57552      0.0136698       0.590508       0.959035      0.0449969      0.0081893     0.00139548        24.7413        26.0709
           3289     DRIFT_1075        3397.56        12.4445       -0.73494        40.7273        2.06187       0.461278         8.6568      0.0136698        0.58191       0.987336      0.0449969     0.00906699     0.00139548        24.7496        26.0732
           3290     DRIFT_1075        3398.19        13.4179       -0.81278        38.1847        1.98078       0.469876        8.72727      0.0136698       0.573313        1.01564      0.0449969     0.00994468     0.00139548        24.7574        26.0758
           3291    YO4_DH13_E1        3398.19        13.4179       -0.81278        38.1847        1.98078       0.469876        8.72727      0.0136698       0.573313        1.01564      0.0449969     0.00994468     0.00139548        24.7574        26.0758
           3292              D        3407.63        39.7402       -1.97355        12.2849       0.763084       0.597845        8.48271      0.0135314        0.44304        1.62287      0.0836236      0.0231223     0.00139631        24.8244        26.1476
           3293    YO4_DH13_E2        3407.63        39.7402       -1.97355        12.2849       0.763084       0.597845        8.48271      0.0135314        0.44304        1.62287      0.0836236      0.0231223     0.00139631        24.8244        26.1476
           3294     DRIFT_1077        3408.34         42.617       -2.06137        11.2623       0.671252       0.607492        8.36546      0.0135314       0.433393        1.68249      0.0836236      0.0241179     0.00139631        24.8271        26.1572
           3295     DRIFT_1077        3409.05        45.6191        -2.1492        10.3706        0.57942        0.61714        8.23445      0.0135314       0.423745        1.74211      0.0836236      0.0251134     0.00139631        24.8297        26.1677
           3296     DRIFT_1077        3409.77        48.7464       -2.23702         9.6098       0.487587       0.626788        8.08968      0.0135314       0.414097        1.80174      0.0836236       0.026109     0.00139631        24.8321        26.1791
           3297             QF        3410.88        48.7196        2.26038        9.63106      -0.507388      -0.119363        7.86227     -0.0144423      -0.306099        1.80181     -0.0834838      0.0290292      0.0039101        24.8357        26.1978
           3298     DRIFT_1079        3411.01        48.1293        2.24394        9.76629      -0.524498      -0.121256        7.83805     -0.0144423      -0.304207        1.79087     -0.0834838      0.0295416      0.0039101        24.8361           26.2
           3299           SFMO        3411.76        44.8339         2.1499        10.6265      -0.622419      -0.132088        7.70896     -0.0144423      -0.293375        1.72826     -0.0834838      0.0324742      0.0039101        24.8387        26.2117
           3300     DRIFT_1080        3412.39        42.1791        2.07103        11.4611      -0.704536      -0.141171        7.61323     -0.0144423      -0.284291        1.67575     -0.0834838      0.0349335      0.0039101         24.841        26.2208
           3301     DRIFT_1080        3413.02        39.6236        1.99216         12.399      -0.786652      -0.150255        7.52893     -0.0144423      -0.275208        1.62325     -0.0834838      0.0373927      0.0039101        24.8434        26.2292
           3302    YO4_DH14_E1        3413.02        39.6236        1.99216         12.399      -0.786652      -0.150255        7.52893     -0.0144423      -0.275208        1.62325     -0.0834838      0.0373927      0.0039101        24.8434        26.2292
           3303              D        3422.46        13.1817       0.808517        38.8538       -2.01434      -0.285702         7.6318     -0.0144668      -0.138881        1.01858     -0.0446131      0.0742739     0.00390229        24.9112        26.2999
           3304    YO4_DH14_E2        3422.46        13.1817       0.808517        38.8538       -2.01434      -0.285702         7.6318     -0.0144668      -0.138881        1.01858     -0.0446131      0.0742739     0.00390229        24.9112        26.2999
           3305     DRIFT_1082        3423.17        12.0925        0.71907        41.7924       -2.10715      -0.296016        7.74383     -0.0144668      -0.128566       0.986768     -0.0446131      0.0770561     0.00390229        24.9202        26.3028
           3306     DRIFT_1082        3423.88        11.1309       0.629623        44.8633       -2.19996      -0.306331        7.87058     -0.0144668      -0.118252        0.95496     -0.0446131      0.0798384     0.00390229          24.93        26.3054
           3307     DRIFT_1082         3424.6        10.2969       0.540176        48.0665       -2.29277      -0.316646        8.01203     -0.0144668      -0.107937       0.923151     -0.0446131      0.0826207     0.00390229        24.9406        26.3078
           3308             QD        3425.71        10.2899      -0.533641        48.0976        2.26574       0.439989        8.26322      0.0176208       0.672042       0.921574      0.0417463      0.0825839    -0.00396795        24.9581        26.3114
           3309     DRIFT_1084        3425.84        10.4319      -0.550004         47.506        2.24903       0.442298        8.29333      0.0176208       0.669733       0.927045      0.0417463      0.0820639    -0.00396795        24.9601        26.3119
           3310           SDPO        3426.59        11.3271      -0.643647        44.2041        2.15339       0.455513          8.454      0.0176208       0.656518       0.958355      0.0417463       0.079088    -0.00396795        24.9711        26.3145
           3311     DRIFT_1085        3427.22        12.1862      -0.722177        41.5458        2.07318       0.466596        8.57345      0.0176208       0.645435       0.984611      0.0417463      0.0765923    -0.00396795        24.9796        26.3168
           3312     DRIFT_1085        3427.85         13.144      -0.800706        38.9884        1.99297       0.477679        8.67896      0.0176208       0.634352        1.01087      0.0417463      0.0740966    -0.00396795        24.9875        26.3193
           3313    YO4_DH15_E1        3427.85         13.144      -0.800706        38.9884        1.99297       0.477679        8.67896      0.0176208       0.634352        1.01087      0.0417463      0.0740966    -0.00396795        24.9875        26.3193
           3314              D        3437.29        39.3825       -1.97833        12.7026       0.790217       0.645452        8.57906      0.0176743       0.467448        1.58842      0.0806053       0.036599    -0.00397509        25.0556         26.389
           3315    YO4_DH15_E2        3437.29        39.3825       -1.97833        12.7026       0.790217       0.645452        8.57906      0.0176743       0.467448        1.58842      0.0806053       0.036599    -0.00397509        25.0556         26.389
           3316     DRIFT_1087           3438         42.267       -2.06729        11.6408       0.699039       0.658053        8.44316      0.0176743       0.454847        1.64589      0.0806053      0.0337649    -0.00397509        25.0584        26.3983
           3317     DRIFT_1087        3438.71        45.2783       -2.15625         10.709        0.60786       0.670655        8.28929      0.0176743       0.442245        1.70336      0.0806053      0.0309307    -0.00397509         25.061        26.4085
           3318     DRIFT_1087        3439.42        48.4165       -2.24521        9.90719       0.516682       0.683256        8.11745      0.0176743       0.429644        1.76083      0.0806053      0.0280965    -0.00397509        25.0634        26.4195
           3319             QF        3440.53         48.436         2.2282        9.89063       -0.50126     -0.0630455        7.84221     -0.0167856      -0.292638         1.7596     -0.0828151      0.0250563    -0.00154937         25.067        26.4377
           3320     DRIFT_1089        3440.67        47.8541        2.21207        10.0242      -0.517839     -0.0652453        7.81241     -0.0167856      -0.290438        1.74874     -0.0828151      0.0248532    -0.00154937        25.0674        26.4398
           3321           SFPO        3441.42        44.6053         2.1197        10.8721      -0.612721     -0.0778345        7.65296     -0.0167856      -0.277849        1.68663     -0.0828151      0.0236912    -0.00154937          25.07        26.4513
           3322     DRIFT_1090        3442.04        41.9876        2.04225        11.6929       -0.69229     -0.0883919         7.5338     -0.0167856      -0.267292        1.63454     -0.0828151      0.0227167    -0.00154937        25.0723        26.4601
           3323     DRIFT_1090        3442.67        39.4674        1.96479        12.6138      -0.771858     -0.0989492        7.42792     -0.0167856      -0.256734        1.58246     -0.0828151      0.0217422    -0.00154937        25.0748        26.4684
           3324    YO4_DH16_E1        3442.67        39.4674        1.96479        12.6138      -0.771858     -0.0989492        7.42792     -0.0167856      -0.256734        1.58246     -0.0828151      0.0217422    -0.00154937        25.0748        26.4684
           3325              D        3452.11        13.3624       0.801227        38.3993       -1.95725      -0.255882          7.431     -0.0168487     -0.0972469       0.984848      -0.043798     0.00709457     -0.0015531        25.1422        26.5389
           3326    YO4_DH16_E2        3452.11        13.3624       0.801227        38.3993       -1.95725      -0.255882          7.431     -0.0168487     -0.0972469       0.984848      -0.043798     0.00709457     -0.0015531        25.1422        26.5389
           3327     DRIFT_1092        3452.83        12.2823       0.713616        41.2542       -2.04694      -0.267895        7.55267     -0.0168487      -0.085234       0.953621      -0.043798     0.00598724     -0.0015531        25.1511        26.5418
           3328     DRIFT_1092        3453.54        11.3272       0.626004         44.237       -2.13664      -0.279907        7.69147     -0.0168487     -0.0732212       0.922394      -0.043798      0.0048799     -0.0015531        25.1607        26.5444
           3329     DRIFT_1092        3454.25         10.497       0.538393        47.3478       -2.22634       -0.29192         7.8474     -0.0168487     -0.0612084       0.891166      -0.043798     0.00377257     -0.0015531        25.1711        26.5469
           3330             QD        3455.36        10.5116       -0.55197         47.314        2.25567       0.450139        8.12349       0.020485       0.703106       0.888772      0.0394455     0.00188274    -0.00182224        25.1883        26.5506
           3331     DRIFT_1094        3455.49        10.6584      -0.568235         46.725        2.23881       0.452824        8.15629       0.020485       0.700422       0.893941      0.0394455     0.00164393    -0.00182224        25.1903         26.551
           3332           SDMO        3456.24        11.5805      -0.661324        43.4392         2.1423       0.468188        8.33046       0.020485       0.685058       0.923525      0.0394455    0.000277254    -0.00182224         25.201        26.5537
           3333     DRIFT_1095        3456.87        12.4615      -0.739388        40.7953        2.06137       0.481072        8.45876       0.020485       0.672174       0.948334      0.0394455   -0.000868847    -0.00182224        25.2093        26.5561
           3334     DRIFT_1095         3457.5        13.4407      -0.817452        38.2532        1.98044       0.493956        8.57085       0.020485        0.65929       0.973144      0.0394455    -0.00201495    -0.00182224        25.2171        26.5586
           3335    YO4_DH17_E1         3457.5        13.4407      -0.817452        38.2532        1.98044       0.493956        8.57085       0.020485        0.65929       0.973144      0.0394455    -0.00201495    -0.00182224        25.2171        26.5586
           3336              D        3466.94         39.899       -1.98384         12.326       0.765788       0.687098        8.30149      0.0204044        0.46496        1.52833      0.0781571     -0.0192176    -0.00182211        25.2839        26.6302
           3337    YO4_DH17_E2        3466.94         39.899       -1.98384         12.326       0.765788       0.687098        8.30149      0.0204044        0.46496        1.52833      0.0781571     -0.0192176    -0.00182211        25.2839        26.6302
           3338     DRIFT_1097        3467.66        42.7908       -2.07204        11.2994       0.674022       0.701646        8.13273      0.0204044       0.450412        1.58406      0.0781571     -0.0205168    -0.00182211        25.2866        26.6398
           3339     DRIFT_1097        3468.37        45.8084       -2.16024        10.4037       0.582256       0.716194        7.94323      0.0204044       0.435864        1.63978      0.0781571     -0.0218159    -0.00182211        25.2892        26.6503
           3340     DRIFT_1097        3469.08        48.9517       -2.24843        9.63883        0.49049       0.730742        7.73299      0.0204044       0.421316        1.69551      0.0781571      -0.023115    -0.00182211        25.2916        26.6616
           3341             QF        3470.19        48.9243        2.27228        9.65705      -0.507458      0.0225816         7.3946     -0.0210979      -0.262377        1.69491     -0.0792129      -0.026363    -0.00407991        25.2952        26.6803
           3342     DRIFT_1099        3470.32        48.3309        2.25577        9.79229      -0.524522      0.0198167        7.35762     -0.0210979      -0.259612        1.68453     -0.0792129     -0.0268977    -0.00407991        25.2956        26.6824
           3343           SFMO        3471.07        45.0181        2.16129        10.6523      -0.622185     0.00399322        7.15992     -0.0210979      -0.243789        1.62512     -0.0792129     -0.0299577    -0.00407991        25.2981        26.6941
           3344     DRIFT_1100         3471.7        42.3492        2.08206        11.4865      -0.704086    -0.00927639        7.01242     -0.0210979      -0.230519         1.5753     -0.0792129     -0.0325237    -0.00407991        25.3004        26.7032
           3345     DRIFT_1100        3472.33          39.78        2.00283        12.4237      -0.785986      -0.022546        6.88161     -0.0210979      -0.217249        1.52548     -0.0792129     -0.0350898    -0.00407991        25.3029        26.7116
           3346    YO4_DH18_E1        3472.33          39.78        2.00283        12.4237      -0.785986      -0.022546        6.88161     -0.0210979      -0.217249        1.52548     -0.0792129     -0.0350898    -0.00407991        25.3029        26.7116
           3347              D        3481.77        13.1722       0.814601        38.8582       -2.01367        -0.2214        6.91887     -0.0210897     -0.0188301        0.96063       -0.04044     -0.0735961    -0.00407734        25.3705        26.7822
           3348    YO4_DH18_E2        3481.77        13.1722       0.814601        38.8582       -2.01367        -0.2214        6.91887     -0.0210897     -0.0188301        0.96063       -0.04044     -0.0735961    -0.00407734        25.3705        26.7822
           3349     DRIFT_1102        3482.48        12.0748       0.724555        41.7957       -2.10642      -0.236436        7.07402     -0.0210897    -0.00379347       0.931797       -0.04044     -0.0765032    -0.00407734        25.3795         26.785
           3350     DRIFT_1102         3483.2        11.1058       0.634509        44.8655       -2.19917      -0.251473        7.25061     -0.0210897      0.0112432       0.902963       -0.04044     -0.0794103    -0.00407734        25.3893        26.7877
           3351     DRIFT_1102        3483.91        10.2652       0.544463        48.0676       -2.29191       -0.26651        7.44865     -0.0210897      0.0262798        0.87413       -0.04044     -0.0823174    -0.00407734           25.4        26.7901
           3352             QD        3485.02         10.244      -0.524723        48.1043        2.26004       0.440827        7.79521      0.0234996       0.756011       0.874606       0.041304     -0.0824938     0.00376229        25.4175        26.7937
           3353     DRIFT_1104        3485.15        10.3837      -0.541038        47.5141         2.2434       0.443907        7.83611      0.0234996       0.752932       0.880018       0.041304     -0.0820008     0.00376229        25.4195        26.7942
           3354           SDPO         3485.9        11.2653      -0.634409        44.2204        2.14817       0.461532        8.05466      0.0234996       0.735307       0.910996       0.041304      -0.079179     0.00376229        25.4306        26.7968
           3355     DRIFT_1105        3486.53        12.1126      -0.712711        41.5685        2.06831       0.476312        8.21755      0.0234996       0.720527       0.936975       0.041304     -0.0768127     0.00376229        25.4392        26.7991
           3356     DRIFT_1105        3487.16        13.0583      -0.791013         39.017        1.98845       0.491092        8.36186      0.0234996       0.705747       0.962953       0.041304     -0.0744464     0.00376229        25.4471        26.8016
           3357    YO4_DH19_E1        3487.16        13.0583      -0.791013         39.017        1.98845       0.491092        8.36186      0.0234996       0.705747       0.962953       0.041304     -0.0744464     0.00376229        25.4471        26.8016
           3358              D         3496.6        39.0642       -1.96279        12.7785       0.790325       0.713379         8.2878      0.0234752       0.483114        1.53598      0.0800813     -0.0389102      0.0037657        25.5157        26.8711
           3359    YO4_DH19_E2         3496.6        39.0642       -1.96279        12.7785       0.790325       0.713379         8.2878      0.0234752       0.483114        1.53598      0.0800813     -0.0389102      0.0037657        25.5157        26.8711
           3360     DRIFT_1107        3497.31        41.9263       -2.05136        11.7161       0.699678       0.730116        8.11169      0.0234752       0.466377        1.59307      0.0800813     -0.0362253      0.0037657        25.5186        26.8803
           3361     DRIFT_1107        3498.03        44.9146       -2.13992        10.7831       0.609032       0.746854        7.91171      0.0234752       0.449639        1.65017      0.0800813     -0.0335404      0.0037657        25.5212        26.8904
           3362     DRIFT_1107        3498.74        48.0292       -2.22849        9.97922       0.518386       0.763591        7.68787      0.0234752       0.432902        1.70727      0.0800813     -0.0308555      0.0037657        25.5236        26.9014
           3363             QF        3499.85        48.0508        2.20968        9.96546      -0.505568        0.06153        7.32387     -0.0225648       -0.24664        1.70816     -0.0784931     -0.0281941     0.00107039        25.5272        26.9194
           3364     DRIFT_1109        3499.98        47.4738        2.19364        10.1001       -0.52208      0.0585729        7.28387     -0.0225648      -0.243683        1.69787     -0.0784931     -0.0280539     0.00107039        25.5277        26.9215
           3365           SFPO        3500.73        44.2522        2.10182        10.9541      -0.616576      0.0416493        7.06987     -0.0225648      -0.226759          1.639     -0.0784931     -0.0272511     0.00107039        25.5303        26.9329
           3366     DRIFT_1110        3501.36        41.6567        2.02482        11.7796      -0.695821      0.0274571        6.90998     -0.0225648      -0.212567        1.58963     -0.0784931     -0.0265778     0.00107039        25.5326        26.9417
           3367     DRIFT_1110        3501.99        39.1581        1.94782        12.7047      -0.775066      0.0132649        6.76795     -0.0225648      -0.198375        1.54026     -0.0784931     -0.0259046     0.00107039        25.5351        26.9499
           3368    YO4_DH20_E1        3501.99        39.1581        1.94782        12.7047      -0.775066      0.0132649        6.76795     -0.0225648      -0.198375        1.54026     -0.0784931     -0.0259046     0.00107039        25.5351        26.9499
           3369              D        3511.43        13.2826       0.792565        38.5425       -1.96089      -0.199135        6.77656     -0.0225693      0.0143428       0.982523     -0.0396585     -0.0157883     0.00107257         25.603          27.02
           3370    YO4_DH20_E2        3511.43        13.2826       0.792565        38.5425       -1.96089      -0.199135        6.77656     -0.0225693      0.0143428       0.982523     -0.0396585     -0.0157883     0.00107257         25.603          27.02
           3371     DRIFT_1112        3512.14        12.2147       0.705169        41.4025       -2.05052      -0.215226        6.94024     -0.0225693      0.0304344       0.954248     -0.0396585     -0.0150236     0.00107257        25.6119        27.0229
           3372     DRIFT_1112        3512.85        11.2715       0.617772        44.3904       -2.14015      -0.231318        7.12686     -0.0225693      0.0465259       0.925972     -0.0396585     -0.0142588     0.00107257        25.6216        27.0255
           3373     DRIFT_1112        3513.57        10.4529       0.530375        47.5061       -2.22978       -0.24741        7.33643     -0.0225693      0.0626175       0.897696     -0.0396585     -0.0134941     0.00107257        25.6321         27.028
           3374             QD        3514.68        10.4807      -0.556278        47.4664        2.26427       0.451072          7.702      0.0262935       0.781691       0.900292      0.0443775     -0.0116242     0.00226724        25.6493        27.0316
           3375     DRIFT_1114        3514.81        10.6286      -0.572651        46.8752        2.24736       0.454517        7.74488      0.0262935       0.778245       0.906108      0.0443775     -0.0113271     0.00226724        25.6512        27.0321
           3376           SDMO        3515.56        11.5579      -0.666355        43.5768        2.15055       0.474238        7.97289      0.0262935       0.758525       0.939391      0.0443775    -0.00962663     0.00226724         25.662        27.0347
           3377     DRIFT_1115        3516.19        12.4455      -0.744936        40.9226        2.06936       0.490775        8.14129      0.0262935       0.741988       0.967302      0.0443775    -0.00820065     0.00226724        25.6704        27.0371
           3378     DRIFT_1115        3516.82         13.432      -0.823517        38.3706        1.98818       0.507312        8.28889      0.0262935        0.72545       0.995213      0.0443775    -0.00677466     0.00226724        25.6781        27.0396
           3379    YO5_DH20_E1        3516.82         13.432      -0.823517        38.3706        1.98818       0.507312        8.28889      0.0262935        0.72545       0.995213      0.0443775    -0.00677466     0.00226724        25.6781        27.0396
           3380              D        3526.26        40.0952       -2.00006        12.3228       0.770255       0.756225        7.99815      0.0262894       0.476515        1.59734      0.0831743      0.0146294     0.00226693        25.7448        27.1111
           3381    YO5_DH20_E2        3526.26        40.0952       -2.00006        12.3228       0.770255       0.756225        7.99815      0.0262894       0.476515        1.59734      0.0831743      0.0146294     0.00226693        25.7448        27.1111
           3382     DRIFT_1117        3526.97        43.0106       -2.08897        11.2901       0.678068       0.774969        7.78536      0.0262894       0.457771        1.65664      0.0831743      0.0162457     0.00226693        25.7475        27.1207
           3383     DRIFT_1117        3527.68        46.0529       -2.17789         10.389       0.585881       0.793713        7.54584      0.0262894       0.439027        1.71594      0.0831743       0.017862     0.00226693        25.7501        27.1312
           3384     DRIFT_1117         3528.4        49.2219       -2.26681        9.61924       0.493695       0.812457        7.27959      0.0262894       0.420283        1.77524      0.0831743      0.0194783     0.00226693        25.7524        27.1426
           3385             QF        3529.51        49.2026        2.28355        9.62939       -0.50315        0.15072        6.84599       -0.02674      -0.218787        1.77601     -0.0818073       0.023042     0.00420892         25.756        27.1613
           3386     DRIFT_1119        3529.64        48.6063          2.267         9.7635      -0.520205       0.147215        6.79803       -0.02674      -0.215282        1.76529     -0.0818073      0.0235936     0.00420892        25.7564        27.1634
           3387           SFMO        3530.39        45.2768        2.17227         10.617      -0.617809        0.12716        6.54119       -0.02674      -0.195227        1.70393     -0.0818073      0.0267503     0.00420892        25.7589        27.1751
           3388     DRIFT_1120        3531.02        42.5943        2.09283        11.4456       -0.69966       0.110342          6.349       -0.02674      -0.178409        1.65248     -0.0818073      0.0293975     0.00420892        25.7612        27.1842
           3389     DRIFT_1120        3531.65        40.0117        2.01339        12.3772      -0.781512       0.093524        6.17797       -0.02674      -0.161591        1.60103     -0.0818073      0.0320447     0.00420892        25.7636        27.1926
           3390    YO5_DH19_E1        3531.65        40.0117        2.01339        12.3772      -0.781512       0.093524        6.17797       -0.02674      -0.161591        1.60103     -0.0818073      0.0320447     0.00420892        25.7636        27.1926
           3391              D        3541.09        13.2526       0.821017        38.6937       -2.00469      -0.158079        6.14884     -0.0267453      0.0908817         1.0123     -0.0429135      0.0717465     0.00420085        25.8309        27.2636
           3392    YO5_DH19_E2        3541.09        13.2526       0.821017        38.6937       -2.00469      -0.158079        6.14884     -0.0267453      0.0908817         1.0123     -0.0429135      0.0717465     0.00420085        25.8309        27.2636
           3393     DRIFT_1122         3541.8        12.1461       0.730952        41.6182       -2.09717      -0.177148        6.33994     -0.0267453       0.109951       0.981706     -0.0429135      0.0747416     0.00420085        25.8398        27.2664
           3394     DRIFT_1122        3542.51         11.168       0.640888        44.6747       -2.18964      -0.196217        6.55823     -0.0267453        0.12902       0.951109     -0.0429135      0.0777367     0.00420085        25.8496        27.2691
           3395     DRIFT_1122        3543.22        10.3183       0.550824         47.863       -2.28212      -0.215286        6.80371     -0.0267453       0.148089       0.920512     -0.0429135      0.0807319     0.00420085        25.8602        27.2715
           3396             QD        3544.33        10.2889      -0.523401        47.8945        2.25472       0.436451        7.23002      0.0287834       0.820689       0.920692      0.0432403      0.0811209    -0.00350601        25.8776        27.2752
           3397     DRIFT_1124        3544.47        10.4282      -0.539627        47.3057        2.23807       0.440223        7.27988      0.0287834       0.816917       0.926359      0.0432403      0.0806615    -0.00350601        25.8797        27.2756
           3398           SDPO        3545.22        11.3073       -0.63249          44.02        2.14281       0.461811        7.54621      0.0287834        0.79533       0.958789      0.0432403      0.0780319    -0.00350601        25.8907        27.2782
           3399     DRIFT_1125        3545.84        12.1519      -0.710366        41.3749        2.06291       0.479914        7.74459      0.0287834       0.777226       0.985985      0.0432403      0.0758268    -0.00350601        25.8992        27.2806
           3400     DRIFT_1125        3546.47        13.0944      -0.788241        38.8302        1.98302       0.498017         7.9202      0.0287834       0.759123        1.01318      0.0432403      0.0736217    -0.00350601        25.9071        27.2831
           3401    YO5_DH18_E1        3546.47        13.0944      -0.788241        38.8302        1.98302       0.498017         7.9202      0.0287834       0.759123        1.01318      0.0432403      0.0736217    -0.00350601        25.9071        27.2831
           3402              D        3555.91        38.9741       -1.95173        12.7082       0.783887         0.7694        7.81601        0.02869       0.486519        1.60425      0.0819614      0.0405207    -0.00350639        25.9757        27.3529
           3403    YO5_DH18_E2        3555.91        38.9741       -1.95173        12.7082       0.783887         0.7694        7.81601        0.02869       0.486519        1.60425      0.0819614      0.0405207    -0.00350639        25.9757        27.3529
           3404     DRIFT_1127        3556.71        42.1629       -2.05006        11.5396       0.682653       0.792261        7.57237        0.02869       0.463657        1.66956      0.0819614      0.0377267    -0.00350639        25.9789        27.3634
           3405     DRIFT_1127        3557.51        45.5085       -2.14839        10.5323       0.581419       0.815123        7.29231        0.02869       0.440795        1.73487      0.0819614      0.0349326    -0.00350639        25.9818        27.3749
           3406          QGTJO        3557.51        45.5085       -2.15749        10.5323       0.583525       0.816582        7.29231      0.0289415       0.442254        1.73487      0.0823084      0.0349326    -0.00351337        25.9818        27.3749
           3407     DRIFT_1128        3558.05        47.8981       -2.22524         9.9338       0.514128       0.832362         7.0796      0.0289415       0.426473        1.77975      0.0823084      0.0330169    -0.00351337        25.9836        27.3834
           3408             QF        3559.16        47.9321        2.19571        9.92427      -0.505252       0.191992        6.62881     -0.0282384      -0.193243        1.77951     -0.0827373      0.0307497   -0.000606332        25.9872        27.4015
           3409     DRIFT_1129        3559.29        47.3587         2.1798        10.0589      -0.521828       0.188291        6.57881     -0.0282384      -0.189542        1.76866     -0.0827373      0.0306703   -0.000606332        25.9877        27.4036
           3410           SFPO        3560.04        44.1573        2.08871        10.9128      -0.616692       0.167113        6.31132     -0.0282384      -0.168364        1.70661     -0.0827373      0.0302155   -0.000606332        25.9903         27.415
           3411     DRIFT_1130        3560.67        41.5779        2.01233        11.7385      -0.696246       0.149352        6.11149     -0.0282384      -0.150603        1.65457     -0.0827373      0.0298342   -0.000606332        25.9926        27.4239
           3412     DRIFT_1130         3561.3        39.0947        1.93594        12.6644      -0.775799       0.131591        5.93401     -0.0282384      -0.132842        1.60254     -0.0827373      0.0294528   -0.000606332        25.9951        27.4321
           3413    YO5_DH17_E1         3561.3        39.0947        1.93594        12.6644      -0.775799       0.131591        5.93401     -0.0282384      -0.132842        1.60254     -0.0827373      0.0294528   -0.000606332        25.9951        27.4321
           3414              D        3570.74        13.3283       0.791508        38.5992       -1.97181      -0.135331        5.95048      -0.028238       0.132591        1.00375     -0.0440941      0.0237358    -0.00060488        26.0629        27.5023
           3415    YO5_DH17_E2        3570.74        13.3283       0.791508        38.5992       -1.97181      -0.135331        5.95048      -0.028238       0.132591        1.00375     -0.0440941      0.0237358    -0.00060488        26.0629        27.5023
           3416     DRIFT_1132        3571.46        12.2616         0.7045        41.4753        -2.0621      -0.155464        6.15586      -0.028238       0.152724       0.972309     -0.0440941      0.0233045    -0.00060488        26.0718        27.5051
           3417     DRIFT_1132        3572.17        11.3191       0.617493        44.4801       -2.15239      -0.175598        6.38995      -0.028238       0.172858       0.940871     -0.0440941      0.0228732    -0.00060488        26.0815        27.5078
           3418     DRIFT_1132        3572.88        10.5006       0.530486        47.6138       -2.24268      -0.195731        6.65275      -0.028238       0.192991       0.909432     -0.0440941      0.0224419    -0.00060488        26.0919        27.5103
           3419             QD        3573.99        10.5331      -0.560769        47.5888         2.2644       0.443845        7.10681      0.0320294       0.851002        0.90766      0.0408721      0.0206174    -0.00265376         26.109        27.5139
           3420     DRIFT_1134        3574.12        10.6822      -0.577123        46.9975        2.24752       0.448042        7.15962      0.0320294       0.846805       0.913016      0.0408721      0.0202697    -0.00265376         26.111        27.5143
           3421           SDMO        3574.87        11.6181      -0.670718        43.6986        2.15095       0.472065        7.44067      0.0320294       0.822783        0.94367      0.0408721      0.0182793    -0.00265376        26.1217         27.517
           3422     DRIFT_1135         3575.5        12.5111      -0.749207        41.0439        2.06997        0.49221        7.64859      0.0320294       0.802638       0.969377      0.0408721      0.0166103    -0.00265376          26.13        27.5193
           3423     DRIFT_1135        3576.13        13.5029      -0.827697         38.491        1.98899       0.512355        7.83116      0.0320294       0.782493       0.995083      0.0408721      0.0149412    -0.00265376        26.1377        27.5219
           3424    YO5_DH16_E1        3576.13        13.5029      -0.827697         38.491        1.98899       0.512355        7.83116      0.0320294       0.782493       0.995083      0.0408721      0.0149412    -0.00265376        26.1377        27.5219
           3425              D        3585.57        40.2825       -2.00992        12.3678        0.77574       0.818149        7.51292      0.0322755       0.479826        1.56503      0.0798824     -0.0101206    -0.00265442         26.204         27.593
           3426    YO5_DH16_E2        3585.57        40.2825       -2.00992        12.3678        0.77574       0.818149        7.51292      0.0322755       0.479826        1.56503      0.0798824     -0.0101206    -0.00265442         26.204         27.593
           3427     DRIFT_1137        3586.37        43.5652       -2.10962        11.2137       0.672538       0.843868        7.22283      0.0322755       0.454107        1.62869      0.0798824     -0.0122357    -0.00265442        26.2071        27.6038
           3428     DRIFT_1137        3587.17        47.0067       -2.20931        10.2241       0.569337       0.869587        6.89176      0.0322755       0.428389        1.69234      0.0798824     -0.0143509    -0.00265442        26.2099        27.6157
           3429          QGTJO        3587.17        47.0067       -2.21871        10.2241       0.571382       0.870965        6.89176      0.0325354       0.429767        1.69234      0.0802209     -0.0143509    -0.00265155        26.2099        27.6157
           3430     DRIFT_1138        3587.71        49.4637       -2.28741        9.63961       0.500641       0.888705        6.64152      0.0325354       0.412027        1.73608      0.0802209     -0.0157967    -0.00265155        26.2117        27.6244
           3431             QF        3588.82        49.4651        2.28617        9.63593      -0.497206       0.291644        6.11014     -0.0324451      -0.165126        1.73562     -0.0810539     -0.0196048     -0.0042683        26.2152        27.6431
           3432     DRIFT_1139        3588.95         48.868        2.26968        9.76847      -0.514168       0.287392        6.05084     -0.0324451      -0.160874          1.725     -0.0810539     -0.0201642     -0.0042683        26.2156        27.6453
           3433           SFMO         3589.7        45.5343        2.17527        10.6125      -0.611244       0.263058        5.73289     -0.0324451      -0.136541         1.6642     -0.0810539     -0.0233654     -0.0042683        26.2181         27.657
           3434     DRIFT_1140        3590.33        42.8479         2.0961        11.4326      -0.692651       0.242651         5.4944     -0.0324451      -0.116134        1.61323     -0.0810539     -0.0260499     -0.0042683        26.2204        27.6661
           3435     DRIFT_1140        3590.96         40.261        2.01692        12.3551      -0.774059       0.222245        5.28157     -0.0324451     -0.0957277        1.56225     -0.0810539     -0.0287345     -0.0042683        26.2228        27.6745
           3436    YO5_DH15_E1        3590.96         40.261        2.01692        12.3551      -0.774059       0.222245        5.28157     -0.0324451     -0.0957277        1.56225     -0.0810539     -0.0287345     -0.0042683        26.2228        27.6745
           3437              D         3600.4        13.3549         0.8309        38.5268        -1.9989     -0.0845962         5.1688     -0.0324667       0.209557       0.979189     -0.0424429     -0.0690468     -0.0042724        26.2895        27.7457
           3438    YO5_DH15_E2         3600.4        13.3549         0.8309        38.5268        -1.9989     -0.0845962         5.1688     -0.0324667       0.209557       0.979189     -0.0424429     -0.0690468     -0.0042724        26.2895        27.7457
           3439     DRIFT_1142        3601.11        12.2345       0.740654        41.4431       -2.09135      -0.107744        5.39504     -0.0324667       0.232705       0.948928     -0.0424429     -0.0720929     -0.0042724        26.2984        27.7486
           3440     DRIFT_1142        3601.83        11.2426       0.650409        44.4912        -2.1838      -0.130893        5.65428     -0.0324667       0.255854       0.918667     -0.0424429     -0.0751391     -0.0042724        26.3081        27.7512
           3441     DRIFT_1142        3602.54        10.3795       0.560163        47.6712       -2.27626      -0.154041        5.94652     -0.0324667       0.279002       0.888406     -0.0424429     -0.0781852     -0.0042724        26.3186        27.7537
           3442             QD        3603.65        10.3339      -0.517644        47.7143        2.23875       0.420903        6.45132      0.0336914       0.872981       0.887379      0.0405773     -0.0787882     0.00319549         26.336        27.7573
           3443     DRIFT_1144        3603.78        10.4717      -0.533724        47.1297        2.22224       0.425318        6.50999      0.0336914       0.868566       0.892697      0.0405773     -0.0783694     0.00319549         26.338        27.7578
           3444           SDPO        3604.53        11.3413      -0.625748        43.8672        2.12774       0.450587        6.82347      0.0336914       0.843297        0.92313      0.0405773     -0.0759728     0.00319549         26.349        27.7604
           3445     DRIFT_1145        3605.16         12.177      -0.702919        41.2406        2.04849       0.471777        7.05714      0.0336914       0.822107       0.948651      0.0405773      -0.073963     0.00319549        26.3575        27.7627
           3446     DRIFT_1145        3605.79        13.1097      -0.780091        38.7136        1.96924       0.492967        7.26415      0.0336914       0.800916       0.974172      0.0405773     -0.0719532     0.00319549        26.3654        27.7653
           3447    YO5_DH14_E1        3605.79        13.1097      -0.780091        38.7136        1.96924       0.492967        7.26415      0.0336914       0.800916       0.974172      0.0405773     -0.0719532     0.00319549        26.3654        27.7653
           3448              D        3615.23        38.7434       -1.93409        12.7555       0.780046       0.811084         7.1641      0.0336338       0.482122        1.54017      0.0793173     -0.0417751     0.00319755        26.4342        27.8351
           3449    YO5_DH14_E2        3615.23        38.7434       -1.93409        12.7555       0.780046       0.811084         7.1641      0.0336338       0.482122        1.54017      0.0793173     -0.0417751     0.00319755        26.4342        27.8351
           3450     DRIFT_1147        3616.03        41.9034        -2.0316        11.5924       0.679563       0.837885        6.88061      0.0336338       0.455321        1.60337      0.0793173     -0.0392271     0.00319755        26.4373        27.8455
           3451     DRIFT_1147        3616.82        45.2189        -2.1291        10.5895        0.57908       0.864686         6.5544      0.0336338        0.42852        1.66658      0.0793173     -0.0366792     0.00319755        26.4402         27.857
           3452          QGTJO        3616.82        45.2189       -2.13814        10.5895       0.581198       0.865997         6.5544      0.0338927       0.429831        1.66658      0.0796506     -0.0366792     0.00320488        26.4402         27.857
           3453     DRIFT_1148        3617.37        47.5872       -2.20533        9.99325       0.512315       0.884477        6.30651      0.0338927       0.411351        1.71001      0.0796506     -0.0349317     0.00320488        26.4421        27.8654
           3454             QF        3618.48        47.6064        2.18863        9.99372      -0.512745       0.319533        5.77777     -0.0334516      -0.135165        1.71034     -0.0790505     -0.0331124    0.000100986        26.4458        27.8834
           3455     DRIFT_1149        3618.61        47.0348         2.1727        10.1303      -0.529306       0.315149        5.71875     -0.0334516      -0.130782        1.69998     -0.0790505     -0.0330992    0.000100986        26.4462        27.8855
           3456           SFPO        3619.36        43.8442        2.08148        10.9953      -0.624083       0.290061        5.40312     -0.0334516      -0.105693         1.6407     -0.0790505     -0.0330234    0.000100986        26.4488        27.8968
           3457     DRIFT_1150        3619.99         41.274        2.00498        11.8303      -0.703564       0.269021        5.16745     -0.0334516     -0.0846533        1.59098     -0.0790505     -0.0329599    0.000100986        26.4512        27.9056
           3458     DRIFT_1150        3620.62           38.8        1.92848        12.7654      -0.783045       0.247982        4.95823     -0.0334516     -0.0636138        1.54126     -0.0790505     -0.0328964    0.000100986        26.4537        27.9138
           3459    YO5_DH13_E1        3620.62           38.8        1.92848        12.7654      -0.783045       0.247982        4.95823     -0.0334516     -0.0636138        1.54126     -0.0790505     -0.0328964    0.000100986        26.4537        27.9138
           3460              D        3630.06        13.1916       0.782285        38.8257       -1.97783     -0.0682017        4.99568     -0.0334753       0.251399       0.977268     -0.0404108     -0.0319508    9.93501e-05        26.5222        27.9835
           3461    YO5_DH13_E2        3630.06        13.1916       0.782285        38.8257       -1.97783     -0.0682017        4.99568     -0.0334753       0.251399       0.977268     -0.0404108     -0.0319508    9.93501e-05        26.5222        27.9835
           3462     DRIFT_1152        3630.77        12.1382        0.69516        41.7103       -2.06803     -0.0920691        5.24056     -0.0334753       0.275267       0.948455     -0.0404108     -0.0318799    9.93501e-05        26.5311        27.9863
           3463     DRIFT_1152        3631.48        11.2091       0.608036        44.7236       -2.15823      -0.115937        5.51949     -0.0334753       0.299134       0.919643     -0.0404108     -0.0318091    9.93501e-05        26.5409        27.9889
           3464     DRIFT_1152         3632.2        10.4041       0.520912        47.8655       -2.24843      -0.139804        5.83244     -0.0334753       0.323002       0.890831     -0.0404108     -0.0317383    9.93501e-05        26.5514        27.9914
           3465             QD        3633.31        10.4485       -0.56224        47.8299        2.27938       0.427235        6.36947      0.0372041       0.905957       0.892207      0.0429123     -0.0299837     0.00303443        26.5687         27.995
           3466     DRIFT_1154        3633.44         10.598      -0.578747        47.2347        2.26241       0.432111        6.43157      0.0372041       0.901082       0.897831      0.0429123      -0.029586     0.00303443        26.5707        27.9954
           3467           SDMO        3634.19         11.537      -0.673219        43.9139        2.16526       0.460014        6.76237      0.0372041       0.873178       0.930015      0.0429123     -0.0273102     0.00303443        26.5815         27.998
           3468     DRIFT_1155        3634.82        12.4336      -0.752444        41.2415        2.08379       0.483413        7.00751      0.0372041       0.849779       0.957005      0.0429123     -0.0254017     0.00303443        26.5898        28.0004
           3469     DRIFT_1155        3635.45          13.43      -0.831668        38.6715        2.00232       0.506813        7.22322      0.0372041       0.826379       0.983995      0.0429123     -0.0234932     0.00303443        26.5976        28.0029
           3470    YO5_DH12_E1        3635.45          13.43      -0.831668        38.6715        2.00232       0.506813        7.22322      0.0372041       0.826379       0.983995      0.0429123     -0.0234932     0.00303443        26.5976        28.0029
           3471              D        3644.89        40.3083       -2.01366        12.4158       0.779125       0.857074        6.92272       0.037047       0.474349        1.57173      0.0815805     0.00515143      0.0030341         26.664        28.0738
           3472    YO5_DH12_E2        3644.89        40.3083       -2.01366        12.4158       0.779125       0.857074        6.92272       0.037047       0.474349        1.57173      0.0815805     0.00515143      0.0030341         26.664        28.0738
           3473     DRIFT_1157        3645.68        43.5971       -2.11358        11.2563       0.675984       0.886595        6.59423       0.037047       0.444828        1.63674      0.0815805     0.00756916      0.0030341        26.6671        28.0845
           3474     DRIFT_1157        3646.48        47.0452       -2.21351        10.2612       0.572844       0.916116        6.21868       0.037047       0.415307        1.70175      0.0815805     0.00998689      0.0030341        26.6699        28.0964
           3475          QGTJO        3646.48        47.0452       -2.22292        10.2612       0.574896       0.917359        6.21868      0.0373135       0.416551        1.70175      0.0819209     0.00998689      0.0030321        26.6699        28.0964
           3476     DRIFT_1158        3647.02        49.5068       -2.29178        9.67281       0.504197       0.937704        5.93452      0.0373135       0.396206        1.74642      0.0819209      0.0116401      0.0030321        26.6717        28.1051
           3477             QF        3648.13        49.5142        2.28531        9.66392       -0.49592       0.410636        5.32781     -0.0369278      -0.113625         1.7473     -0.0803481      0.0156635     0.00427882        26.6752        28.1237
           3478     DRIFT_1159        3648.27        48.9174        2.26884        9.79612      -0.512816       0.405796        5.25974     -0.0369278      -0.108786        1.73677     -0.0803481      0.0162242     0.00427882        26.6756        28.1258
           3479           SFMO        3649.02        45.5849        2.17458        10.6379      -0.609511       0.378101        4.89458     -0.0369278     -0.0810899         1.6765     -0.0803481      0.0194333     0.00427882        26.6781        28.1375
           3480     DRIFT_1160        3649.64        42.8991        2.09554        11.4556      -0.690599       0.354875        4.62038     -0.0369278      -0.057864        1.62597     -0.0803481      0.0221245     0.00427882        26.6804        28.1466
           3481     DRIFT_1160        3650.27        40.3129         2.0165        12.3753      -0.771688       0.331649        4.37539     -0.0369278     -0.0346381        1.57543     -0.0803481      0.0248157     0.00427882        26.6828         28.155
           3482    YO5_DH11_E1        3650.27        40.3129         2.0165        12.3753      -0.771688       0.331649        4.37539     -0.0369278     -0.0346381        1.57543     -0.0803481      0.0248157     0.00427882        26.6828         28.155
           3483              D        3659.71        13.4144       0.831436        38.4321       -1.98822     -0.0170448        4.20678     -0.0369477        0.31359       0.999663     -0.0416153      0.0652073     0.00427801        26.7493        28.2263
           3484    YO5_DH11_E2        3659.71        13.4144       0.831436        38.4321       -1.98822     -0.0170448        4.20678     -0.0369477        0.31359       0.999663     -0.0416153      0.0652073     0.00427801        26.7493        28.2263
           3485     DRIFT_1162        3660.51        12.1694       0.730969        41.6825       -2.09091     -0.0464867        4.49371     -0.0369477       0.343032       0.966502     -0.0416153      0.0686163     0.00427801        26.7592        28.2294
           3486     DRIFT_1162        3661.31        11.0845       0.630502        45.0967       -2.19361     -0.0759286        4.82756     -0.0369477       0.372473        0.93334     -0.0416153      0.0720252     0.00427801        26.7702        28.2324
           3487          SQSK6        3661.31        11.0729       0.631397        45.0495       -2.19287     -0.0758888        4.82503     -0.0367765       0.372279        0.93334     -0.0416009      0.0720252     0.00446468        26.7702        28.2324
           3488     DRIFT_1163        3661.85         10.422       0.562525        47.4792       -2.26317     -0.0959412        5.08033     -0.0367765       0.392331       0.910658     -0.0416009      0.0744596     0.00446468        26.7783        28.2342
           3489             QD        3662.96        10.3759      -0.519554        47.5098        2.23653       0.402071        5.64664      0.0381269       0.906518       0.911795      0.0436687      0.0754625     -0.0026735        26.7956        28.2379
           3490     DRIFT_1164        3663.09        10.5141      -0.535594        46.9258        2.21997       0.407067        5.71209      0.0381269       0.901522       0.917518      0.0436687      0.0751121     -0.0026735        26.7976        28.2383
           3491           SDPO        3663.84        11.3864      -0.627389        43.6669        2.12522       0.435663        6.06148      0.0381269       0.872927        0.95027      0.0436687       0.073107     -0.0026735        26.8085         28.241
           3492     DRIFT_1165        3664.47         12.224      -0.704369        41.0435        2.04577       0.459643        6.32142      0.0381269       0.848947       0.977735      0.0436687      0.0714255     -0.0026735         26.817        28.2433
           3493     DRIFT_1165         3665.1        13.1584      -0.781348        38.5201        1.96631       0.483623        6.55119      0.0381269       0.824967         1.0052      0.0436687       0.069744     -0.0026735        26.8249        28.2459
           3494    YO5_DH10_E1         3665.1        13.1584      -0.781348        38.5201        1.96631       0.483623        6.55119      0.0381269       0.824967         1.0052      0.0436687       0.069744     -0.0026735        26.8249        28.2459
           3495              D        3674.54        38.7909       -1.93278        12.6457       0.774044       0.843708        6.37123      0.0380798       0.464393        1.60048      0.0824288      0.0444912    -0.00267609        26.8935        28.3162
           3496    YO5_DH10_E2        3674.54        38.7909       -1.93278        12.6457       0.774044       0.843708        6.37123      0.0380798       0.464393        1.60048      0.0824288      0.0444912    -0.00267609        26.8935        28.3162
           3497     DRIFT_1167        3675.34        41.9487       -2.03006        11.4924       0.673277       0.874052         6.0448      0.0380798       0.434048        1.66616      0.0824288      0.0423588    -0.00267609        26.8966        28.3267
           3498     DRIFT_1167        3676.14        45.2615       -2.12734        10.4997       0.572509       0.904396           5.67      0.0380798       0.403704        1.73184      0.0824288      0.0402263    -0.00267609        26.8995        28.3383
           3499          SQSK6        3676.14        45.2059       -2.12338        10.4868       0.570452        0.90384        5.66652      0.0382087       0.403457        1.73184      0.0824368      0.0402263    -0.00232972        26.8995        28.3383
           3500     DRIFT_1168        3676.68        47.5577       -2.18983        9.90231       0.501539       0.924674        5.38232      0.0382087       0.382623        1.77679      0.0824368       0.038956    -0.00232972        26.9014        28.3468
           3501             QF        3677.79         47.548        2.19825        9.91842      -0.516539       0.449855        4.77381     -0.0382233     -0.0762933        1.77682     -0.0823807      0.0383312      0.0011944        26.9051         28.365
           3502     DRIFT_1169        3677.92         46.974        2.18217         10.056      -0.533277       0.444846        4.70552     -0.0382233     -0.0712841        1.76603     -0.0823807      0.0384878      0.0011944        26.9055        28.3671
           3503           SFPO        3678.67        43.7697        2.09018        10.9278       -0.62907       0.416179        4.33992     -0.0382233     -0.0426166        1.70424     -0.0823807      0.0393836      0.0011944        26.9081        28.3785
           3504     DRIFT_1170         3679.3        41.2076        2.01359         11.763      -0.708812       0.392314        4.06838     -0.0382233     -0.0187525        1.65281     -0.0823807      0.0401293      0.0011944        26.9105        28.3872
           3505     DRIFT_1170        3679.92        38.7411        1.93701        12.6979      -0.788554        0.36845        3.82663     -0.0382233     0.00511161        1.60138     -0.0823807       0.040875      0.0011944         26.913        28.3954
           3506     YO5_DH9_E1        3679.92        38.7411        1.93701        12.6979      -0.788554        0.36845        3.82663     -0.0382233     0.00511161        1.60138     -0.0823807       0.040875      0.0011944         26.913        28.3954
           3507             DS        3682.87        28.3772        1.57666        18.4605       -1.16526       0.255689        3.08729     -0.0382392         0.1177        1.37635     -0.0702094      0.0443978      0.0011944        26.9271        28.4262
           3508     YO5_DH9_E2        3682.87        28.3772        1.57666        18.4605       -1.16526       0.255689        3.08729     -0.0382392         0.1177        1.37635     -0.0702094      0.0443978      0.0011944        26.9271        28.4262
           3509     DRIFT_1172        3683.83        25.4674         1.4589        20.8119        -1.2877       0.219033        2.99015     -0.0382392       0.154356        1.30904     -0.0702094      0.0455427      0.0011944        26.9328         28.434
           3510     DRIFT_1172        3684.79        22.7832        1.34115        23.3981       -1.41013       0.182377        2.96329     -0.0382392       0.191012        1.24174     -0.0702094      0.0466877      0.0011944        26.9391        28.4409
           3511     DRIFT_1172        3685.75        20.3249         1.2234        26.2189       -1.53257       0.145721        3.00671     -0.0382392       0.227668        1.17444     -0.0702094      0.0478326      0.0011944        26.9462        28.4471
           3512     DRIFT_1172        3686.71        18.0923        1.10564        29.2745         -1.655       0.109065         3.1204     -0.0382392       0.264324        1.10714     -0.0702094      0.0489776      0.0011944        26.9542        28.4526
           3513     DRIFT_1172        3687.66        16.0854       0.987889        32.5649       -1.77744      0.0724089        3.30437     -0.0382392        0.30098        1.03983     -0.0702094      0.0501225      0.0011944        26.9631        28.4575
           3514     DRIFT_1172        3688.62        14.3043       0.870136        36.0899       -1.89987       0.035753        3.55861     -0.0382392       0.337636       0.972531     -0.0702094      0.0512675      0.0011944        26.9732         28.462
           3515     DRIFT_1172        3689.58         12.749       0.752382        39.8497       -2.02231    -0.00090295        3.88314     -0.0382392       0.374292       0.905229     -0.0702094      0.0524124      0.0011944        26.9845         28.466
           3516     DRIFT_1172        3690.54        11.4194       0.634628        43.8443       -2.14474     -0.0375589        4.27794     -0.0382392       0.410948       0.837926     -0.0702094      0.0535574      0.0011944        26.9972        28.4697
           3517     DRIFT_1172         3691.5        10.3156       0.516875        48.0735       -2.26718     -0.0742148        4.74301     -0.0382392       0.447604       0.770624     -0.0702094      0.0547023      0.0011944        27.0112         28.473
           3518           QDA6        3692.61        10.3243      -0.525006        48.2274        2.13325         0.3766        5.34709      0.0367745       0.915525       0.730658    -0.00240613      0.0532637     -0.0037646        27.0287        28.4766
           3519     DRIFT_1178        3693.15        10.9335      -0.592375        45.9353        2.07049       0.396651        5.63001      0.0367745       0.895474       0.729347    -0.00240613      0.0512111     -0.0037646        27.0369        28.4784
           3520          SQSK6        3693.15        10.9202      -0.590256        45.8793        2.06655        0.39641        5.62658      0.0369047       0.894928       0.729347    -0.00239589      0.0512111    -0.00361873        27.0369        28.4784
           3521     DRIFT_1179        3693.95        11.9393      -0.688649        42.6588          1.975       0.425817        6.00039      0.0369047        0.86552       0.727437    -0.00239589      0.0483275    -0.00361873         27.048        28.4813
           3522     DRIFT_1179        3694.75        13.1152      -0.787043        39.5842        1.88346       0.455225        6.32734      0.0369047       0.836113       0.725528    -0.00239589      0.0454439    -0.00361873        27.0581        28.4844
           3523     YO5_DH8_E1        3694.75        13.1152      -0.787043        39.5842        1.88346       0.455225        6.32734      0.0369047       0.836113       0.725528    -0.00239589      0.0454439    -0.00361873        27.0581        28.4844
           3524              D        3704.19        38.9404       -1.94711        14.2608        0.79892       0.803198         6.6313       0.036804       0.487015       0.885803      0.0363458      0.0112807    -0.00361873        27.1267        28.5494
           3525     YO5_DH8_E2        3704.19        38.9404       -1.94711        14.2608        0.79892       0.803198         6.6313       0.036804       0.487015       0.885803      0.0363458      0.0112807    -0.00361873        27.1267        28.5494
           3526     DRIFT_1180        3704.98        42.1216       -2.04515        13.0605       0.707378       0.832525        6.35598       0.036804       0.457687       0.914765      0.0363458     0.00839713    -0.00361873        27.1298        28.5587
           3527     DRIFT_1180        3705.78        45.4591       -2.14319        12.0061       0.615836       0.861853        6.03392       0.036804        0.42836       0.943727      0.0363458     0.00551354    -0.00361873        27.1327        28.5689
           3528          QGTTO        3705.78        45.4591        -2.1341        12.0061       0.613434       0.860646        6.03392      0.0365462       0.427153       0.943727      0.0361571     0.00551354    -0.00361763        27.1327        28.5689
           3529     DRIFT_1181        3706.33        47.8227       -2.20072        11.3712        0.55093       0.880573         5.7867      0.0365462       0.407226       0.963442      0.0361571     0.00354103    -0.00361763        27.1346        28.5763
           3530           QFB6        3707.44        47.9971        2.04874        11.3658      -0.545898       0.386173        5.25391     -0.0334836     -0.0746009       0.956016     -0.0494275   -0.000365321    -0.00347833        27.1382        28.5921
           3531     DRIFT_1182        3708.42        44.0908        1.94276        12.5436      -0.657663       0.353404        4.83504     -0.0334836      -0.041832       0.907644     -0.0494275     -0.0037694    -0.00347833        27.1416        28.6052
           3532     DRIFT_1182        3709.39         40.392        1.83679        13.9403      -0.769429       0.320635        4.48031     -0.0334836    -0.00906317       0.859271     -0.0494275    -0.00717349    -0.00347833        27.1453         28.617
           3533     DRIFT_1182        3710.37        36.9005        1.73082        15.5557      -0.881194       0.287866        4.18972     -0.0334836      0.0237057       0.810899     -0.0494275     -0.0105776    -0.00347833        27.1493        28.6275
           3534     DRIFT_1182        3711.35        33.6165        1.62485        17.3898      -0.992959       0.255097        3.96326     -0.0334836      0.0564745       0.762526     -0.0494275     -0.0139817    -0.00347833        27.1537         28.637
           3535     DRIFT_1182        3712.33        30.5398        1.51887        19.4427       -1.10472       0.222328        3.80095     -0.0334836      0.0892434       0.714154     -0.0494275     -0.0173857    -0.00347833        27.1586        28.6455
           3536     DRIFT_1182        3713.31        27.6706         1.4129        21.7144       -1.21649       0.189559        3.70278     -0.0334836       0.122012       0.665781     -0.0494275     -0.0207898    -0.00347833         27.164        28.6531
           3537     DRIFT_1182        3714.29        25.0089        1.30693        24.2048       -1.32826       0.156791        3.66874     -0.0334836       0.154781       0.617409     -0.0494275     -0.0241939    -0.00347833        27.1699        28.6599
           3538     DRIFT_1182        3715.27        22.5545        1.20095         26.914       -1.44002       0.124022        3.69884     -0.0334836        0.18755       0.569037     -0.0494275      -0.027598    -0.00347833        27.1765         28.666
           3539     DRIFT_1182        3716.24        20.3076        1.09498         29.842       -1.55179      0.0912529        3.79308     -0.0334836       0.220319       0.520664     -0.0494275     -0.0310021    -0.00347833        27.1837        28.6715
           3540     DRIFT_1182        3717.22        18.2681       0.989009        32.9887       -1.66355       0.058484        3.95147     -0.0334836       0.253088       0.472292     -0.0494275     -0.0344062    -0.00347833        27.1918        28.6764
           3541     DRIFT_1182         3718.2         16.436       0.883037        36.3541       -1.77532      0.0257152        4.17398     -0.0334836       0.285857       0.423919     -0.0494275     -0.0378102    -0.00347833        27.2008        28.6809
           3542     DRIFT_1182        3719.18        14.8113       0.777064        39.9384       -1.88708    -0.00705368        4.46064     -0.0334836       0.318625       0.375547     -0.0494275     -0.0412143    -0.00347833        27.2108         28.685
           3543     DRIFT_1182        3720.16        13.3941       0.671091        43.7413       -1.99885     -0.0398225        4.81144     -0.0334836       0.351394       0.327174     -0.0494275     -0.0446184    -0.00347833        27.2219        28.6887
           3544     DRIFT_1182        3721.14        12.1842       0.565119        47.7631       -2.11061     -0.0725914        5.22638     -0.0334836       0.384163       0.278802     -0.0494275     -0.0480225    -0.00347833        27.2341        28.6922
           3545           Q7O6        3722.07        12.1325       -0.50802        48.0198        1.84154       0.368151        5.66739      0.0286635       0.840845       0.243006     -0.0280649     -0.0493875    0.000560831        27.2464        28.6952
           3546     DRIFT_1186        3722.61        12.7174      -0.564573        46.0384        1.79166       0.383783        5.91666      0.0286635       0.825213         0.2277     -0.0280649     -0.0490816    0.000560831        27.2534         28.697
           3547          SQSK6        3722.61        12.7012      -0.562303        45.9795        1.78784       0.383538        5.91287      0.0287981       0.824684         0.2277     -0.0280748     -0.0490816    0.000606371        27.2534         28.697
           3548     DRIFT_1187        3723.41        13.6572        -0.6444         43.204        1.71554       0.406352        6.24429      0.0287981        0.80187       0.205458     -0.0280748     -0.0486012    0.000606371         27.263        28.6999
           3549     DRIFT_1187         3724.2        14.7432      -0.726497         40.543        1.64323       0.429167        6.53956      0.0287981       0.779055       0.183216     -0.0280748     -0.0481208    0.000606371        27.2719        28.7029
           3550     YO5_DH6_E1         3724.2        14.7432      -0.726497         40.543        1.64323       0.429167        6.53956      0.0287981       0.779055       0.183216     -0.0280748     -0.0481208    0.000606371        27.2719        28.7029
           3551             DS        3727.15        19.9275       -1.03114        31.6438        1.37405       0.514071        7.32056      0.0287742       0.693797       0.118446     -0.0158453     -0.0463324    0.000606371        27.2994         28.716
           3552     YO5_DH6_E2        3727.15        19.9275       -1.03114        31.6438        1.37405       0.514071        7.32056      0.0287742       0.693797       0.118446     -0.0158453     -0.0463324    0.000606371        27.2994         28.716
           3553     DRIFT_1188        3728.05         21.863       -1.12412        29.2495        1.29209       0.539911        7.45875      0.0287742       0.667957       0.104217     -0.0158453     -0.0457879    0.000606371        27.3062        28.7207
           3554     DRIFT_1188        3728.94        23.9654        -1.2171        27.0025        1.21013        0.56575        7.55054      0.0287742       0.642118      0.0899876     -0.0158453     -0.0452433    0.000606371        27.3125        28.7258
           3555     DRIFT_1188        3729.84        26.2348       -1.31008        24.9027        1.12817        0.59159        7.59591      0.0287742       0.616278      0.0757584     -0.0158453     -0.0446988    0.000606371        27.3182        28.7313
           3556     DRIFT_1188        3730.74        28.6713       -1.40305        22.9501        1.04622       0.617429        7.59488      0.0287742       0.590439      0.0615291     -0.0158453     -0.0441543    0.000606371        27.3234        28.7373
           3557     DRIFT_1188        3731.64        31.2747       -1.49603        21.1446       0.964257       0.643269        7.54744      0.0287742       0.564599      0.0472998     -0.0158453     -0.0436097    0.000606371        27.3282        28.7438
           3558     DRIFT_1188        3732.54        34.0451       -1.58901        19.4864       0.882299       0.669108        7.45359      0.0287742       0.538759      0.0330706     -0.0158453     -0.0430652    0.000606371        27.3326        28.7508
           3559     DRIFT_1188        3733.43        36.9825       -1.68199        17.9754       0.800341       0.694948        7.31333      0.0287742        0.51292      0.0188413     -0.0158453     -0.0425207    0.000606371        27.3366        28.7585
           3560     DRIFT_1188        3734.33        40.0869       -1.77497        16.6115       0.718382       0.720788        7.12666      0.0287742        0.48708     0.00461207     -0.0158453     -0.0419762    0.000606371        27.3403        28.7667
           3561     DRIFT_1188        3735.23        43.3583       -1.86795        15.3949       0.636424       0.746627        6.89358      0.0287742       0.461241    -0.00961719     -0.0158453     -0.0414316    0.000606371        27.3437        28.7757
           3562          QGTTO        3735.23        43.3583       -1.85927        15.3949       0.633345       0.745249        6.89358      0.0285329       0.459862    -0.00961719     -0.0158433     -0.0414316    0.000598085        27.3437        28.7757
           3563     DRIFT_1189        3735.77        45.4164       -1.91532        14.7313        0.58372       0.760806        6.72949      0.0285329       0.444304     -0.0182558     -0.0158433     -0.0411055    0.000598085        27.3457        28.7814
           3564           Q6O6        3736.88        44.6935        2.54267        15.1276      -0.953666       0.104207        6.37854     -0.0260207      -0.191502     -0.0345325      -0.013216     -0.0427002    -0.00349758        27.3495        28.7935
           3565     DRIFT_1190        3737.02        44.0299        2.52078        15.3797      -0.970208       0.100797        6.34023     -0.0260207      -0.188092     -0.0362644      -0.013216     -0.0431586    -0.00349758          27.35        28.7949
           3566          Q6OT6        3737.77        40.1889        2.59418        16.9668       -1.14849      0.0506651         6.1381     -0.0254362      -0.199594     -0.0461032     -0.0130125     -0.0458634    -0.00371745        27.3528        28.8023
           3567     DRIFT_1191        3738.58        36.0954        2.43771        18.9258       -1.25968      0.0299724        5.95135     -0.0254362      -0.178901      -0.056689     -0.0130125     -0.0488876    -0.00371745        27.3562        28.8095
           3568     DRIFT_1191        3739.39        32.2565        2.28124        21.0658       -1.37087     0.00927972        5.79826     -0.0254362      -0.158208     -0.0672748     -0.0130125     -0.0519118    -0.00371745          27.36         28.816
           3569     YO5_DH5_E1        3739.39        32.2565        2.28124        21.0658       -1.37087     0.00927972        5.79826     -0.0254362      -0.158208     -0.0672748     -0.0130125     -0.0519118    -0.00371745          27.36         28.816
           3570            D5O        3748.09        7.10893       0.608554        55.2565       -2.55979      -0.211935        6.26217     -0.0254213      0.0621628      -0.024517      0.0228425     -0.0842478    -0.00371745        27.4574         28.857
           3571     YO5_DH5_E2        3748.09        7.10893       0.608554        55.2565       -2.55979      -0.211935        6.26217     -0.0254213      0.0621628      -0.024517      0.0228425     -0.0842478    -0.00371745        27.4574         28.857
           3572     DRIFT_1193        3748.93        6.22613         0.4474        59.6321       -2.67406      -0.233188        6.50909     -0.0254213      0.0834156    -0.00542012      0.0228425     -0.0873557    -0.00371745        27.4775        28.8593
           3573     DRIFT_1193        3749.76        5.61278       0.286245        64.1988       -2.78832       -0.25444        6.79155     -0.0254213       0.104668      0.0136768      0.0228425     -0.0904635    -0.00371745           27.5        28.8615
           3574     DRIFT_1193         3750.6         5.2689        0.12509        68.9565       -2.90259      -0.275693        7.10954     -0.0254213       0.125921      0.0327737      0.0228425     -0.0935714    -0.00371745        27.5246        28.8635
           3575           Q5O6        3751.71        5.81479      -0.634703        67.8269        3.88288       0.437762        7.57834      0.0304234       0.860232      0.0604039      0.0273948     -0.0925489     0.00554301        27.5573         28.866
           3576     DRIFT_1195        3751.84        5.98529       -0.66632        66.8133        3.85182       0.441749        7.63318      0.0304234       0.856245       0.063994      0.0273948     -0.0918225     0.00554301        27.5609        28.8663
           3577          Q5OT6        3752.59        7.15914      -0.901814        60.8065        4.14179       0.528214        7.92503      0.0408527       0.889367      0.0847443      0.0279659     -0.0874048     0.00623186        27.5792        28.8682
           3578     DRIFT_1196        3753.45        8.88937        -1.1187         53.932        3.88613       0.563198        8.20434      0.0408527       0.854384       0.108692      0.0279659     -0.0820683     0.00623186        27.5963        28.8706
           3579     DRIFT_1196         3754.3        10.9911        -1.3356        47.4953        3.63046       0.598181        8.42373      0.0408527       0.819401        0.13264      0.0279659     -0.0767317     0.00623186        27.6101        28.8733
           3580     DRIFT_1196        3755.16        13.4642       -1.55249        41.4965        3.37479       0.633164        8.58321      0.0408527       0.784417       0.156588      0.0279659     -0.0713952     0.00623186        27.6213        28.8763
           3581     DRIFT_1196        3756.02        16.3088       -1.76938        35.9356        3.11913       0.668148        8.68278      0.0408527       0.749434       0.180536      0.0279659     -0.0660587     0.00623186        27.6305        28.8799
           3582     DRIFT_1196        3756.87        19.5249       -1.98627        30.8125        2.86346       0.703131        8.72243      0.0408527       0.714451       0.204484      0.0279659     -0.0607222     0.00623186        27.6381         28.884
           3583     DRIFT_1196        3757.73        23.1124       -2.20316        26.1273        2.60779       0.738114        8.70216      0.0408527       0.679467       0.228432      0.0279659     -0.0553856     0.00623186        27.6446        28.8888
           3584           Q4O6        3759.54        24.2495        1.63809        24.2259       -1.45798      -0.654907        8.58848      0.0379032      -0.720023        0.24404     -0.0111603     -0.0518414    -0.00222479        27.6562        28.9008
           3585     DRIFT_1199        3759.67        23.8259        1.61833        24.6074       -1.47476      -0.649977        8.57937      0.0379032      -0.724953       0.242589     -0.0111603     -0.0521308    -0.00222479         27.657        28.9017
           3586          Q4OT6        3760.42        21.6329        1.31218        26.7179       -1.33296       -0.54978        8.50405      0.0263228      -0.672756       0.235021    -0.00903198     -0.0536233      -0.001753        27.6623        28.9063
           3587     DRIFT_1200        3761.41        19.1597         1.1877        29.4571       -1.43578      -0.523738        8.35662      0.0263228      -0.698798       0.226085    -0.00903198     -0.0553576      -0.001753          27.67        28.9119
           3588     DRIFT_1200         3762.4        16.9328        1.06323        32.3998        -1.5386      -0.497696        8.15766      0.0263228       -0.72484        0.21715    -0.00903198     -0.0570919      -0.001753        27.6788         28.917
           3589     DRIFT_1200        3763.39        14.9521       0.938751        35.5459       -1.64142      -0.471654        7.90717      0.0263228      -0.750882       0.208214    -0.00903198     -0.0588262      -0.001753        27.6887        28.9217
           3590     DRIFT_1200        3764.38        13.2178       0.814274        38.8954       -1.74424      -0.445612        7.60516      0.0263228      -0.776924       0.199278    -0.00903198     -0.0605605      -0.001753        27.6999        28.9259
           3591     DRIFT_1200        3765.37        11.7298       0.689798        42.4485       -1.84707       -0.41957        7.25162      0.0263228      -0.802967       0.190343    -0.00903198     -0.0622948      -0.001753        27.7125        28.9298
           3592     DRIFT_1200        3766.36         10.488       0.565321        46.2049       -1.94989      -0.393528        6.84654      0.0263228      -0.829009       0.181407    -0.00903198     -0.0640291      -0.001753        27.7268        28.9333
           3593     DRIFT_1200        3767.35        9.49261       0.440844        50.1648       -2.05271      -0.367486        6.38994      0.0263228      -0.855051       0.172471    -0.00903198     -0.0657634      -0.001753        27.7426        28.9366
           3594     DRIFT_1200        3768.33        8.74347       0.316368        54.3282       -2.15553      -0.341444        5.88181      0.0263228      -0.881093       0.163536    -0.00903198     -0.0674977      -0.001753        27.7599        28.9396
           3595     DRIFT_1200        3769.32        8.24063       0.191891         58.695       -2.25835      -0.315402        5.32215      0.0263228      -0.907135         0.1546    -0.00903198      -0.069232      -0.001753        27.7785        28.9424
           3596     DRIFT_1200        3770.31        7.98409      0.0674147        63.2653       -2.36117      -0.289359        4.71097      0.0263228      -0.933177       0.145664    -0.00903198     -0.0709663      -0.001753        27.7979         28.945
           3597     DRIFT_1200         3771.3        7.97385     -0.0570619         68.039       -2.46399      -0.263317        4.04825      0.0263228      -0.959219       0.136729    -0.00903198     -0.0727006      -0.001753        27.8177        28.9474
           3598     DRIFT_1200        3772.29         8.2099      -0.181538        73.0161       -2.56681      -0.237275        3.33401      0.0263228      -0.985261       0.127793    -0.00903198     -0.0744349      -0.001753        27.8372        28.9496
           3599     DRIFT_1200        3773.28        8.69226      -0.306015        78.1967       -2.66964      -0.211233        2.56823      0.0263228        -1.0113       0.118857    -0.00903198     -0.0761692      -0.001753        27.8559        28.9517
           3600     DRIFT_1200        3774.27        9.42091      -0.430492        83.5808       -2.77246      -0.185191        1.75093      0.0263228       -1.03735       0.109922    -0.00903198     -0.0779035      -0.001753        27.8733        28.9537
           3601     DRIFT_1200        3775.26        10.3959      -0.554968        89.1683       -2.87528      -0.159149       0.882098      0.0263228       -1.06339       0.100986    -0.00903198     -0.0796378      -0.001753        27.8893        28.9555
           3602     DRIFT_1200        3776.25        11.6171      -0.679445        94.9593        -2.9781      -0.133107     -0.0382613      0.0263228       -1.08943      0.0920503    -0.00903198     -0.0813721      -0.001753        27.9036        28.9572
           3603     DRIFT_1200        3777.24        13.0847      -0.803921        100.954       -3.08092      -0.107065       -1.01015      0.0263228       -1.11547      0.0831146    -0.00903198     -0.0831065      -0.001753        27.9164        28.9588
           3604     DRIFT_1200        3778.23        14.7985      -0.928398        107.152       -3.18374     -0.0810229       -2.03357      0.0263228       -1.14151       0.074179    -0.00903198     -0.0848408      -0.001753        27.9277        28.9603
           3605     DRIFT_1200        3779.22        16.7586       -1.05287        113.553       -3.28656     -0.0549808       -3.10851      0.0263228       -1.16756      0.0652433    -0.00903198     -0.0865751      -0.001753        27.9377        28.9617
           3606     DRIFT_1200        3780.21        18.9651       -1.17735        120.158       -3.38939     -0.0289387       -4.23499      0.0263228        -1.1936      0.0563076    -0.00903198     -0.0883094      -0.001753        27.9466        28.9631
           3607     DRIFT_1200         3781.2        21.4178       -1.30183        126.966       -3.49221    -0.00289665       -5.41299      0.0263228       -1.21964       0.047372    -0.00903198     -0.0900437      -0.001753        27.9544        28.9644
           3608     DRIFT_1200        3782.19        24.1169        -1.4263        133.977       -3.59503      0.0231454       -6.64252      0.0263228       -1.24568      0.0384363    -0.00903198      -0.091778      -0.001753        27.9613        28.9656
           3609     DRIFT_1200        3783.17        27.0622       -1.55078        141.193       -3.69785      0.0491875       -7.92358      0.0263228       -1.27172      0.0295006    -0.00903198     -0.0935123      -0.001753        27.9675        28.9667
           3610     DRIFT_1200        3784.16        30.2538       -1.67526        148.611       -3.80067      0.0752296       -9.25617      0.0263228       -1.29777       0.020565    -0.00903198     -0.0952466      -0.001753         27.973        28.9678
           3611     DRIFT_1200        3785.15        33.6918       -1.79973        156.233       -3.90349       0.101272       -10.6403      0.0263228       -1.32381      0.0116293    -0.00903198     -0.0969809      -0.001753        27.9779        28.9688
           3612     DRIFT_1200        3786.14         37.376       -1.92421        164.059       -4.00631       0.127314       -12.0759      0.0263228       -1.34985     0.00269366    -0.00903198     -0.0987152      -0.001753        27.9824        28.9698
           3613     DRIFT_1200        3787.13        41.3065       -2.04869        172.087       -4.10913       0.153356       -13.5631      0.0263228       -1.37589    -0.00624201    -0.00903198      -0.100449      -0.001753        27.9864        28.9708
           3614     DRIFT_1200        3788.12        45.4834       -2.17316         180.32       -4.21196       0.179398       -15.1018      0.0263228       -1.40193     -0.0151777    -0.00903198      -0.102184      -0.001753          27.99        28.9717
           3615     DRIFT_1200        3789.11        49.9065       -2.29764        188.756       -4.31478        0.20544       -16.6921      0.0263228       -1.42798     -0.0241133    -0.00903198      -0.103918      -0.001753        27.9933        28.9725
           3616     DRIFT_1200         3790.1        54.5759       -2.42212        197.395        -4.4176       0.231482       -18.3338      0.0263228       -1.45402      -0.033049    -0.00903198      -0.105652      -0.001753        27.9963        28.9733
           3617     DRIFT_1200        3791.09        59.4916       -2.54659        206.238       -4.52042       0.257524       -20.0271      0.0263228       -1.48006     -0.0419847    -0.00903198      -0.107387      -0.001753        27.9991        28.9741
           3618     DRIFT_1200        3792.08        64.6537       -2.67107        215.284       -4.62324       0.283566       -21.7719      0.0263228        -1.5061     -0.0509203    -0.00903198      -0.109121      -0.001753        28.0016        28.9748
           3619     DRIFT_1200        3793.07         70.062       -2.79555        224.533       -4.72606       0.309608       -23.5683      0.0263228       -1.53214      -0.059856    -0.00903198      -0.110855      -0.001753         28.004        28.9756
           3620     DRIFT_1200        3794.06        75.7166       -2.92002        233.986       -4.82888        0.33565       -25.4161      0.0263228       -1.55819     -0.0687916    -0.00903198       -0.11259      -0.001753        28.0061        28.9763
           3621     DRIFT_1200        3795.05        81.6175        -3.0445        243.643       -4.93171       0.361692       -27.3156      0.0263228       -1.58423     -0.0777273    -0.00903198      -0.114324      -0.001753        28.0081        28.9769
           3622     DRIFT_1200        3796.04        87.7647       -3.16898        253.503       -5.03453       0.387734       -29.2665      0.0263228       -1.61027      -0.086663    -0.00903198      -0.116058      -0.001753          28.01        28.9775
           3623     DRIFT_1200        3797.03        94.1583       -3.29345        263.566       -5.13735       0.413777        -31.269      0.0263228       -1.63631     -0.0955986    -0.00903198      -0.117793      -0.001753        28.0117        28.9782
           3624     DRIFT_1200        3798.01        100.798       -3.41793        273.833       -5.24017       0.439819       -33.3229      0.0263228       -1.66236      -0.104534    -0.00903198      -0.119527      -0.001753        28.0133        28.9787
           3625           Q3O6        3800.12        144.608       -19.0945        231.808        23.6073       -4.05598       -37.3139      -0.575831       -5.33348      -0.137183     -0.0226791      -0.108892      0.0116741        28.0162          28.98
           3626     DRIFT_1208        3801.05        182.326       -21.4467        189.966        21.3665       -4.59171        -38.004      -0.575831       -4.79775      -0.158283     -0.0226791     -0.0980308      0.0116741        28.0171        28.9807
           3627     DRIFT_1208        3801.98        224.421       -23.7989        152.293        19.1258       -5.12745       -37.6972      -0.575831       -4.26201      -0.179383     -0.0226791     -0.0871696      0.0116741        28.0179        28.9816
           3628           Q2O6        3805.37        232.983        21.8384        114.037       -5.53384        1.10589       -32.4201     -0.0914209        2.81212      -0.193874      0.0145949     -0.0726628    -0.00266759          28.02        28.9861
           3629     DRIFT_1210        3806.21        197.809        20.1187         123.51       -5.76631        1.02925       -30.9255     -0.0914209        2.88876      -0.181639      0.0145949     -0.0748991    -0.00266759        28.0206        28.9873
           3630     DRIFT_1210        3807.04        165.519        18.3991        133.373       -5.99878       0.952607       -29.3023     -0.0914209         2.9654      -0.169404      0.0145949     -0.0771354    -0.00266759        28.0213        28.9883
           3631           Q1O6        3808.48        133.058        5.02647        134.689        5.12104       -1.32868       -26.3699      0.0392409       0.668908        -0.1581     0.00125936     -0.0763789     0.00370789        28.0229          28.99
           3632     DRIFT_1212        3809.12         126.78        4.90165        128.293        4.99323       -1.30386       -25.1225      0.0392409       0.644095      -0.157304     0.00125936     -0.0740343     0.00370789        28.0237        28.9907
           3633     DRIFT_1212        3809.75         120.66        4.77683         122.06        4.86541       -1.27905       -23.9065      0.0392409       0.619282      -0.156508     0.00125936     -0.0716897     0.00370789        28.0245        28.9915
           3634     YO5_DH0_E1        3809.75         120.66        4.77683         122.06        4.86541       -1.27905       -23.9065      0.0392409       0.619282      -0.156508     0.00125936     -0.0716897     0.00370789        28.0245        28.9915
           3635         D0PM05        3813.34        88.8922        4.07403        89.7395        4.13997       -1.13808       -17.5967      0.0393186       0.479634      -0.124716      0.0164566     -0.0583822     0.00370789          28.03         28.997
           3636     YO5_DH0_E2        3813.34        88.8922        4.07403        89.7395        4.13997       -1.13808       -17.5967      0.0393186       0.479634      -0.124716      0.0164566     -0.0583822     0.00370789          28.03         28.997
           3637     DRIFT_1214        3814.21        81.9075        3.90064        82.6425        3.96293       -1.10364         -16.21      0.0393186       0.445196      -0.110303      0.0164566     -0.0551346     0.00370789        28.0317        28.9986
           3638     DRIFT_1214        3815.09        75.2265        3.72725        75.8556        3.78589        -1.0692       -14.8836      0.0393186       0.410759     -0.0958889      0.0164566      -0.051887     0.00370789        28.0334        29.0004
           3639     DRIFT_1214        3815.97        68.8493        3.55386        69.3789        3.60884       -1.03476       -13.6175      0.0393186       0.376321     -0.0814752      0.0164566     -0.0486394     0.00370789        28.0354        29.0023
           3640     DRIFT_1214        3816.84        62.7758        3.38047        63.2122         3.4318       -1.00032       -12.4117      0.0393186       0.341883     -0.0670616      0.0164566     -0.0453918     0.00370789        28.0375        29.0044
           3641     DRIFT_1214        3817.72         57.006        3.20707        57.3557        3.25476      -0.965887       -11.2663      0.0393186       0.307446     -0.0526479      0.0164566     -0.0421442     0.00370789        28.0398        29.0067
           3642     DRIFT_1214        3818.59          51.54        3.03368        51.8094        3.07772      -0.931449       -10.1812      0.0393186       0.273008     -0.0382342      0.0164566     -0.0388966     0.00370789        28.0424        29.0093
           3643     DRIFT_1214        3819.47        46.3777        2.86029        46.5731        2.90068      -0.897012       -9.15644      0.0393186        0.23857     -0.0238205      0.0164566      -0.035649     0.00370789        28.0452        29.0121
           3644     DRIFT_1214        3820.34        41.5191         2.6869         41.647        2.72364      -0.862574       -8.19199      0.0393186       0.204133    -0.00940684      0.0164566     -0.0324014     0.00370789        28.0484        29.0153
           3645       ERDXMP05        3820.34        41.5191        2.68291         41.647        2.72765      -0.863362       -8.19199      0.0392552       0.203345    -0.00940684      0.0164557     -0.0324014       0.003711        28.0484        29.0153
           3646      G5_DHX_E1        3820.34        41.5191        2.68151         41.647        2.72905      -0.863637       -8.19199       0.039233       0.203069    -0.00940684      0.0164553     -0.0324014     0.00371209        28.0484        29.0153
           3647         DXMP05        3824.05        24.3653        1.95382         24.228        1.97849      -0.718322       -4.78122       0.039309      0.0583686      0.0165861    -0.00240635     -0.0186659     0.00371209         28.067        29.0339
           3648          TEMPD        3824.05        24.3653        1.95382         24.228        1.97849      -0.718322       -4.78122       0.039309      0.0583686      0.0165861    -0.00240635     -0.0186659     0.00371209         28.067        29.0339
           3649      G5_DHX_E2        3824.05        24.3653        1.95382         24.228        1.97849      -0.718322       -4.78122       0.039309      0.0583686      0.0165861    -0.00240635     -0.0186659     0.00371209         28.067        29.0339
           3650          DTEMP        3824.14        23.9843        1.93444        23.8422        1.95861       -0.71447       -4.70549       0.039309      0.0545163      0.0163503    -0.00240635     -0.0183021     0.00371209        28.0676        29.0345
           3651          DTEMP        3824.24         23.607        1.91507        23.4603        1.93874      -0.710617        -4.6305       0.039309       0.050664      0.0161145    -0.00240635     -0.0179383     0.00371209        28.0683        29.0352
           3652          DTEMP        3824.34        23.2336        1.89569        23.0822        1.91886      -0.706765       -4.55627       0.039309      0.0468117      0.0158787    -0.00240635     -0.0175745     0.00371209        28.0689        29.0358
           3653          DTEMP        3824.44        22.8639        1.87632        22.7081        1.89898      -0.702913        -4.4828       0.039309      0.0429594      0.0156428    -0.00240635     -0.0172107     0.00371209        28.0696        29.0365
           3654          DTEMP        3824.54         22.498        1.85694        22.3378         1.8791       -0.69906       -4.41008       0.039309      0.0391072       0.015407    -0.00240635      -0.016847     0.00371209        28.0703        29.0372
           3655          DTEMP        3824.63         22.136        1.83756        21.9715        1.85922      -0.695208       -4.33812       0.039309      0.0352549      0.0151712    -0.00240635     -0.0164832     0.00371209         28.071        29.0379
           3656          DTEMP        3824.73        21.7777        1.81819         21.609        1.83934      -0.691356       -4.26691       0.039309      0.0314026      0.0149354    -0.00240635     -0.0161194     0.00371209        28.0717        29.0386
           3657          DTEMP        3824.83        21.4233        1.79881        21.2504        1.81947      -0.687504       -4.19646       0.039309      0.0275503      0.0146996    -0.00240635     -0.0157556     0.00371209        28.0724        29.0394
           3658          DTEMP        3824.93        21.0726        1.77943        20.8958        1.79959      -0.683651       -4.12676       0.039309       0.023698      0.0144637    -0.00240635     -0.0153918     0.00371209        28.0732        29.0401
           3659          DTEMP        3825.03        20.7257        1.76006         20.545        1.77971      -0.679799       -4.05782       0.039309      0.0198457      0.0142279    -0.00240635      -0.015028     0.00371209        28.0739        29.0409
           3660          DTEMP        3825.12        20.3826        1.74068        20.1981        1.75983      -0.675947       -3.98963       0.039309      0.0159934      0.0139921    -0.00240635     -0.0146643     0.00371209        28.0747        29.0416
           3661          DTEMP        3825.22        20.0434        1.72131        19.8551        1.73995      -0.672094        -3.9222       0.039309      0.0121412      0.0137563    -0.00240635     -0.0143005     0.00371209        28.0755        29.0424
           3662          DTEMP        3825.32        19.7079        1.70193        19.5161        1.72007      -0.668242       -3.85552       0.039309     0.00828888      0.0135204    -0.00240635     -0.0139367     0.00371209        28.0762        29.0432
           3663          DTEMP        3825.42        19.3762        1.68255        19.1809         1.7002       -0.66439        -3.7896       0.039309     0.00443659      0.0132846    -0.00240635     -0.0135729     0.00371209         28.077         29.044
           3664          DTEMP        3825.52        19.0483        1.66318        18.8496        1.68032      -0.660538       -3.72443       0.039309    0.000584306      0.0130488    -0.00240635     -0.0132091     0.00371209        28.0779        29.0448
           3665          DTEMP        3825.61        18.7242         1.6438        18.5222        1.66044      -0.656685       -3.66002       0.039309    -0.00326798       0.012813    -0.00240635     -0.0128453     0.00371209        28.0787        29.0457
           3666          DTEMP        3825.71         18.404        1.62443        18.1987        1.64056      -0.652833       -3.59636       0.039309    -0.00712026      0.0125772    -0.00240635     -0.0124815     0.00371209        28.0795        29.0465
           3667          DTEMP        3825.81        18.0875        1.60505        17.8791        1.62068      -0.648981       -3.53346       0.039309     -0.0109725      0.0123413    -0.00240635     -0.0121178     0.00371209        28.0804        29.0474
           3668          DTEMP        3825.91        17.7748        1.58567        17.5634         1.6008      -0.645128       -3.47131       0.039309     -0.0148248      0.0121055    -0.00240635      -0.011754     0.00371209        28.0812        29.0483
           3669          DTEMP        3826.01        17.4659         1.5663        17.2516        1.58093      -0.641276       -3.40992       0.039309     -0.0186771      0.0118697    -0.00240635     -0.0113902     0.00371209        28.0821        29.0492
           3670          DTEMP         3826.1        17.1608        1.54692        16.9437        1.56105      -0.637424       -3.34928       0.039309     -0.0225294      0.0116339    -0.00240635     -0.0110264     0.00371209         28.083        29.0501
           3671          DTEMP         3826.2        16.8595        1.52754        16.6396        1.54117      -0.633572        -3.2894       0.039309     -0.0263817       0.011398    -0.00240635     -0.0106626     0.00371209        28.0839         29.051
           3672          DTEMP         3826.3         16.562        1.50817        16.3395        1.52129      -0.629719       -3.23027       0.039309      -0.030234      0.0111622    -0.00240635     -0.0102988     0.00371209        28.0849        29.0519
           3673          DTEMP         3826.4        16.2683        1.48879        16.0433        1.50141      -0.625867        -3.1719       0.039309     -0.0340863      0.0109264    -0.00240635    -0.00993504     0.00371209        28.0858        29.0529
           3674          DTEMP         3826.5        15.9784        1.46942         15.751        1.48153      -0.622015       -3.11429       0.039309     -0.0379385      0.0106906    -0.00240635    -0.00957126     0.00371209        28.0868        29.0539
           3675          DTEMP        3826.59        15.6923        1.45004        15.4625        1.46165      -0.618162       -3.05742       0.039309     -0.0417908      0.0104548    -0.00240635    -0.00920747     0.00371209        28.0878        29.0549
           3676          DTEMP        3826.69          15.41        1.43066         15.178        1.44178       -0.61431       -3.00132       0.039309     -0.0456431      0.0102189    -0.00240635    -0.00884369     0.00371209        28.0888        29.0559
           3677          DTEMP        3826.79        15.1315        1.41129        14.8974         1.4219      -0.610458       -2.94596       0.039309     -0.0494954     0.00998312    -0.00240635     -0.0084799     0.00371209        28.0898        29.0569
           3678          DTEMP        3826.89        14.8567        1.39191        14.6206        1.40202      -0.606606       -2.89137       0.039309     -0.0533477     0.00974729    -0.00240635    -0.00811612     0.00371209        28.0908         29.058
           3679          DTEMP        3826.99        14.5858        1.37254        14.3478        1.38214      -0.602753       -2.83753       0.039309        -0.0572     0.00951147    -0.00240635    -0.00775233     0.00371209        28.0919        29.0591
           3680          DTEMP        3827.08        14.3187        1.35316        14.0788        1.36226      -0.598901       -2.78444       0.039309     -0.0610523     0.00927565    -0.00240635    -0.00738855     0.00371209         28.093        29.0602
           3681          DTEMP        3827.18        14.0554        1.33378        13.8138        1.34238      -0.595049       -2.73211       0.039309     -0.0649045     0.00903983    -0.00240635    -0.00702476     0.00371209        28.0941        29.0613
           3682          DTEMP        3827.28        13.7959        1.31441        13.5526        1.32251      -0.591196       -2.68053       0.039309     -0.0687568     0.00880401    -0.00240635    -0.00666098     0.00371209        28.0952        29.0624
           3683          DTEMP        3827.38        13.5401        1.29503        13.2953        1.30263      -0.587344       -2.62971       0.039309     -0.0726091     0.00856819    -0.00240635    -0.00629719     0.00371209        28.0963        29.0636
           3684          DTEMP        3827.48        13.2882        1.27565         13.042        1.28275      -0.583492       -2.57964       0.039309     -0.0764614     0.00833236    -0.00240635    -0.00593341     0.00371209        28.0975        29.0648
           3685          DTEMP        3827.57        13.0401        1.25628        12.7925        1.26287       -0.57964       -2.53033       0.039309     -0.0803137     0.00809654    -0.00240635    -0.00556962     0.00371209        28.0987         29.066
           3686          DTEMP        3827.67        12.7958         1.2369        12.5469        1.24299      -0.575787       -2.48177       0.039309      -0.084166     0.00786072    -0.00240635    -0.00520584     0.00371209        28.0999        29.0672
           3687          DTEMP        3827.77        12.5552        1.21753        12.3052        1.22311      -0.571935       -2.43397       0.039309     -0.0880182      0.0076249    -0.00240635    -0.00484205     0.00371209        28.1011        29.0685
           3688          DTEMP        3827.87        12.3185        1.19815        12.0675        1.20324      -0.568083       -2.38693       0.039309     -0.0918705     0.00738908    -0.00240635    -0.00447827     0.00371209        28.1024        29.0697
           3689          DTEMP        3827.97        12.0855        1.17877        11.8336        1.18336       -0.56423       -2.34064       0.039309     -0.0957228     0.00715325    -0.00240635    -0.00411448     0.00371209        28.1037        29.0711
           3690          DTEMP        3828.06        11.8564         1.1594        11.6036        1.16348      -0.560378        -2.2951       0.039309     -0.0995751     0.00691743    -0.00240635    -0.00375069     0.00371209         28.105        29.0724
           3691          DTEMP        3828.16        11.6311        1.14002        11.3775         1.1436      -0.556526       -2.25032       0.039309      -0.103427     0.00668161    -0.00240635    -0.00338691     0.00371209        28.1063        29.0737
           3692          DTEMP        3828.26        11.4095        1.12064        11.1553        1.12372      -0.552674       -2.20629       0.039309       -0.10728     0.00644579    -0.00240635    -0.00302312     0.00371209        28.1076        29.0751
           3693          DTEMP        3828.36        11.1918        1.10127         10.937        1.10384      -0.548821       -2.16302       0.039309      -0.111132     0.00620997    -0.00240635    -0.00265934     0.00371209         28.109        29.0765
           3694          DTEMP        3828.46        10.9778        1.08189        10.7226        1.08396      -0.544969       -2.12051       0.039309      -0.114984     0.00597415    -0.00240635    -0.00229555     0.00371209        28.1104         29.078
           3695          DTEMP        3828.55        10.7677        1.06252        10.5121        1.06409      -0.541117       -2.07874       0.039309      -0.118837     0.00573832    -0.00240635    -0.00193177     0.00371209        28.1119        29.0794
           3696          DTEMP        3828.65        10.5613        1.04314        10.3055        1.04421      -0.537264       -2.03774       0.039309      -0.122689      0.0055025    -0.00240635    -0.00156798     0.00371209        28.1133        29.0809
           3697          DTEMP        3828.75        10.3588        1.02376        10.1028        1.02433      -0.533412       -1.99749       0.039309      -0.126541     0.00526668    -0.00240635     -0.0012042     0.00371209        28.1148        29.0825
           3698          DTEMP        3828.85          10.16        1.00439        9.90393        1.00445       -0.52956       -1.95799       0.039309      -0.130393     0.00503086    -0.00240635   -0.000840413     0.00371209        28.1163         29.084
           3699          DTEMP        3828.95        9.96504       0.985012        9.70901       0.984573      -0.525708       -1.91925       0.039309      -0.134246     0.00479504    -0.00240635   -0.000476628     0.00371209        28.1179        29.0856
           3700          DTEMP        3829.04        9.77387       0.965636        9.51798       0.964695      -0.521855       -1.88127       0.039309      -0.138098     0.00455921    -0.00240635   -0.000112843     0.00371209        28.1195        29.0872
           3701          DTEMP        3829.14        9.58651       0.946259        9.33085       0.944816      -0.518003       -1.84403       0.039309       -0.14195     0.00432339    -0.00240635    0.000250942     0.00371209        28.1211        29.0889
           3702          DTEMP        3829.24        9.40294       0.926883        9.14761       0.924938      -0.514151       -1.80756       0.039309      -0.145803     0.00408757    -0.00240635    0.000614728     0.00371209        28.1227        29.0906
           3703          DTEMP        3829.34        9.22317       0.907507        8.96827       0.905059      -0.510298       -1.77184       0.039309      -0.149655     0.00385175    -0.00240635    0.000978513     0.00371209        28.1244        29.0923
           3704          DTEMP        3829.44         9.0472       0.888131        8.79283       0.885181      -0.506446       -1.73687       0.039309      -0.153507     0.00361593    -0.00240635      0.0013423     0.00371209        28.1261        29.0941
           3705          DTEMP        3829.53        8.87502       0.868755        8.62128       0.865303      -0.502594       -1.70266       0.039309      -0.157359     0.00338011    -0.00240635     0.00170608     0.00371209        28.1279        29.0959
           3706          DTEMP        3829.63        8.70665       0.849378        8.45363       0.845424      -0.498742       -1.66921       0.039309      -0.161212     0.00314428    -0.00240635     0.00206987     0.00371209        28.1296        29.0977
           3707          DTEMP        3829.73        8.54207       0.830002        8.28988       0.825546      -0.494889       -1.63651       0.039309      -0.165064     0.00290846    -0.00240635     0.00243365     0.00371209        28.1314        29.0996
           3708          DTEMP        3829.83        8.38129       0.810626        8.13002       0.805667      -0.491037       -1.60456       0.039309      -0.168916     0.00267264    -0.00240635     0.00279744     0.00371209        28.1333        29.1015
           3709          DTEMP        3829.93         8.2243        0.79125        7.97406       0.785789      -0.487185       -1.57337       0.039309      -0.172769     0.00243682    -0.00240635     0.00316122     0.00371209        28.1352        29.1034
           3710          DTEMP        3830.02        8.07112       0.771874        7.82199       0.765911      -0.483332       -1.54294       0.039309      -0.176621       0.002201    -0.00240635     0.00352501     0.00371209        28.1371        29.1054
           3711          DTEMP        3830.12        7.92173       0.752498        7.67382       0.746032       -0.47948       -1.51326       0.039309      -0.180473     0.00196517    -0.00240635     0.00388879     0.00371209         28.139        29.1074
           3712          DTEMP        3830.22        7.77614       0.733121        7.52954       0.726154      -0.475628       -1.48433       0.039309      -0.184325     0.00172935    -0.00240635     0.00425258     0.00371209         28.141        29.1094
           3713          DTEMP        3830.32        7.63434       0.713745        7.38917       0.706275      -0.471776       -1.45616       0.039309      -0.188178     0.00149353    -0.00240635     0.00461636     0.00371209         28.143        29.1115
           3714          DTEMP        3830.42        7.49635       0.694369        7.25268       0.686397      -0.467923       -1.42874       0.039309       -0.19203     0.00125771    -0.00240635     0.00498015     0.00371209        28.1451        29.1136
           3715          DTEMP        3830.51        7.36215       0.674993         7.1201       0.666518      -0.464071       -1.40208       0.039309      -0.195882     0.00102189    -0.00240635     0.00534394     0.00371209        28.1472        29.1158
           3716          DTEMP        3830.61        7.23175       0.655617        6.99141        0.64664      -0.460219       -1.37618       0.039309      -0.199735    0.000786065    -0.00240635     0.00570772     0.00371209        28.1493         29.118
           3717          DTEMP        3830.71        7.10515       0.636241        6.86662       0.626762      -0.456366       -1.35103       0.039309      -0.203587    0.000550243    -0.00240635     0.00607151     0.00371209        28.1515        29.1203
           3718          DTEMP        3830.81        6.98235       0.616864        6.74572       0.606883      -0.452514       -1.32664       0.039309      -0.207439    0.000314421    -0.00240635     0.00643529     0.00371209        28.1537        29.1226
           3719          DTEMP        3830.91        6.86334       0.597488        6.62872       0.587005      -0.448662         -1.303       0.039309      -0.211291    7.85994e-05    -0.00240635     0.00679908     0.00371209         28.156        29.1249
           3720          DTEMP           3831        6.74813       0.578112        6.51561       0.567126       -0.44481       -1.28011       0.039309      -0.215144   -0.000157222    -0.00240635     0.00716286     0.00371209        28.1583        29.1273
           3721          DTEMP         3831.1        6.63672       0.558736         6.4064       0.547248      -0.440957       -1.25798       0.039309      -0.218996   -0.000393044    -0.00240635     0.00752665     0.00371209        28.1606        29.1297
           3722          DTEMP         3831.2        6.52911        0.53936        6.30109        0.52737      -0.437105       -1.23661       0.039309      -0.222848   -0.000628866    -0.00240635     0.00789043     0.00371209         28.163        29.1321
           3723          DTEMP         3831.3        6.42529       0.519984        6.19968       0.507491      -0.433253       -1.21599       0.039309      -0.226701   -0.000864688    -0.00240635     0.00825422     0.00371209        28.1654        29.1346
           3724          DTEMP         3831.4        6.32527       0.500607        6.10216       0.487613        -0.4294       -1.19612       0.039309      -0.230553    -0.00110051    -0.00240635       0.008618     0.00371209        28.1678        29.1372
           3725          DTEMP        3831.49        6.22905       0.481231        6.00853       0.467734      -0.425548       -1.17701       0.039309      -0.234405    -0.00133633    -0.00240635     0.00898179     0.00371209        28.1703        29.1398
           3726          DTEMP        3831.59        6.13663       0.461855         5.9188       0.447856      -0.421696       -1.15866       0.039309      -0.238257    -0.00157215    -0.00240635     0.00934557     0.00371209        28.1728        29.1424
           3727          DTEMP        3831.69          6.048       0.442479        5.83297       0.427978      -0.417844       -1.14106       0.039309       -0.24211    -0.00180798    -0.00240635     0.00970936     0.00371209        28.1754         29.145
           3728          DTEMP        3831.79        5.96318       0.423103        5.75104       0.408099      -0.413991       -1.12421       0.039309      -0.245962     -0.0020438    -0.00240635      0.0100731     0.00371209         28.178        29.1477
           3729          DTEMP        3831.89        5.88215       0.403727          5.673       0.388221      -0.410139       -1.10812       0.039309      -0.249814    -0.00227962    -0.00240635      0.0104369     0.00371209        28.1806        29.1505
           3730          DTEMP        3831.98        5.80492        0.38435        5.59885       0.368342      -0.406287       -1.09279       0.039309      -0.253666    -0.00251544    -0.00240635      0.0108007     0.00371209        28.1833        29.1532
           3731          DTEMP        3832.08        5.73148       0.364974        5.52861       0.348464      -0.402434       -1.07821       0.039309      -0.257519    -0.00275126    -0.00240635      0.0111645     0.00371209         28.186         29.156
           3732          DTEMP        3832.18        5.66185       0.345598        5.46226       0.328586      -0.398582       -1.06439       0.039309      -0.261371    -0.00298708    -0.00240635      0.0115283     0.00371209        28.1887        29.1589
           3733          DTEMP        3832.28        5.59601       0.326222         5.3998       0.308707       -0.39473       -1.05132       0.039309      -0.265223    -0.00322291    -0.00240635      0.0118921     0.00371209        28.1915        29.1617
           3734          DTEMP        3832.38        5.53397       0.306846        5.34124       0.288829      -0.390878         -1.039       0.039309      -0.269076    -0.00345873    -0.00240635      0.0122559     0.00371209        28.1943        29.1646
           3735          DTEMP        3832.47        5.47572       0.287469        5.28658        0.26895      -0.387025       -1.02744       0.039309      -0.272928    -0.00369455    -0.00240635      0.0126196     0.00371209        28.1971        29.1676
           3736          DTEMP        3832.57        5.42128       0.268093        5.23581       0.249072      -0.383173       -1.01664       0.039309       -0.27678    -0.00393037    -0.00240635      0.0129834     0.00371209           28.2        29.1705
           3737          DTEMP        3832.67        5.37063       0.248717        5.18894       0.229194      -0.379321       -1.00659       0.039309      -0.280632    -0.00416619    -0.00240635      0.0133472     0.00371209        28.2029        29.1735
           3738          DTEMP        3832.77        5.32378       0.229341        5.14597       0.209315      -0.375468      -0.997298       0.039309      -0.284485    -0.00440202    -0.00240635       0.013711     0.00371209        28.2058        29.1765
           3739          DTEMP        3832.87        5.28073       0.209965        5.10689       0.189437      -0.371616      -0.988759       0.039309      -0.288337    -0.00463784    -0.00240635      0.0140748     0.00371209        28.2088        29.1796
           3740          DTEMP        3832.96        5.24148       0.190589        5.07171       0.169558      -0.367764      -0.980975       0.039309      -0.292189    -0.00487366    -0.00240635      0.0144386     0.00371209        28.2117        29.1827
           3741          DTEMP        3833.06        5.20602       0.171212        5.04043        0.14968      -0.363912      -0.973946       0.039309      -0.296042    -0.00510948    -0.00240635      0.0148024     0.00371209        28.2147        29.1857
           3742          DTEMP        3833.16        5.17436       0.151836        5.01304       0.129802      -0.360059      -0.967672       0.039309      -0.299894     -0.0053453    -0.00240635      0.0151661     0.00371209        28.2177        29.1888
           3743          DTEMP        3833.26         5.1465        0.13246        4.98954       0.109923      -0.356207      -0.962154       0.039309      -0.303746    -0.00558112    -0.00240635      0.0155299     0.00371209        28.2207         29.192
           3744          DTEMP        3833.36        5.12244       0.113084        4.96995      0.0900448      -0.352355       -0.95739       0.039309      -0.307598    -0.00581695    -0.00240635      0.0158937     0.00371209        28.2238        29.1951
           3745          DTEMP        3833.45        5.10217      0.0937077        4.95425      0.0701664      -0.348502      -0.953381       0.039309      -0.311451    -0.00605277    -0.00240635      0.0162575     0.00371209        28.2268        29.1982
           3746          DTEMP        3833.55         5.0857      0.0743316        4.94244       0.050288       -0.34465      -0.950128       0.039309      -0.315303    -0.00628859    -0.00240635      0.0166213     0.00371209        28.2299        29.2014
           3747          DTEMP        3833.65        5.07303      0.0549554        4.93453      0.0304096      -0.340798      -0.947629       0.039309      -0.319155    -0.00652441    -0.00240635      0.0169851     0.00371209         28.233        29.2045
           3748          DTEMP        3833.75        5.06416      0.0355792        4.93052      0.0105312      -0.336946      -0.945886       0.039309      -0.323008    -0.00676023    -0.00240635      0.0173488     0.00371209         28.236        29.2077
           3749          DTEMP        3833.85        5.05909       0.016203         4.9304     -0.0093472      -0.333093      -0.944898       0.039309       -0.32686    -0.00699606    -0.00240635      0.0177126     0.00371209        28.2391        29.2109
